COD_DPTO,NOM_DPTO,cod_divipola,NOM_MPIO,LATITUD,LONGITUD,amenaza_mm_val,amenaza_mm
5,ANTIOQUIA,5001,MEDELLÍN,6.257590259,-75.61103107,59,MUY_ALTA
5,ANTIOQUIA,5002,ABEJORRAL,5.803728154,-75.43847353,60,MUY_ALTA
5,ANTIOQUIA,5004,ABRIAQUÍ,6.627569378,-76.08597756,56,MUY_ALTA
5,ANTIOQUIA,5021,ALEJANDRÍA,6.365534125,-75.09059702,33,ALTA
5,ANTIOQUIA,5030,AMAGÁ,6.032921994,-75.7080031,59,MUY_ALTA
5,ANTIOQUIA,5031,AMALFI,6.977788843,-74.9812393,37,ALTA
5,ANTIOQUIA,5034,ANDES,5.604993248,-75.94128391,52,MUY_ALTA
5,ANTIOQUIA,5036,ANGELÓPOLIS,6.121430303,-75.71594966,60,MUY_ALTA
5,ANTIOQUIA,5038,ANGOSTURA,6.861498764,-75.358316,37,ALTA
5,ANTIOQUIA,5040,ANORÍ,7.193110778,-75.10848954,37,ALTA
5,ANTIOQUIA,5042,SANTA FÉ DE ANTIOQUIA,6.535711576,-75.90426658,52,MUY_ALTA
5,ANTIOQUIA,5044,ANZÁ,6.293546613,-75.91736927,42,ALTA
5,ANTIOQUIA,5045,APARTADÓ,7.86047815,-76.58236264,40,ALTA
5,ANTIOQUIA,5051,ARBOLETES,8.611395262,-76.41478317,12,BAJA
5,ANTIOQUIA,5055,ARGELIA,5.708114524,-75.09469795,59,MUY_ALTA
5,ANTIOQUIA,5059,ARMENIA,6.163683758,-75.80995528,37,ALTA
5,ANTIOQUIA,5079,BARBOSA,6.443417935,-75.32924085,30,MEDIA
5,ANTIOQUIA,5086,BELMIRA,6.665853953,-75.68621659,60,MUY_ALTA
5,ANTIOQUIA,5088,BELLO,6.358841086,-75.58973588,59,MUY_ALTA
5,ANTIOQUIA,5091,BETANIA,5.727081285,-75.98689107,52,MUY_ALTA
5,ANTIOQUIA,5093,BETULIA,6.185783612,-75.95649246,42,ALTA
5,ANTIOQUIA,5101,CIUDAD BOLÍVAR,5.840995666,-76.01065253,52,MUY_ALTA
5,ANTIOQUIA,5107,BRICEÑO,7.111788462,-75.56223474,37,ALTA
5,ANTIOQUIA,5113,BURITICÁ,6.80906489,-75.91206595,52,MUY_ALTA
5,ANTIOQUIA,5120,CÁCERES,7.665155105,-75.22369744,25,MEDIA
5,ANTIOQUIA,5125,CAICEDO,6.423463639,-75.99351498,56,MUY_ALTA
5,ANTIOQUIA,5129,CALDAS,6.054446841,-75.62642674,59,MUY_ALTA
5,ANTIOQUIA,5134,CAMPAMENTO,7.036017478,-75.28766178,52,MUY_ALTA
5,ANTIOQUIA,5138,CAÑASGORDAS,6.814950023,-76.02689632,52,MUY_ALTA
5,ANTIOQUIA,5142,CARACOLÍ,6.33797388,-74.73354817,34,ALTA
5,ANTIOQUIA,5145,CARAMANTA,5.555275296,-75.63082096,24,MEDIA
5,ANTIOQUIA,5147,CAREPA,7.757967437,-76.64374657,41,ALTA
5,ANTIOQUIA,5148,EL CARMEN DE VIBORAL,5.978078841,-75.2635361,31,ALTA
5,ANTIOQUIA,5150,CAROLINA,6.754821442,-75.30590654,37,ALTA
5,ANTIOQUIA,5154,CAUCASIA,7.867941792,-75.03501824,12,BAJA
5,ANTIOQUIA,5172,CHIGORODÓ,7.631665644,-76.63964213,40,ALTA
5,ANTIOQUIA,5190,CISNEROS,6.550065431,-75.08254116,37,ALTA
5,ANTIOQUIA,5197,COCORNÁ,6.005593074,-75.16015403,31,ALTA
5,ANTIOQUIA,5206,CONCEPCIÓN,6.376106187,-75.21785901,32,ALTA
5,ANTIOQUIA,5209,CONCORDIA,6.057468678,-75.90014678,37,ALTA
5,ANTIOQUIA,5212,COPACABANA,6.351882893,-75.50075633,19,BAJA
5,ANTIOQUIA,5234,DABEIBA,6.992243782,-76.31426328,48,MUY_ALTA
5,ANTIOQUIA,5237,DONMATÍAS,6.492403905,-75.42227687,59,MUY_ALTA
5,ANTIOQUIA,5240,EBÉJICO,6.326444922,-75.78331175,60,MUY_ALTA
5,ANTIOQUIA,5250,EL BAGRE,7.704633351,-74.66427726,25,MEDIA
5,ANTIOQUIA,5264,ENTRERRÍOS,6.594656004,-75.55913083,59,MUY_ALTA
5,ANTIOQUIA,5266,ENVIGADO,6.154394922,-75.54686779,59,MUY_ALTA
5,ANTIOQUIA,5282,FREDONIA,5.887702934,-75.67926242,59,MUY_ALTA
5,ANTIOQUIA,5284,FRONTINO,6.691364773,-76.33199656,48,MUY_ALTA
5,ANTIOQUIA,5306,GIRALDO,6.663095863,-75.94804663,52,MUY_ALTA
5,ANTIOQUIA,5308,GIRARDOTA,6.379745895,-75.44795744,23,MEDIA
5,ANTIOQUIA,5310,GÓMEZ PLATA,6.709562839,-75.19270291,37,ALTA
5,ANTIOQUIA,5313,GRANADA,6.123380721,-75.12763646,31,ALTA
5,ANTIOQUIA,5315,GUADALUPE,6.861576325,-75.22591303,37,ALTA
5,ANTIOQUIA,5318,GUARNE,6.266625703,-75.43730801,23,MEDIA
5,ANTIOQUIA,5321,GUATAPÉ,6.236329826,-75.15651272,32,ALTA
5,ANTIOQUIA,5347,HELICONIA,6.214511788,-75.74971002,60,MUY_ALTA
5,ANTIOQUIA,5353,HISPANIA,5.797039002,-75.90669203,35,ALTA
5,ANTIOQUIA,5360,ITAGÜÍ,6.179279438,-75.6142037,59,MUY_ALTA
5,ANTIOQUIA,5361,ITUANGO,7.341549718,-75.67842277,37,ALTA
5,ANTIOQUIA,5364,JARDÍN,5.574444339,-75.81842575,31,ALTA
5,ANTIOQUIA,5368,JERICÓ,5.769820536,-75.76488256,24,MEDIA
5,ANTIOQUIA,5376,LA CEJA,5.992524843,-75.43086935,61,MUY_ALTA
5,ANTIOQUIA,5380,LA ESTRELLA,6.137595883,-75.64895499,60,MUY_ALTA
5,ANTIOQUIA,5390,LA PINTADA,5.746583958,-75.60220206,37,ALTA
5,ANTIOQUIA,5400,LA UNIÓN,5.940434685,-75.35429023,61,MUY_ALTA
5,ANTIOQUIA,5411,LIBORINA,6.723990935,-75.78300046,36,ALTA
5,ANTIOQUIA,5425,MACEO,6.534573585,-74.71410854,35,ALTA
5,ANTIOQUIA,5440,MARINILLA,6.18520515,-75.30487933,32,ALTA
5,ANTIOQUIA,5467,MONTEBELLO,5.916853903,-75.51972693,59,MUY_ALTA
5,ANTIOQUIA,5475,MURINDÓ,6.828773855,-76.70861349,41,ALTA
5,ANTIOQUIA,5480,MUTATÁ,7.329557848,-76.4630657,41,ALTA
5,ANTIOQUIA,5483,NARIÑO,5.581275312,-75.19457019,59,MUY_ALTA
5,ANTIOQUIA,5490,NECOCLÍ,8.493728551,-76.67699588,42,ALTA
5,ANTIOQUIA,5495,NECHÍ,7.983477394,-74.65844186,25,MEDIA
5,ANTIOQUIA,5501,OLAYA,6.611418083,-75.77567097,59,MUY_ALTA
5,ANTIOQUIA,5541,PEÑOL,6.232396368,-75.22350906,32,ALTA
5,ANTIOQUIA,5543,PEQUE,7.044180058,-75.88968843,42,ALTA
5,ANTIOQUIA,5576,PUEBLORRICO,5.80970186,-75.86076667,24,MEDIA
5,ANTIOQUIA,5579,PUERTO BERRÍO,6.481922267,-74.5287421,25,MEDIA
5,ANTIOQUIA,5585,PUERTO NARE,6.126539139,-74.70317722,34,ALTA
5,ANTIOQUIA,5591,PUERTO TRIUNFO,5.954830151,-74.6861918,25,MEDIA
5,ANTIOQUIA,5604,REMEDIOS,6.997267375,-74.55865652,34,ALTA
5,ANTIOQUIA,5607,RETIRO,6.053444254,-75.51573805,59,MUY_ALTA
5,ANTIOQUIA,5615,RIONEGRO,6.150785807,-75.41076052,32,ALTA
5,ANTIOQUIA,5628,SABANALARGA,6.901000506,-75.79222754,42,ALTA
5,ANTIOQUIA,5631,SABANETA,6.138305183,-75.60880599,59,MUY_ALTA
5,ANTIOQUIA,5642,SALGAR,5.970502334,-75.98137251,52,MUY_ALTA
5,ANTIOQUIA,5647,SAN ANDRÉS DE CUERQUÍA,6.918427233,-75.6657758,36,ALTA
5,ANTIOQUIA,5649,SAN CARLOS,6.193789659,-74.90732769,37,ALTA
5,ANTIOQUIA,5652,SAN FRANCISCO,5.840093731,-74.98176334,17,BAJA
5,ANTIOQUIA,5656,SAN JERÓNIMO,6.438300409,-75.70310727,15,BAJA
5,ANTIOQUIA,5658,SAN JOSÉ DE LA MONTAÑA,6.823258913,-75.67770826,58,MUY_ALTA
5,ANTIOQUIA,5659,SAN JUAN DE URABÁ,8.707141583,-76.53248234,11,BAJA
5,ANTIOQUIA,5660,SAN LUIS,6.024205956,-75.0076674,59,MUY_ALTA
5,ANTIOQUIA,5664,SAN PEDRO DE LOS MILAGROS,6.458666308,-75.5624839,37,ALTA
5,ANTIOQUIA,5665,SAN PEDRO DE URABÁ,8.37915695,-76.31664233,42,ALTA
5,ANTIOQUIA,5667,SAN RAFAEL,6.31074453,-74.99858652,33,ALTA
5,ANTIOQUIA,5670,SAN ROQUE,6.466165211,-74.9450732,37,ALTA
5,ANTIOQUIA,5674,SAN VICENTE FERRER,6.310387522,-75.32740163,23,MEDIA
5,ANTIOQUIA,5679,SANTA BÁRBARA,5.878984956,-75.58330371,59,MUY_ALTA
5,ANTIOQUIA,5686,SANTA ROSA DE OSOS,6.675827825,-75.43814333,36,ALTA
5,ANTIOQUIA,5690,SANTO DOMINGO,6.481044132,-75.14260097,31,ALTA
5,ANTIOQUIA,5697,EL SANTUARIO,6.124209495,-75.25212278,31,ALTA
5,ANTIOQUIA,5736,SEGOVIA,7.26692339,-74.62163926,34,ALTA
5,ANTIOQUIA,5756,SONSÓN,5.826388779,-74.83637623,25,MEDIA
5,ANTIOQUIA,5761,SOPETRÁN,6.520164552,-75.74580903,25,MEDIA
5,ANTIOQUIA,5789,TÁMESIS,5.673758571,-75.70979974,24,MEDIA
5,ANTIOQUIA,5790,TARAZÁ,7.488875998,-75.40189438,37,ALTA
5,ANTIOQUIA,5792,TARSO,5.871064557,-75.82871144,24,MEDIA
5,ANTIOQUIA,5809,TITIRIBÍ,6.058349971,-75.79966005,60,MUY_ALTA
5,ANTIOQUIA,5819,TOLEDO,7.016397069,-75.71363382,36,ALTA
5,ANTIOQUIA,5837,TURBO,8.173851745,-76.5740377,29,MEDIA
5,ANTIOQUIA,5842,URAMITA,6.913916924,-76.13318514,54,MUY_ALTA
5,ANTIOQUIA,5847,URRAO,6.33534134,-76.25906482,54,MUY_ALTA
5,ANTIOQUIA,5854,VALDIVIA,7.265404213,-75.40094502,37,ALTA
5,ANTIOQUIA,5856,VALPARAÍSO,5.651937802,-75.63083412,24,MEDIA
5,ANTIOQUIA,5858,VEGACHÍ,6.836535122,-74.7540302,25,MEDIA
5,ANTIOQUIA,5861,VENECIA,5.956576355,-75.77722423,59,MUY_ALTA
5,ANTIOQUIA,5873,VIGÍA DEL FUERTE,6.453351334,-76.69504802,40,ALTA
5,ANTIOQUIA,5885,YALÍ,6.716870679,-74.75565002,35,ALTA
5,ANTIOQUIA,5887,YARUMAL,6.9881309,-75.45439957,37,ALTA
5,ANTIOQUIA,5890,YOLOMBÓ,6.64442786,-75.02990266,13,BAJA
5,ANTIOQUIA,5893,YONDÓ,6.925159318,-74.15824041,12,BAJA
5,ANTIOQUIA,5895,ZARAGOZA,7.474004006,-74.85848326,25,MEDIA
8,ATLÁNTICO,8001,BARRANQUILLA,10.98152051,-74.82771544,8,MUY_BAJA
8,ATLÁNTICO,8078,BARANOA,10.79329302,-74.92219491,10,MUY_BAJA
8,ATLÁNTICO,8137,CAMPO DE LA CRUZ,10.38405079,-74.88466039,3,MUY_BAJA
8,ATLÁNTICO,8141,CANDELARIA,10.48902047,-74.87756627,4,MUY_BAJA
8,ATLÁNTICO,8296,GALAPA,10.89771991,-74.88708788,10,MUY_BAJA
8,ATLÁNTICO,8372,JUAN DE ACOSTA,10.82306503,-75.07841904,14,BAJA
8,ATLÁNTICO,8421,LURUACO,10.63503116,-75.15402741,14,BAJA
8,ATLÁNTICO,8433,MALAMBO,10.84828864,-74.80617555,10,MUY_BAJA
8,ATLÁNTICO,8436,MANATÍ,10.45414555,-74.98477367,10,MUY_BAJA
8,ATLÁNTICO,8520,PALMAR DE VARELA,10.69481208,-74.7701509,3,MUY_BAJA
8,ATLÁNTICO,8549,PIOJÓ,10.74078959,-75.14366034,10,MUY_BAJA
8,ATLÁNTICO,8558,POLONUEVO,10.76740141,-74.85414844,10,MUY_BAJA
8,ATLÁNTICO,8560,PONEDERA,10.59465102,-74.79847316,3,MUY_BAJA
8,ATLÁNTICO,8573,PUERTO COLOMBIA,11.0044226,-74.9074058,3,MUY_BAJA
8,ATLÁNTICO,8606,REPELÓN,10.50757051,-75.12188053,9,MUY_BAJA
8,ATLÁNTICO,8634,SABANAGRANDE,10.79894015,-74.7687966,10,MUY_BAJA
8,ATLÁNTICO,8638,SABANALARGA,10.62250777,-74.95510542,10,MUY_BAJA
8,ATLÁNTICO,8675,SANTA LUCÍA,10.35364192,-74.96541179,8,MUY_BAJA
8,ATLÁNTICO,8685,SANTO TOMÁS,10.75562656,-74.78726468,10,MUY_BAJA
8,ATLÁNTICO,8758,SOLEDAD,10.9069066,-74.7784249,8,MUY_BAJA
8,ATLÁNTICO,8770,SUAN,10.31085035,-74.90713308,3,MUY_BAJA
8,ATLÁNTICO,8832,TUBARÁ,10.90721938,-74.98423293,10,MUY_BAJA
8,ATLÁNTICO,8849,USIACURÍ,10.74052266,-74.98267413,14,BAJA
11,"BOGOTÁ, D.C.",11001,"BOGOTÁ, D.C.",4.316107698,-74.1810727,42,ALTA
13,BOLÍVAR,13001,CARTAGENA DE INDIAS,10.46343362,-75.45889915,10,MUY_BAJA
13,BOLÍVAR,13006,ACHÍ,8.622943262,-74.47805945,8,MUY_BAJA
13,BOLÍVAR,13030,ALTOS DEL ROSARIO,8.757468863,-74.19515811,25,MEDIA
13,BOLÍVAR,13042,ARENAL,8.362996158,-74.10301905,25,MEDIA
13,BOLÍVAR,13052,ARJONA,10.16422123,-75.37121788,10,MUY_BAJA
13,BOLÍVAR,13062,ARROYOHONDO,10.24171805,-75.02690422,11,BAJA
13,BOLÍVAR,13074,BARRANCO DE LOBA,8.837077654,-74.27966531,10,MUY_BAJA
13,BOLÍVAR,13140,CALAMAR,10.15517098,-74.99995949,11,BAJA
13,BOLÍVAR,13160,CANTAGALLO,7.239229146,-74.10014043,25,MEDIA
13,BOLÍVAR,13188,CICUCO,9.235268598,-74.68840962,10,MUY_BAJA
13,BOLÍVAR,13212,CÓRDOBA,9.540047515,-74.89445635,7,MUY_BAJA
13,BOLÍVAR,13222,CLEMENCIA,10.55663696,-75.31446653,10,MUY_BAJA
13,BOLÍVAR,13244,EL CARMEN DE BOLÍVAR,9.699819876,-75.15793573,4,MUY_BAJA
13,BOLÍVAR,13248,EL GUAMO,10.03483672,-74.92811072,4,MUY_BAJA
13,BOLÍVAR,13268,EL PEÑÓN,8.864818786,-73.91230147,11,BAJA
13,BOLÍVAR,13300,HATILLO DE LOBA,8.981717133,-74.09071902,10,MUY_BAJA
13,BOLÍVAR,13430,MAGANGUÉ,9.053135895,-74.70539318,10,MUY_BAJA
13,BOLÍVAR,13433,MAHATES,10.17821391,-75.17978161,10,MUY_BAJA
13,BOLÍVAR,13440,MARGARITA,9.054601889,-74.22584706,10,MUY_BAJA
13,BOLÍVAR,13442,MARÍA LA BAJA,9.976017168,-75.34380265,10,MUY_BAJA
13,BOLÍVAR,13458,MONTECRISTO,8.01710024,-74.46342911,25,MEDIA
13,BOLÍVAR,13468,SANTA CRUZ DE MOMPOX,9.142512064,-74.54519906,10,MUY_BAJA
13,BOLÍVAR,13473,MORALES,8.253700061,-73.9713459,25,MEDIA
13,BOLÍVAR,13490,NOROSÍ,8.50613476,-74.11588912,25,MEDIA
13,BOLÍVAR,13549,PINILLOS,8.886315511,-74.40888476,10,MUY_BAJA
13,BOLÍVAR,13580,REGIDOR,8.672628558,-73.91450679,25,MEDIA
13,BOLÍVAR,13600,RÍO VIEJO,8.559982465,-73.90298668,25,MEDIA
13,BOLÍVAR,13620,SAN CRISTÓBAL,10.36972087,-75.07333835,10,MUY_BAJA
13,BOLÍVAR,13647,SAN ESTANISLAO,10.36468192,-75.20523487,10,MUY_BAJA
13,BOLÍVAR,13650,SAN FERNANDO,9.081483143,-74.37186647,10,MUY_BAJA
13,BOLÍVAR,13654,SAN JACINTO,9.835362011,-75.10609201,9,MUY_BAJA
13,BOLÍVAR,13655,SAN JACINTO DEL CAUCA,8.212463202,-74.75082,12,BAJA
13,BOLÍVAR,13657,SAN JUAN NEPOMUCENO,9.967957823,-75.06571959,4,MUY_BAJA
13,BOLÍVAR,13667,SAN MARTÍN DE LOBA,8.816088444,-74.00599967,25,MEDIA
13,BOLÍVAR,13670,SAN PABLO,7.507922612,-74.10356977000001,25,MEDIA
13,BOLÍVAR,13673,SANTA CATALINA,10.64981278,-75.26548463,10,MUY_BAJA
13,BOLÍVAR,13683,SANTA ROSA,10.46920726,-75.36116053,10,MUY_BAJA
13,BOLÍVAR,13688,SANTA ROSA DEL SUR,7.772519173,-74.26272843,25,MEDIA
13,BOLÍVAR,13744,SIMITÍ,7.851315534,-73.98371609,25,MEDIA
13,BOLÍVAR,13760,SOPLAVIENTO,10.33209031,-75.11699226,10,MUY_BAJA
13,BOLÍVAR,13780,TALAIGUA NUEVO,9.269516705,-74.58695233,10,MUY_BAJA
13,BOLÍVAR,13810,TIQUISIO,8.492345176,-74.29676139,25,MEDIA
13,BOLÍVAR,13836,TURBACO,10.35310756,-75.37971541,10,MUY_BAJA
13,BOLÍVAR,13838,TURBANÁ,10.25276929,-75.43270299,10,MUY_BAJA
13,BOLÍVAR,13873,VILLANUEVA,10.4449132,-75.26736275,14,BAJA
13,BOLÍVAR,13894,ZAMBRANO,9.745147021,-74.88067037,7,MUY_BAJA
15,BOYACÁ,15001,TUNJA,5.518472615,-73.37801856,25,MEDIA
15,BOYACÁ,15022,ALMEIDA,4.954825081,-73.38813425,55,MUY_ALTA
15,BOYACÁ,15047,AQUITANIA,5.437416373,-72.87149471,54,MUY_ALTA
15,BOYACÁ,15051,ARCABUCO,5.73526424,-73.42793109,59,MUY_ALTA
15,BOYACÁ,15087,BELÉN,6.005059265,-72.89369887,42,ALTA
15,BOYACÁ,15090,BERBEO,5.230936356,-73.12731944,54,MUY_ALTA
15,BOYACÁ,15092,BETÉITIVA,5.920858933,-72.84857876,43,ALTA
15,BOYACÁ,15097,BOAVITA,6.337515626,-72.62021239,48,MUY_ALTA
15,BOYACÁ,15104,BOYACÁ,5.439856216,-73.38136994,25,MEDIA
15,BOYACÁ,15106,BRICEÑO,5.673229265,-73.92660705,52,MUY_ALTA
15,BOYACÁ,15109,BUENAVISTA,5.489399419,-73.95066255,48,MUY_ALTA
15,BOYACÁ,15114,BUSBANZÁ,5.843483731,-72.87574623,51,MUY_ALTA
15,BOYACÁ,15131,CALDAS,5.575990669,-73.88057508,34,ALTA
15,BOYACÁ,15135,CAMPOHERMOSO,5.006862536,-73.1446703,57,MUY_ALTA
15,BOYACÁ,15162,CERINZA,5.962013698,-72.96447288,34,ALTA
15,BOYACÁ,15172,CHINAVITA,5.202971639,-73.34048074,48,MUY_ALTA
15,BOYACÁ,15176,CHIQUINQUIRÁ,5.622488024,-73.80424531,34,ALTA
15,BOYACÁ,15180,CHISCAS,6.68911806,-72.41795675,37,ALTA
15,BOYACÁ,15183,CHITA,6.091468485,-72.43903174,43,ALTA
15,BOYACÁ,15185,CHITARAQUE,5.984394625,-73.42582375,52,MUY_ALTA
15,BOYACÁ,15187,CHIVATÁ,5.556830465,-73.26061715,27,MEDIA
15,BOYACÁ,15189,CIÉNEGA,5.393059633,-73.28205772,34,ALTA
15,BOYACÁ,15204,CÓMBITA,5.667822366,-73.32137049,15,BAJA
15,BOYACÁ,15212,COPER,5.452461072,-74.05996578,52,MUY_ALTA
15,BOYACÁ,15215,CORRALES,5.82454582,-72.84544845,53,MUY_ALTA
15,BOYACÁ,15218,COVARACHÍA,6.519521476,-72.74020421,35,ALTA
15,BOYACÁ,15223,CUBARÁ,6.886954878,-72.18156285,52,MUY_ALTA
15,BOYACÁ,15224,CUCAITA,5.527104109,-73.44598646,25,MEDIA
15,BOYACÁ,15226,CUÍTIVA,5.58775449,-72.93953686,51,MUY_ALTA
15,BOYACÁ,15232,CHÍQUIZA,5.643075648,-73.44562391,15,BAJA
15,BOYACÁ,15236,CHIVOR,4.871181606,-73.36142379,57,MUY_ALTA
15,BOYACÁ,15238,DUITAMA,5.890602515,-73.06709484,37,ALTA
15,BOYACÁ,15244,EL COCUY,6.353363177,-72.41923752,48,MUY_ALTA
15,BOYACÁ,15248,EL ESPINO,6.508240556,-72.48049625,48,MUY_ALTA
15,BOYACÁ,15272,FIRAVITOBA,5.67367659,-73.01983352,42,ALTA
15,BOYACÁ,15276,FLORESTA,5.85899211,-72.92499827,42,ALTA
15,BOYACÁ,15293,GACHANTIVÁ,5.744105975,-73.5426552,35,ALTA
15,BOYACÁ,15296,GÁMEZA,5.799050256,-72.72964765,53,MUY_ALTA
15,BOYACÁ,15299,GARAGOA,5.089466651,-73.31430272,54,MUY_ALTA
15,BOYACÁ,15317,GUACAMAYAS,6.445438546,-72.51635332,48,MUY_ALTA
15,BOYACÁ,15322,GUATEQUE,5.01450831,-73.48812352,43,ALTA
15,BOYACÁ,15325,GUAYATÁ,4.931424341,-73.49663372,54,MUY_ALTA
15,BOYACÁ,15332,GÜICÁN DE LA SIERRA,6.566991765,-72.25599334,48,MUY_ALTA
15,BOYACÁ,15362,IZA,5.617366016,-72.96986504,42,ALTA
15,BOYACÁ,15367,JENESANO,5.38916272,-73.40087021,34,ALTA
15,BOYACÁ,15368,JERICÓ,6.155633662,-72.58523093,43,ALTA
15,BOYACÁ,15377,LABRANZAGRANDE,5.541378132,-72.5903846,54,MUY_ALTA
15,BOYACÁ,15380,LA CAPILLA,5.113167102,-73.45923708,42,ALTA
15,BOYACÁ,15401,LA VICTORIA,5.507008121,-74.24162727,56,MUY_ALTA
15,BOYACÁ,15403,LA UVITA,6.265126191,-72.55551085,48,MUY_ALTA
15,BOYACÁ,15407,VILLA DE LEYVA,5.665762424,-73.514948,15,BAJA
15,BOYACÁ,15425,MACANAL,4.980176495,-73.29413695,55,MUY_ALTA
15,BOYACÁ,15442,MARIPÍ,5.569810633,-74.02003127,48,MUY_ALTA
15,BOYACÁ,15455,MIRAFLORES,5.150953297,-73.17896722,54,MUY_ALTA
15,BOYACÁ,15464,MONGUA,5.710937981,-72.63402875,53,MUY_ALTA
15,BOYACÁ,15466,MONGUÍ,5.697352228,-72.83298664,48,MUY_ALTA
15,BOYACÁ,15469,MONIQUIRÁ,5.863370485,-73.55852538,52,MUY_ALTA
15,BOYACÁ,15476,MOTAVITA,5.606192449,-73.37734267,25,MEDIA
15,BOYACÁ,15480,MUZO,5.539429272,-74.11177139,48,MUY_ALTA
15,BOYACÁ,15491,NOBSA,5.778759851,-72.93268324,43,ALTA
15,BOYACÁ,15494,NUEVO COLÓN,5.354701485,-73.44873424,34,ALTA
15,BOYACÁ,15500,OICATÁ,5.610787844,-73.27991905,25,MEDIA
15,BOYACÁ,15507,OTANCHE,5.753787787,-74.19719423,54,MUY_ALTA
15,BOYACÁ,15511,PACHAVITA,5.148323877,-73.39951219,48,MUY_ALTA
15,BOYACÁ,15514,PÁEZ,5.095211035,-73.00435863,54,MUY_ALTA
15,BOYACÁ,15516,PAIPA,5.762027786,-73.13777442,25,MEDIA
15,BOYACÁ,15518,PAJARITO,5.382328949,-72.69672674,57,MUY_ALTA
15,BOYACÁ,15522,PANQUEBA,6.443299758,-72.46182431,48,MUY_ALTA
15,BOYACÁ,15531,PAUNA,5.688801559,-74.00504122,52,MUY_ALTA
15,BOYACÁ,15533,PAYA,5.621242742,-72.3692906,57,MUY_ALTA
15,BOYACÁ,15537,PAZ DE RÍO,6.030008561,-72.75988018,48,MUY_ALTA
15,BOYACÁ,15542,PESCA,5.498483324,-73.07837993,43,ALTA
15,BOYACÁ,15550,PISBA,5.768131812,-72.43993232,54,MUY_ALTA
15,BOYACÁ,15572,PUERTO BOYACÁ,5.953466654,-74.4528581,29,MEDIA
15,BOYACÁ,15580,QUÍPAMA,5.595729831,-74.26857067,54,MUY_ALTA
15,BOYACÁ,15599,RAMIRIQUÍ,5.319934092,-73.310779,48,MUY_ALTA
15,BOYACÁ,15600,RÁQUIRA,5.496268621,-73.62894438,15,BAJA
15,BOYACÁ,15621,RONDÓN,5.379947879,-73.19650995,43,ALTA
15,BOYACÁ,15632,SABOYÁ,5.699926051,-73.74799466,34,ALTA
15,BOYACÁ,15638,SÁCHICA,5.573464882,-73.543102,11,BAJA
15,BOYACÁ,15646,SAMACÁ,5.47053997,-73.5211756,25,MEDIA
15,BOYACÁ,15660,SAN EDUARDO,5.234614686,-73.04914067,54,MUY_ALTA
15,BOYACÁ,15664,SAN JOSÉ DE PARE,5.994154088,-73.54386522,52,MUY_ALTA
15,BOYACÁ,15667,SAN LUIS DE GACENO,4.798203543,-73.13397018,48,MUY_ALTA
15,BOYACÁ,15673,SAN MATEO,6.395388812,-72.55184862,48,MUY_ALTA
15,BOYACÁ,15676,SAN MIGUEL DE SEMA,5.532326922,-73.74715898,15,BAJA
15,BOYACÁ,15681,SAN PABLO DE BORBUR,5.677345066,-74.11403749,48,MUY_ALTA
15,BOYACÁ,15686,SANTANA,6.057614971,-73.48974828,52,MUY_ALTA
15,BOYACÁ,15690,SANTA MARÍA,4.823002556,-73.25377506,54,MUY_ALTA
15,BOYACÁ,15693,SANTA ROSA DE VITERBO,5.892950301,-72.9917278,42,ALTA
15,BOYACÁ,15696,SANTA SOFÍA,5.731602716,-73.60366287,13,BAJA
15,BOYACÁ,15720,SATIVANORTE,6.13211793,-72.73032415,34,ALTA
15,BOYACÁ,15723,SATIVASUR,6.083405978,-72.72410815,42,ALTA
15,BOYACÁ,15740,SIACHOQUE,5.498747701,-73.21681778,42,ALTA
15,BOYACÁ,15753,SOATÁ,6.323088045,-72.69604089,42,ALTA
15,BOYACÁ,15755,SOCOTÁ,5.906513772,-72.53646361,43,ALTA
15,BOYACÁ,15757,SOCHA,5.960498836,-72.68239784,48,MUY_ALTA
15,BOYACÁ,15759,SOGAMOSO,5.646672053,-72.8709565,48,MUY_ALTA
15,BOYACÁ,15761,SOMONDOCO,4.970974064,-73.42878785,54,MUY_ALTA
15,BOYACÁ,15762,SORA,5.580573191,-73.44371838,15,BAJA
15,BOYACÁ,15763,SOTAQUIRÁ,5.763010553,-73.24352232,15,BAJA
15,BOYACÁ,15764,SORACÁ,5.494890461,-73.31899997,25,MEDIA
15,BOYACÁ,15774,SUSACÓN,6.215200578,-72.71575634,35,ALTA
15,BOYACÁ,15776,SUTAMARCHÁN,5.640030759,-73.62598773,14,BAJA
15,BOYACÁ,15778,SUTATENZA,5.030711335,-73.41224401,43,ALTA
15,BOYACÁ,15790,TASCO,5.882294313,-72.72626817,48,MUY_ALTA
15,BOYACÁ,15798,TENZA,5.071413139,-73.42479699,43,ALTA
15,BOYACÁ,15804,TIBANÁ,5.301116649,-73.3932521,48,MUY_ALTA
15,BOYACÁ,15806,TIBASOSA,5.747329389,-73.01114724,42,ALTA
15,BOYACÁ,15808,TINJACÁ,5.577566497,-73.67614572,15,BAJA
15,BOYACÁ,15810,TIPACOQUE,6.42035349,-72.69463583,25,MEDIA
15,BOYACÁ,15814,TOCA,5.580254287,-73.1606969,42,ALTA
15,BOYACÁ,15816,TOGÜÍ,5.921830062,-73.48921806,52,MUY_ALTA
15,BOYACÁ,15820,TÓPAGA,5.765350303,-72.83672958,53,MUY_ALTA
15,BOYACÁ,15822,TOTA,5.501297215,-72.99633297,51,MUY_ALTA
15,BOYACÁ,15832,TUNUNGUÁ,5.720301516,-73.94330927,52,MUY_ALTA
15,BOYACÁ,15835,TURMEQUÉ,5.305697418,-73.50908714,37,ALTA
15,BOYACÁ,15837,TUTA,5.678126998,-73.17343053,26,MEDIA
15,BOYACÁ,15839,TUTAZÁ,6.078051903,-72.85707832,34,ALTA
15,BOYACÁ,15842,ÚMBITA,5.217241368,-73.46338477,42,ALTA
15,BOYACÁ,15861,VENTAQUEMADA,5.383385481,-73.52097942,37,ALTA
15,BOYACÁ,15879,VIRACACHÁ,5.440558216,-73.26627456,42,ALTA
15,BOYACÁ,15897,ZETAQUIRA,5.285635983,-73.16763091,43,ALTA
17,CALDAS,17001,MANIZALES,5.08343301,-75.50727881,58,MUY_ALTA
17,CALDAS,17013,AGUADAS,5.616204006,-75.4554471,60,MUY_ALTA
17,CALDAS,17042,ANSERMA,5.20029922,-75.75289078,25,MEDIA
17,CALDAS,17050,ARANZAZU,5.265539969,-75.47392619,59,MUY_ALTA
17,CALDAS,17088,BELALCÁZAR,4.99467728,-75.81225989,25,MEDIA
17,CALDAS,17174,CHINCHINÁ,4.974340569,-75.65954686,13,BAJA
17,CALDAS,17272,FILADELFIA,5.285743777,-75.58978784,37,ALTA
17,CALDAS,17380,LA DORADA,5.410515691,-74.72114262,29,MEDIA
17,CALDAS,17388,LA MERCED,5.393185716,-75.55791071,59,MUY_ALTA
17,CALDAS,17433,MANZANARES,5.23295391,-75.15263447,60,MUY_ALTA
17,CALDAS,17442,MARMATO,5.492632029,-75.60209955,24,MEDIA
17,CALDAS,17444,MARQUETALIA,5.309142491,-75.04117892,37,ALTA
17,CALDAS,17446,MARULANDA,5.235585244,-75.28316648,60,MUY_ALTA
17,CALDAS,17486,NEIRA,5.183358589,-75.50692977,59,MUY_ALTA
17,CALDAS,17495,NORCASIA,5.638062349,-74.85492707,37,ALTA
17,CALDAS,17513,PÁCORA,5.500035035,-75.48245057,59,MUY_ALTA
17,CALDAS,17524,PALESTINA,5.050342543,-75.66176266,13,BAJA
17,CALDAS,17541,PENSILVANIA,5.407187836,-75.16683996,59,MUY_ALTA
17,CALDAS,17614,RIOSUCIO,5.442275418,-75.75220499,59,MUY_ALTA
17,CALDAS,17616,RISARALDA,5.097563816,-75.73335166,25,MEDIA
17,CALDAS,17653,SALAMINA,5.370332425,-75.40962177,60,MUY_ALTA
17,CALDAS,17662,SAMANÁ,5.519692873,-74.99718577,37,ALTA
17,CALDAS,17665,SAN JOSÉ,5.083424513,-75.8101789,25,MEDIA
17,CALDAS,17777,SUPÍA,5.45295802,-75.64035705,24,MEDIA
17,CALDAS,17867,VICTORIA,5.447542859,-74.83622502,27,MEDIA
17,CALDAS,17873,VILLAMARÍA,4.940211591,-75.43544014,36,ALTA
17,CALDAS,17877,VITERBO,5.047822054,-75.879297,25,MEDIA
18,CAQUETÁ,18001,FLORENCIA,1.749138704,-75.55823906,37,ALTA
18,CAQUETÁ,18029,ALBANIA,1.22786549,-75.88232651,10,MUY_BAJA
18,CAQUETÁ,18094,BELÉN DE LOS ANDAQUÍES,1.536174657,-75.90947504,25,MEDIA
18,CAQUETÁ,18150,CARTAGENA DEL CHAIRÁ,0.647693081,-74.27235499,10,MUY_BAJA
18,CAQUETÁ,18205,CURILLO,1.115379292,-75.97328452,10,MUY_BAJA
18,CAQUETÁ,18247,EL DONCELLO,1.713734697,-75.26878109,37,ALTA
18,CAQUETÁ,18256,EL PAUJÍL,1.476630016,-75.20231825,10,MUY_BAJA
18,CAQUETÁ,18410,LA MONTAÑITA,1.302860442,-75.23572732,10,MUY_BAJA
18,CAQUETÁ,18460,MILÁN,1.146692554,-75.38664764,10,MUY_BAJA
18,CAQUETÁ,18479,MORELIA,1.38299611,-75.67381123,12,BAJA
18,CAQUETÁ,18592,PUERTO RICO,2.018940891,-75.07308627,37,ALTA
18,CAQUETÁ,18610,SAN JOSÉ DEL FRAGUA,1.304702314,-76.11000594,37,ALTA
18,CAQUETÁ,18753,SAN VICENTE DEL CAGUÁN,1.308465061,-74.19746971,10,MUY_BAJA
18,CAQUETÁ,18756,SOLANO,0.096131862,-72.32036402,10,MUY_BAJA
18,CAQUETÁ,18785,SOLITA,0.943939454,-75.64668544,10,MUY_BAJA
18,CAQUETÁ,18860,VALPARAÍSO,1.07534915,-75.73779004,10,MUY_BAJA
19,CAUCA,19001,POPAYÁN,2.471704362,-76.59194419,36,ALTA
19,CAUCA,19022,ALMAGUER,1.912440521,-76.83494519,25,MEDIA
19,CAUCA,19050,ARGELIA,2.329337283,-77.26314906,37,ALTA
19,CAUCA,19075,BALBOA,2.084732945,-77.2088133,59,MUY_ALTA
19,CAUCA,19100,BOLÍVAR,1.853951938,-76.96337454,35,ALTA
19,CAUCA,19110,BUENOS AIRES,2.988923885,-76.62158951,16,BAJA
19,CAUCA,19130,CAJIBÍO,2.643209848,-76.70138914,13,BAJA
19,CAUCA,19137,CALDONO,2.803845691,-76.42719377,35,ALTA
19,CAUCA,19142,CALOTO,3.062875557,-76.32127977,25,MEDIA
19,CAUCA,19212,CORINTO,3.136753606,-76.20964569,35,ALTA
19,CAUCA,19256,EL TAMBO,2.534488312,-77.00511207,59,MUY_ALTA
19,CAUCA,19290,FLORENCIA,1.69453474,-77.08735723,25,MEDIA
19,CAUCA,19300,GUACHENÉ,3.144389993,-76.39234811,25,MEDIA
19,CAUCA,19318,GUAPI,2.41326696,-77.69047531,27,MEDIA
19,CAUCA,19355,INZÁ,2.499058783,-76.13762531,25,MEDIA
19,CAUCA,19364,JAMBALÓ,2.84981013,-76.31124919,35,ALTA
19,CAUCA,19392,LA SIERRA,2.187473572,-76.78228032,36,ALTA
19,CAUCA,19397,LA VEGA,2.053933426,-76.7588062,36,ALTA
19,CAUCA,19418,LÓPEZ DE MICAY,2.95819877,-77.24212158,13,BAJA
19,CAUCA,19450,MERCADERES,1.793825164,-77.18060381,25,MEDIA
19,CAUCA,19455,MIRANDA,3.228235212,-76.21670827,36,ALTA
19,CAUCA,19473,MORALES,2.773663981,-76.74605152,59,MUY_ALTA
19,CAUCA,19513,PADILLA,3.194730618,-76.3362418,25,MEDIA
19,CAUCA,19517,PÁEZ,2.733887702,-75.99368264,25,MEDIA
19,CAUCA,19532,PATÍA,2.157983906,-77.0465762,25,MEDIA
19,CAUCA,19533,PIAMONTE,1.054128816,-76.4443271,15,BAJA
19,CAUCA,19548,PIENDAMÓ - TUNÍA,2.702420026,-76.53770455,58,MUY_ALTA
19,CAUCA,19573,PUERTO TEJADA,3.266724205,-76.41846353,12,BAJA
19,CAUCA,19585,PURACÉ,2.262153618,-76.44826938,15,BAJA
19,CAUCA,19622,ROSAS,2.260421954,-76.74582033,36,ALTA
19,CAUCA,19693,SAN SEBASTIÁN,1.856261815,-76.71652424,13,BAJA
19,CAUCA,19698,SANTANDER DE QUILICHAO,2.984467338,-76.49873145,25,MEDIA
19,CAUCA,19701,SANTA ROSA,1.52002179,-76.53876281,37,ALTA
19,CAUCA,19743,SILVIA,2.651291894,-76.35057356,13,BAJA
19,CAUCA,19760,SOTARÁ PAISPAMBA,2.231820541,-76.61146633,36,ALTA
19,CAUCA,19780,SUÁREZ,2.936865997,-76.7458243,59,MUY_ALTA
19,CAUCA,19785,SUCRE,2.057735184,-76.90993965,36,ALTA
19,CAUCA,19807,TIMBÍO,2.369625312,-76.71051932,36,ALTA
19,CAUCA,19809,TIMBIQUÍ,2.699475127,-77.49131577,25,MEDIA
19,CAUCA,19821,TORIBÍO,2.975771999,-76.20331566,35,ALTA
19,CAUCA,19824,TOTORÓ,2.475213085,-76.39675937,13,BAJA
19,CAUCA,19845,VILLA RICA,3.180627317,-76.46445558,7,MUY_BAJA
20,CESAR,20001,VALLEDUPAR,10.21890277,-73.45784764,14,BAJA
20,CESAR,20011,AGUACHICA,8.248735219,-73.6227405,4,MUY_BAJA
20,CESAR,20013,AGUSTÍN CODAZZI,9.949215908,-73.22358244,25,MEDIA
20,CESAR,20032,ASTREA,9.510727925,-73.94214641,14,BAJA
20,CESAR,20045,BECERRIL,9.727732939,-73.25250522,25,MEDIA
20,CESAR,20060,BOSCONIA,9.946391309,-73.86628815,14,BAJA
20,CESAR,20175,CHIMICHAGUA,9.27797765,-73.84697903,14,BAJA
20,CESAR,20178,CHIRIGUANÁ,9.426648354,-73.54797894,4,MUY_BAJA
20,CESAR,20228,CURUMANÍ,9.238771332,-73.48810861,25,MEDIA
20,CESAR,20238,EL COPEY,10.19995356,-73.91282064,14,BAJA
20,CESAR,20250,EL PASO,9.683474681,-73.73833778,10,MUY_BAJA
20,CESAR,20295,GAMARRA,8.337726622,-73.70649199,4,MUY_BAJA
20,CESAR,20310,GONZÁLEZ,8.405516522,-73.37537309,25,MEDIA
20,CESAR,20383,LA GLORIA,8.588002247,-73.61602384,25,MEDIA
20,CESAR,20400,LA JAGUA DE IBIRICO,9.52099808,-73.32249338,25,MEDIA
20,CESAR,20443,MANAURE BALCÓN DEL CESAR,10.38027852,-73.00706275,25,MEDIA
20,CESAR,20517,PAILITAS,8.938916143,-73.57247213,34,ALTA
20,CESAR,20550,PELAYA,8.764116734,-73.63295546,25,MEDIA
20,CESAR,20570,PUEBLO BELLO,10.41736874,-73.61450632,19,BAJA
20,CESAR,20614,RÍO DE ORO,8.201070245,-73.48750127,25,MEDIA
20,CESAR,20621,LA PAZ,10.24440562,-73.07824569,25,MEDIA
20,CESAR,20710,SAN ALBERTO,7.769815987,-73.47218888,4,MUY_BAJA
20,CESAR,20750,SAN DIEGO,10.16952712,-73.2879827,12,BAJA
20,CESAR,20770,SAN MARTÍN,7.937788454,-73.54436312,4,MUY_BAJA
20,CESAR,20787,TAMALAMEQUE,8.902075012,-73.7633962,12,BAJA
23,CÓRDOBA,23001,MONTERÍA,8.584698016,-75.95055079,10,MUY_BAJA
23,CÓRDOBA,23068,AYAPEL,8.265768688,-75.04868436,4,MUY_BAJA
23,CÓRDOBA,23079,BUENAVISTA,8.191397953,-75.43382532,4,MUY_BAJA
23,CÓRDOBA,23090,CANALETE,8.7240958,-76.23779081,10,MUY_BAJA
23,CÓRDOBA,23162,CERETÉ,8.895667051,-75.87842391,10,MUY_BAJA
23,CÓRDOBA,23168,CHIMÁ,9.11024941,-75.65237351,10,MUY_BAJA
23,CÓRDOBA,23182,CHINÚ,9.053287104,-75.37387363,4,MUY_BAJA
23,CÓRDOBA,23189,CIÉNAGA DE ORO,8.841811894,-75.60779829,10,MUY_BAJA
23,CÓRDOBA,23300,COTORRA,9.071460219,-75.75459276,8,MUY_BAJA
23,CÓRDOBA,23350,LA APARTADA,8.052218422,-75.28816022,12,BAJA
23,CÓRDOBA,23417,LORICA,9.165034998,-75.90978124,14,BAJA
23,CÓRDOBA,23419,LOS CÓRDOBAS,8.823307063,-76.3430552,10,MUY_BAJA
23,CÓRDOBA,23464,MOMIL,9.265461621,-75.65090876,10,MUY_BAJA
23,CÓRDOBA,23466,MONTELÍBANO,7.866432635,-75.87533926,25,MEDIA
23,CÓRDOBA,23500,MOÑITOS,9.190515343,-76.11931709,10,MUY_BAJA
23,CÓRDOBA,23555,PLANETA RICA,8.181108488,-75.68923803,11,BAJA
23,CÓRDOBA,23570,PUEBLO NUEVO,8.481339568,-75.40516154,4,MUY_BAJA
23,CÓRDOBA,23574,PUERTO ESCONDIDO,8.988667731,-76.19405912,10,MUY_BAJA
23,CÓRDOBA,23580,PUERTO LIBERTADOR,7.711515736,-75.77123224,34,ALTA
23,CÓRDOBA,23586,PURÍSIMA DE LA CONCEPCIÓN,9.282386127,-75.72129392,10,MUY_BAJA
23,CÓRDOBA,23660,SAHAGÚN,8.799007016,-75.42925664,4,MUY_BAJA
23,CÓRDOBA,23670,SAN ANDRÉS DE SOTAVENTO,9.121296353,-75.52091711,10,MUY_BAJA
23,CÓRDOBA,23672,SAN ANTERO,9.359667489,-75.78700252,10,MUY_BAJA
23,CÓRDOBA,23675,SAN BERNARDO DEL VIENTO,9.330098329,-75.97623858,10,MUY_BAJA
23,CÓRDOBA,23678,SAN CARLOS,8.706464263,-75.69251825,14,BAJA
23,CÓRDOBA,23682,SAN JOSÉ DE URÉ,7.753054395,-75.5672474,13,BAJA
23,CÓRDOBA,23686,SAN PELAYO,8.987777392,-75.90958771,10,MUY_BAJA
23,CÓRDOBA,23807,TIERRALTA,7.813896829,-76.16846678,27,MEDIA
23,CÓRDOBA,23815,TUCHÍN,9.224630803,-75.54410593,10,MUY_BAJA
23,CÓRDOBA,23855,VALENCIA,8.219904128,-76.2213286,42,ALTA
25,CUNDINAMARCA,25001,AGUA DE DIOS,4.372744676,-74.67111051,34,ALTA
25,CUNDINAMARCA,25019,ALBÁN,4.891121638,-74.44278432,48,MUY_ALTA
25,CUNDINAMARCA,25035,ANAPOIMA,4.559962881,-74.5256953,43,ALTA
25,CUNDINAMARCA,25040,ANOLAIMA,4.789313614,-74.46194256,48,MUY_ALTA
25,CUNDINAMARCA,25053,ARBELÁEZ,4.232786985,-74.39576291,35,ALTA
25,CUNDINAMARCA,25086,BELTRÁN,4.791721105,-74.71491399,43,ALTA
25,CUNDINAMARCA,25095,BITUIMA,4.847821091,-74.52862766,48,MUY_ALTA
25,CUNDINAMARCA,25099,BOJACÁ,4.705576252,-74.3354077,37,ALTA
25,CUNDINAMARCA,25120,CABRERA,3.91861924,-74.44615606,35,ALTA
25,CUNDINAMARCA,25123,CACHIPAY,4.723063341,-74.45919528,43,ALTA
25,CUNDINAMARCA,25126,CAJICÁ,4.930402779,-74.02985115,14,BAJA
25,CUNDINAMARCA,25148,CAPARRAPÍ,5.381501399,-74.52123595,48,MUY_ALTA
25,CUNDINAMARCA,25151,CÁQUEZA,4.402259457,-73.94482435,54,MUY_ALTA
25,CUNDINAMARCA,25154,CARMEN DE CARUPA,5.338856556,-73.92614817,37,ALTA
25,CUNDINAMARCA,25168,CHAGUANÍ,4.95425175,-74.63090139,48,MUY_ALTA
25,CUNDINAMARCA,25175,CHÍA,4.857823671,-74.03809539,15,BAJA
25,CUNDINAMARCA,25178,CHIPAQUE,4.463746629,-74.04605246,48,MUY_ALTA
25,CUNDINAMARCA,25181,CHOACHÍ,4.578183896,-73.95290054,34,ALTA
25,CUNDINAMARCA,25183,CHOCONTÁ,5.118419271,-73.68068583,25,MEDIA
25,CUNDINAMARCA,25200,COGUA,5.103127532,-73.97536559,19,BAJA
25,CUNDINAMARCA,25214,COTA,4.76754674,-74.1415583,14,BAJA
25,CUNDINAMARCA,25224,CUCUNUBÁ,5.230308105,-73.78001885,13,BAJA
25,CUNDINAMARCA,25245,EL COLEGIO,4.556947085,-74.42658478,42,ALTA
25,CUNDINAMARCA,25258,EL PEÑÓN,5.261728244,-74.30830564,48,MUY_ALTA
25,CUNDINAMARCA,25260,EL ROSAL,4.879723016,-74.23802273,37,ALTA
25,CUNDINAMARCA,25269,FACATATIVÁ,4.834052334,-74.3380229,48,MUY_ALTA
25,CUNDINAMARCA,25279,FÓMEQUE,4.528568462,-73.79705267,54,MUY_ALTA
25,CUNDINAMARCA,25281,FOSCA,4.316280072,-73.95286784,55,MUY_ALTA
25,CUNDINAMARCA,25286,FUNZA,4.743996711,-74.19865992,14,BAJA
25,CUNDINAMARCA,25288,FÚQUENE,5.416288902,-73.77059829,12,BAJA
25,CUNDINAMARCA,25290,FUSAGASUGÁ,4.323534028,-74.38859114,37,ALTA
25,CUNDINAMARCA,25293,GACHALÁ,4.65495513,-73.51055381,55,MUY_ALTA
25,CUNDINAMARCA,25295,GACHANCIPÁ,5.01001953,-73.87671759,14,BAJA
25,CUNDINAMARCA,25297,GACHETÁ,4.867551134,-73.61773287,56,MUY_ALTA
25,CUNDINAMARCA,25299,GAMA,4.723573464,-73.60054441,55,MUY_ALTA
25,CUNDINAMARCA,25307,GIRARDOT,4.338154518,-74.81143922,25,MEDIA
25,CUNDINAMARCA,25312,GRANADA,4.523484884,-74.33724619,37,ALTA
25,CUNDINAMARCA,25317,GUACHETÁ,5.387291542,-73.69328234,15,BAJA
25,CUNDINAMARCA,25320,GUADUAS,5.173554764,-74.64014651,42,ALTA
25,CUNDINAMARCA,25322,GUASCA,4.801276832,-73.84643485,59,MUY_ALTA
25,CUNDINAMARCA,25324,GUATAQUÍ,4.516381655,-74.78257788,42,ALTA
25,CUNDINAMARCA,25326,GUATAVITA,4.91158717,-73.78648564,59,MUY_ALTA
25,CUNDINAMARCA,25328,GUAYABAL DE SÍQUIMA,4.866310254,-74.4767709,48,MUY_ALTA
25,CUNDINAMARCA,25335,GUAYABETAL,4.231875945,-73.83543981,55,MUY_ALTA
25,CUNDINAMARCA,25339,GUTIÉRREZ,4.166089563,-74.0246527,55,MUY_ALTA
25,CUNDINAMARCA,25368,JERUSALÉN,4.571350254,-74.68915854,42,ALTA
25,CUNDINAMARCA,25372,JUNÍN,4.705170789,-73.69247873,54,MUY_ALTA
25,CUNDINAMARCA,25377,LA CALERA,4.700785443,-73.92939921,48,MUY_ALTA
25,CUNDINAMARCA,25386,LA MESA,4.650773167,-74.47321717,43,ALTA
25,CUNDINAMARCA,25394,LA PALMA,5.333400646,-74.40807863,48,MUY_ALTA
25,CUNDINAMARCA,25398,LA PEÑA,5.20459882,-74.40786611,48,MUY_ALTA
25,CUNDINAMARCA,25402,LA VEGA,4.978619842,-74.33936061,58,MUY_ALTA
25,CUNDINAMARCA,25407,LENGUAZAQUE,5.303637171,-73.68153228,13,BAJA
25,CUNDINAMARCA,25426,MACHETÁ,5.040349198,-73.61738241,48,MUY_ALTA
25,CUNDINAMARCA,25430,MADRID,4.75156751,-74.2896305,11,BAJA
25,CUNDINAMARCA,25436,MANTA,4.976881151,-73.56313741,52,MUY_ALTA
25,CUNDINAMARCA,25438,MEDINA,4.484437919,-73.40598487,54,MUY_ALTA
25,CUNDINAMARCA,25473,MOSQUERA,4.672714223,-74.23573194,11,BAJA
25,CUNDINAMARCA,25483,NARIÑO,4.407952015,-74.80565317,25,MEDIA
25,CUNDINAMARCA,25486,NEMOCÓN,5.093705358,-73.88380238,14,BAJA
25,CUNDINAMARCA,25488,NILO,4.294780933,-74.614695,34,ALTA
25,CUNDINAMARCA,25489,NIMAIMA,5.121445325,-74.39737048,48,MUY_ALTA
25,CUNDINAMARCA,25491,NOCAIMA,5.066110761,-74.38975476,48,MUY_ALTA
25,CUNDINAMARCA,25506,VENECIA,4.063342074,-74.45259796,35,ALTA
25,CUNDINAMARCA,25513,PACHO,5.168367634,-74.16336544,37,ALTA
25,CUNDINAMARCA,25518,PAIME,5.387647345,-74.16395696,52,MUY_ALTA
25,CUNDINAMARCA,25524,PANDI,4.180497268,-74.4711213,35,ALTA
25,CUNDINAMARCA,25530,PARATEBUENO,4.368158959,-73.2416614,40,ALTA
25,CUNDINAMARCA,25535,PASCA,4.293733611,-74.27396924,35,ALTA
25,CUNDINAMARCA,25572,PUERTO SALGAR,5.619752748,-74.5801923,42,ALTA
25,CUNDINAMARCA,25580,PULÍ,4.691336253,-74.68074404,43,ALTA
25,CUNDINAMARCA,25592,QUEBRADANEGRA,5.09998103,-74.4945107,48,MUY_ALTA
25,CUNDINAMARCA,25594,QUETAME,4.334589044,-73.85264561,54,MUY_ALTA
25,CUNDINAMARCA,25596,QUIPILE,4.726907976,-74.55359926,48,MUY_ALTA
25,CUNDINAMARCA,25599,APULO,4.537711619,-74.59124656,43,ALTA
25,CUNDINAMARCA,25612,RICAURTE,4.307363489,-74.72943403,34,ALTA
25,CUNDINAMARCA,25645,SAN ANTONIO DEL TEQUENDAMA,4.599741357,-74.34490342,37,ALTA
25,CUNDINAMARCA,25649,SAN BERNARDO,4.140958464,-74.35397692,35,ALTA
25,CUNDINAMARCA,25653,SAN CAYETANO,5.314600423,-74.07232077,52,MUY_ALTA
25,CUNDINAMARCA,25658,SAN FRANCISCO,4.964100703,-74.27217129,37,ALTA
25,CUNDINAMARCA,25662,SAN JUAN DE RIOSECO,4.814537831,-74.61525985,48,MUY_ALTA
25,CUNDINAMARCA,25718,SASAIMA,4.946805263,-74.41230921,48,MUY_ALTA
25,CUNDINAMARCA,25736,SESQUILÉ,5.000633875,-73.77206544,37,ALTA
25,CUNDINAMARCA,25740,SIBATÉ,4.465970004,-74.26328963,37,ALTA
25,CUNDINAMARCA,25743,SILVANIA,4.436967141,-74.37050903,37,ALTA
25,CUNDINAMARCA,25745,SIMIJACA,5.509773128,-73.84519164,34,ALTA
25,CUNDINAMARCA,25754,SOACHA,4.581866267,-74.24029696,13,BAJA
25,CUNDINAMARCA,25758,SOPÓ,4.888060112,-73.96587528,15,BAJA
25,CUNDINAMARCA,25769,SUBACHOQUE,4.970358034,-74.15689923,37,ALTA
25,CUNDINAMARCA,25772,SUESCA,5.122728461,-73.82427313,14,BAJA
25,CUNDINAMARCA,25777,SUPATÁ,5.061692703,-74.23138328,58,MUY_ALTA
25,CUNDINAMARCA,25779,SUSA,5.440092358,-73.82392529,25,MEDIA
25,CUNDINAMARCA,25781,SUTATAUSA,5.242909347,-73.85540343,13,BAJA
25,CUNDINAMARCA,25785,TABIO,4.951520046,-74.08449648,15,BAJA
25,CUNDINAMARCA,25793,TAUSA,5.170527212,-73.95819594,19,BAJA
25,CUNDINAMARCA,25797,TENA,4.666608192,-74.36764956,37,ALTA
25,CUNDINAMARCA,25799,TENJO,4.838548601,-74.14680287,14,BAJA
25,CUNDINAMARCA,25805,TIBACUY,4.321357899,-74.48667274,35,ALTA
25,CUNDINAMARCA,25807,TIBIRITA,5.084102682,-73.51362546,42,ALTA
25,CUNDINAMARCA,25815,TOCAIMA,4.452072974,-74.64864406,42,ALTA
25,CUNDINAMARCA,25817,TOCANCIPÁ,4.968852913,-73.92887021,14,BAJA
25,CUNDINAMARCA,25823,TOPAIPÍ,5.355688386,-74.28963994,48,MUY_ALTA
25,CUNDINAMARCA,25839,UBALÁ,4.803805182,-73.47654604,55,MUY_ALTA
25,CUNDINAMARCA,25841,UBAQUE,4.500754182,-73.97564545,37,ALTA
25,CUNDINAMARCA,25843,VILLA DE SAN DIEGO DE UBATÉ,5.316080652,-73.82010566,13,BAJA
25,CUNDINAMARCA,25845,UNE,4.244611163,-74.11187304,43,ALTA
25,CUNDINAMARCA,25851,ÚTICA,5.192795708,-74.47780003,43,ALTA
25,CUNDINAMARCA,25862,VERGARA,5.131267542,-74.30979229,58,MUY_ALTA
25,CUNDINAMARCA,25867,VIANÍ,4.914040619,-74.54936655,48,MUY_ALTA
25,CUNDINAMARCA,25871,VILLAGÓMEZ,5.270694636,-74.19074375,58,MUY_ALTA
25,CUNDINAMARCA,25873,VILLAPINZÓN,5.227298709,-73.57725921,34,ALTA
25,CUNDINAMARCA,25875,VILLETA,5.011670402,-74.48764746,48,MUY_ALTA
25,CUNDINAMARCA,25878,VIOTÁ,4.436054105,-74.48543339,37,ALTA
25,CUNDINAMARCA,25885,YACOPÍ,5.591910157,-74.36480865,54,MUY_ALTA
25,CUNDINAMARCA,25898,ZIPACÓN,4.75432173,-74.38673444,48,MUY_ALTA
25,CUNDINAMARCA,25899,ZIPAQUIRÁ,5.06631685,-74.04960323,37,ALTA
27,CHOCÓ,27001,QUIBDÓ,5.7543229,-76.65015147,42,ALTA
27,CHOCÓ,27006,ACANDÍ,8.383938499,-77.26560256,41,ALTA
27,CHOCÓ,27025,ALTO BAUDÓ,5.636740989,-77.0842154,42,ALTA
27,CHOCÓ,27050,ATRATO,5.525825084,-76.65064357,42,ALTA
27,CHOCÓ,27073,BAGADÓ,5.503119772,-76.19796907,48,MUY_ALTA
27,CHOCÓ,27075,BAHÍA SOLANO,6.162762775,-77.41653534,42,ALTA
27,CHOCÓ,27077,BAJO BAUDÓ,4.492865435,-77.08271352,25,MEDIA
27,CHOCÓ,27099,BOJAYÁ,6.474666885,-77.09933025,27,MEDIA
27,CHOCÓ,27135,EL CANTÓN DEL SAN PABLO,5.359661967,-76.77255624,29,MEDIA
27,CHOCÓ,27150,CARMEN DEL DARIÉN,7.033646541,-76.97423016,40,ALTA
27,CHOCÓ,27160,CÉRTEGUI,5.389828229,-76.52264237,42,ALTA
27,CHOCÓ,27205,CONDOTO,5.070586101,-76.50701751,42,ALTA
27,CHOCÓ,27245,EL CARMEN DE ATRATO,5.810938364,-76.19189442,54,MUY_ALTA
27,CHOCÓ,27250,EL LITORAL DEL SAN JUAN,4.272940191,-76.98785828,11,BAJA
27,CHOCÓ,27361,ISTMINA,4.586818665,-77.00090737,25,MEDIA
27,CHOCÓ,27372,JURADÓ,7.103338868,-77.67973662,42,ALTA
27,CHOCÓ,27413,LLORÓ,5.585101179,-76.38544449,43,ALTA
27,CHOCÓ,27425,MEDIO ATRATO,6.033880098,-76.6734697,42,ALTA
27,CHOCÓ,27430,MEDIO BAUDÓ,5.110392243,-76.99593075,42,ALTA
27,CHOCÓ,27450,MEDIO SAN JUAN,4.621182739,-76.80861843,11,BAJA
27,CHOCÓ,27491,NÓVITA,4.853386627,-76.61823669,13,BAJA
27,CHOCÓ,27495,NUQUÍ,5.591359844,-77.33057439,42,ALTA
27,CHOCÓ,27580,RÍO IRÓ,5.190995015,-76.41996151,42,ALTA
27,CHOCÓ,27600,RÍO QUITO,5.567533337,-76.81157084,29,MEDIA
27,CHOCÓ,27615,RIOSUCIO,7.389887937,-77.24067483,41,ALTA
27,CHOCÓ,27660,SAN JOSÉ DEL PALMAR,4.958741345,-76.28002361,37,ALTA
27,CHOCÓ,27745,SIPÍ,4.594415157,-76.54194459,37,ALTA
27,CHOCÓ,27787,TADÓ,5.26610158,-76.33109547,42,ALTA
27,CHOCÓ,27800,UNGUÍA,8.117281079,-77.10372723,41,ALTA
27,CHOCÓ,27810,UNIÓN PANAMERICANA,5.281599258,-76.61962746,29,MEDIA
41,HUILA,41001,NEIVA,2.993360046,-75.27236232,12,BAJA
41,HUILA,41006,ACEVEDO,1.709114446,-75.99664184,52,MUY_ALTA
41,HUILA,41013,AGRADO,2.26975042,-75.71632236,42,ALTA
41,HUILA,41016,AIPE,3.243441923,-75.27670655,34,ALTA
41,HUILA,41020,ALGECIRAS,2.49785068,-75.29134946,42,ALTA
41,HUILA,41026,ALTAMIRA,2.07922808,-75.76858288,42,ALTA
41,HUILA,41078,BARAYA,3.135423634,-74.95797796,42,ALTA
41,HUILA,41132,CAMPOALEGRE,2.658666675,-75.32943803,42,ALTA
41,HUILA,41206,COLOMBIA,3.262763564,-74.78516117,52,MUY_ALTA
41,HUILA,41244,ELÍAS,2.022053305,-75.94430521,43,ALTA
41,HUILA,41298,GARZÓN,2.172441496,-75.57131243,42,ALTA
41,HUILA,41306,GIGANTE,2.371781539,-75.51699754,42,ALTA
41,HUILA,41319,GUADALUPE,1.984394016,-75.69693549,52,MUY_ALTA
41,HUILA,41349,HOBO,2.541654161,-75.44781083,42,ALTA
41,HUILA,41357,ÍQUIRA,2.691517773,-75.67383141,25,MEDIA
41,HUILA,41359,ISNOS,1.945591321,-76.18204722,42,ALTA
41,HUILA,41378,LA ARGENTINA,2.156287619,-76.00679451,42,ALTA
41,HUILA,41396,LA PLATA,2.328076586,-76.00117299,25,MEDIA
41,HUILA,41483,NÁTAGA,2.576066285,-75.78693757,25,MEDIA
41,HUILA,41503,OPORAPA,2.061191362,-76.04110289,43,ALTA
41,HUILA,41518,PAICOL,2.40689827,-75.72803027,42,ALTA
41,HUILA,41524,PALERMO,2.914491967,-75.44066118,25,MEDIA
41,HUILA,41530,PALESTINA,1.68458076,-76.1478559,52,MUY_ALTA
41,HUILA,41548,PITAL,2.259601773,-75.8319516,43,ALTA
41,HUILA,41551,PITALITO,1.848217185,-76.05217643,42,ALTA
41,HUILA,41615,RIVERA,2.79286115,-75.23536868,42,ALTA
41,HUILA,41660,SALADOBLANCO,2.100382849,-76.22897871,36,ALTA
41,HUILA,41668,SAN AGUSTÍN,1.924165493,-76.4165655,25,MEDIA
41,HUILA,41676,SANTA MARÍA,2.926265937,-75.63359786,36,ALTA
41,HUILA,41770,SUAZA,1.870992095,-75.80798471,52,MUY_ALTA
41,HUILA,41791,TARQUI,2.130280544,-75.87534845,48,MUY_ALTA
41,HUILA,41797,TESALIA,2.526855132,-75.68259642,27,MEDIA
41,HUILA,41799,TELLO,3.030611777,-75.08536553,42,ALTA
41,HUILA,41801,TERUEL,2.851852692,-75.75988934,13,BAJA
41,HUILA,41807,TIMANÁ,1.950715226,-75.91757649,42,ALTA
41,HUILA,41872,VILLAVIEJA,3.287057875,-75.13838292,29,MEDIA
41,HUILA,41885,YAGUARÁ,2.646563339,-75.51592645,42,ALTA
44,LA GUAJIRA,44001,RIOHACHA,11.24297214,-72.95876315,7,MUY_BAJA
44,LA GUAJIRA,44035,ALBANIA,11.22869049,-72.53209657,12,BAJA
44,LA GUAJIRA,44078,BARRANCAS,10.94871677,-72.69696879,29,MEDIA
44,LA GUAJIRA,44090,DIBULLA,11.09029715,-73.43568788,19,BAJA
44,LA GUAJIRA,44098,DISTRACCIÓN,10.92505107,-72.94444027,28,MEDIA
44,LA GUAJIRA,44110,EL MOLINO,10.63669646,-72.8858431,34,ALTA
44,LA GUAJIRA,44279,FONSECA,10.8283716,-72.8018178,29,MEDIA
44,LA GUAJIRA,44378,HATONUEVO,11.09905582,-72.73842427,28,MEDIA
44,LA GUAJIRA,44420,LA JAGUA DEL PILAR,10.4580941,-73.07209193,34,ALTA
44,LA GUAJIRA,44430,MAICAO,11.38157764,-72.29500818,2,MUY_BAJA
44,LA GUAJIRA,44560,MANAURE,11.60554263,-72.57160392,2,MUY_BAJA
44,LA GUAJIRA,44650,SAN JUAN DEL CESAR,10.81311496,-73.08659986,14,BAJA
44,LA GUAJIRA,44847,URIBIA,11.99971986,-71.74882662,4,MUY_BAJA
44,LA GUAJIRA,44855,URUMITA,10.4947021,-72.98623991,25,MEDIA
44,LA GUAJIRA,44874,VILLANUEVA,10.58364755,-72.97520286,34,ALTA
47,MAGDALENA,47001,SANTA MARTA,11.12189436,-73.88527855,22,MEDIA
47,MAGDALENA,47030,ALGARROBO,10.25356475,-74.10323027,10,MUY_BAJA
47,MAGDALENA,47053,ARACATACA,10.64490877,-73.87972257,23,MEDIA
47,MAGDALENA,47058,ARIGUANÍ,9.834264955,-74.08460085,14,BAJA
47,MAGDALENA,47161,CERRO DE SAN ANTONIO,10.3132933,-74.80834413,4,MUY_BAJA
47,MAGDALENA,47170,CHIVOLO,10.09951961,-74.52606667,14,BAJA
47,MAGDALENA,47189,CIÉNAGA,10.85754552,-74.02500493,23,MEDIA
47,MAGDALENA,47205,CONCORDIA,10.23284801,-74.77810175,4,MUY_BAJA
47,MAGDALENA,47245,EL BANCO,9.114930635,-73.98105491,14,BAJA
47,MAGDALENA,47258,EL PIÑÓN,10.34310988,-74.67817756,4,MUY_BAJA
47,MAGDALENA,47268,EL RETÉN,10.65961696,-74.3251597,10,MUY_BAJA
47,MAGDALENA,47288,FUNDACIÓN,10.45937818,-73.88406518,14,BAJA
47,MAGDALENA,47318,GUAMAL,9.248004673,-74.13968085,10,MUY_BAJA
47,MAGDALENA,47460,NUEVA GRANADA,9.735998134,-74.32840222,14,BAJA
47,MAGDALENA,47541,PEDRAZA,10.15429546,-74.83178091,4,MUY_BAJA
47,MAGDALENA,47545,PIJIÑO DEL CARMEN,9.530748654,-74.1447657,14,BAJA
47,MAGDALENA,47551,PIVIJAY,10.43303399,-74.41251197,9,MUY_BAJA
47,MAGDALENA,47555,PLATO,9.76945611,-74.60181576,10,MUY_BAJA
47,MAGDALENA,47570,PUEBLOVIEJO,10.84758901,-74.36057942,2,MUY_BAJA
47,MAGDALENA,47605,REMOLINO,10.64860351,-74.58106823,6,MUY_BAJA
47,MAGDALENA,47660,SABANAS DE SAN ÁNGEL,10.10533028,-74.2644392,14,BAJA
47,MAGDALENA,47675,SALAMINA,10.51538178,-74.72296972,3,MUY_BAJA
47,MAGDALENA,47692,SAN SEBASTIÁN DE BUENAVISTA,9.380680272,-74.19797988,10,MUY_BAJA
47,MAGDALENA,47703,SAN ZENÓN,9.306869548,-74.35851644,10,MUY_BAJA
47,MAGDALENA,47707,SANTA ANA,9.503097215,-74.44419381,14,BAJA
47,MAGDALENA,47720,SANTA BÁRBARA DE PINTO,9.484388135,-74.66521178,10,MUY_BAJA
47,MAGDALENA,47745,SITIONUEVO,10.89027616,-74.62966038,5,MUY_BAJA
47,MAGDALENA,47798,TENERIFE,9.924701267,-74.73263001,4,MUY_BAJA
47,MAGDALENA,47960,ZAPAYÁN,10.11779893,-74.69115456,11,BAJA
47,MAGDALENA,47980,ZONA BANANERA,10.79634658,-74.17798317,14,BAJA
50,META,50001,VILLAVICENCIO,4.09166877,-73.49291595,40,ALTA
50,META,50006,ACACÍAS,3.943383008,-73.57135162,40,ALTA
50,META,50110,BARRANCA DE UPÍA,4.519076127,-72.99548981,40,ALTA
50,META,50124,CABUYARO,4.315244759,-72.95268896,29,MEDIA
50,META,50150,CASTILLA LA NUEVA,3.805154089,-73.53886668,12,BAJA
50,META,50223,CUBARRAL,3.834631516,-74.06232494,54,MUY_ALTA
50,META,50226,CUMARAL,4.232526389,-73.31477539,40,ALTA
50,META,50245,EL CALVARIO,4.353769888,-73.71441684,54,MUY_ALTA
50,META,50251,EL CASTILLO,3.60282633,-73.89445238,42,ALTA
50,META,50270,EL DORADO,3.706969785,-73.83161892,42,ALTA
50,META,50287,FUENTE DE ORO,3.382370124,-73.59625429,10,MUY_BAJA
50,META,50313,GRANADA,3.441051399,-73.7611547,10,MUY_BAJA
50,META,50318,GUAMAL,3.947775585,-73.95983864,54,MUY_ALTA
50,META,50325,MAPIRIPÁN,3.117523361,-71.93805692,10,MUY_BAJA
50,META,50330,MESETAS,3.154771201,-74.12454824,19,BAJA
50,META,50350,LA MACARENA,2.161863917,-74.09488076,10,MUY_BAJA
50,META,50370,URIBE,3.047726858,-74.43066134,42,ALTA
50,META,50400,LEJANÍAS,3.614714873,-74.09628467,52,MUY_ALTA
50,META,50450,PUERTO CONCORDIA,2.752260112,-72.7210941,10,MUY_BAJA
50,META,50568,PUERTO GAITÁN,4.005034467,-71.63157429,10,MUY_BAJA
50,META,50573,PUERTO LÓPEZ,4.014298921,-72.64570499,10,MUY_BAJA
50,META,50577,PUERTO LLERAS,3.193092925,-73.23671436,10,MUY_BAJA
50,META,50590,PUERTO RICO,2.758083657,-73.13780171,10,MUY_BAJA
50,META,50606,RESTREPO,4.204310977,-73.50226037,40,ALTA
50,META,50680,SAN CARLOS DE GUAROA,3.84761678,-73.27583401,10,MUY_BAJA
50,META,50683,SAN JUAN DE ARAMA,3.289851171,-73.81635243,10,MUY_BAJA
50,META,50686,SAN JUANITO,4.471346322,-73.66041355,55,MUY_ALTA
50,META,50689,SAN MARTÍN,3.515860962,-72.65672742,10,MUY_BAJA
50,META,50711,VISTAHERMOSA,2.811616698,-73.66652234,10,MUY_BAJA
52,NARIÑO,52001,PASTO,1.083605497,-77.20610074,37,ALTA
52,NARIÑO,52019,ALBÁN,1.469854084,-77.06880947,35,ALTA
52,NARIÑO,52022,ALDANA,0.913431916,-77.69538731,29,MEDIA
52,NARIÑO,52036,ANCUYA,1.245254077,-77.53115777,25,MEDIA
52,NARIÑO,52051,ARBOLEDA,1.480051172,-77.12985001,25,MEDIA
52,NARIÑO,52079,BARBACOAS,1.44563774,-78.15621072,25,MEDIA
52,NARIÑO,52083,BELÉN,1.593645287,-77.01999366,25,MEDIA
52,NARIÑO,52110,BUESACO,1.315215636,-77.1163664,35,ALTA
52,NARIÑO,52203,COLÓN,1.636334379,-77.0473156,25,MEDIA
52,NARIÑO,52207,CONSACÁ,1.209066732,-77.44063921,25,MEDIA
52,NARIÑO,52210,CONTADERO,0.932667458,-77.52808731,42,ALTA
52,NARIÑO,52215,CÓRDOBA,0.78274688,-77.36805903,52,MUY_ALTA
52,NARIÑO,52224,CUASPUD CARLOSAMA,0.875426999,-77.73591601,29,MEDIA
52,NARIÑO,52227,CUMBAL,0.944223274,-77.95958446,36,ALTA
52,NARIÑO,52233,CUMBITARA,1.72559011,-77.59281637,35,ALTA
52,NARIÑO,52240,CHACHAGÜÍ,1.386497844,-77.26969022,25,MEDIA
52,NARIÑO,52250,EL CHARCO,2.216382295,-77.99533234,29,MEDIA
52,NARIÑO,52254,EL PEÑOL,1.512283967,-77.43050934,25,MEDIA
52,NARIÑO,52256,EL ROSARIO,1.887689437,-77.48319589,25,MEDIA
52,NARIÑO,52258,EL TABLÓN DE GÓMEZ,1.409430207,-76.98526959,15,BAJA
52,NARIÑO,52260,EL TAMBO,1.43026376,-77.38311597,25,MEDIA
52,NARIÑO,52287,FUNES,0.957786429,-77.39532781,37,ALTA
52,NARIÑO,52317,GUACHUCAL,0.975037904,-77.73758941,29,MEDIA
52,NARIÑO,52320,GUAITARILLA,1.151366658,-77.53011336,25,MEDIA
52,NARIÑO,52323,GUALMATÁN,0.928642623,-77.58261883,42,ALTA
52,NARIÑO,52352,ILES,0.980534037,-77.5186573,42,ALTA
52,NARIÑO,52354,IMUÉS,1.07287697,-77.50150864,42,ALTA
52,NARIÑO,52356,IPIALES,0.497708465,-77.24047625,37,ALTA
52,NARIÑO,52378,LA CRUZ,1.584175998,-76.92335262,13,BAJA
52,NARIÑO,52381,LA FLORIDA,1.338034371,-77.42293041,25,MEDIA
52,NARIÑO,52385,LA LLANADA,1.541847847,-77.61781608,36,ALTA
52,NARIÑO,52390,LA TOLA,2.56027333,-78.23506694,0,SIN_DATO
52,NARIÑO,52399,LA UNIÓN,1.619697376,-77.14284622,25,MEDIA
52,NARIÑO,52405,LEIVA,1.900862361,-77.31220073,59,MUY_ALTA
52,NARIÑO,52411,LINARES,1.395173084,-77.52093774,34,ALTA
52,NARIÑO,52418,LOS ANDES,1.672601269,-77.71054449,25,MEDIA
52,NARIÑO,52427,MAGÜÍ,1.906858429,-78.04473644,12,BAJA
52,NARIÑO,52435,MALLAMA,1.155947016,-77.84664646,36,ALTA
52,NARIÑO,52473,MOSQUERA,2.442493698,-78.438827,40,ALTA
52,NARIÑO,52480,NARIÑO,1.286775273,-77.35220367,25,MEDIA
52,NARIÑO,52490,OLAYA HERRERA,2.287856547,-78.31219024,40,ALTA
52,NARIÑO,52506,OSPINA,1.029815854,-77.55234944,34,ALTA
52,NARIÑO,52520,FRANCISCO PIZARRO,2.088531925,-78.59193099,40,ALTA
52,NARIÑO,52540,POLICARPA,1.735354202,-77.48134359,25,MEDIA
52,NARIÑO,52560,POTOSÍ,0.785841088,-77.52870407,34,ALTA
52,NARIÑO,52565,PROVIDENCIA,1.232864821,-77.59844212,25,MEDIA
52,NARIÑO,52573,PUERRES,0.854351651,-77.35032523,52,MUY_ALTA
52,NARIÑO,52585,PUPIALES,0.916769831,-77.63336954,29,MEDIA
52,NARIÑO,52612,RICAURTE,1.147671848,-78.05811118,37,ALTA
52,NARIÑO,52621,ROBERTO PAYÁN,1.897581156,-78.3811163,29,MEDIA
52,NARIÑO,52678,SAMANIEGO,1.430555262,-77.69179559,25,MEDIA
52,NARIÑO,52683,SANDONÁ,1.288105409,-77.45670068,25,MEDIA
52,NARIÑO,52685,SAN BERNARDO,1.529782485,-77.02070663,35,ALTA
52,NARIÑO,52687,SAN LORENZO,1.542139582,-77.21872693,25,MEDIA
52,NARIÑO,52693,SAN PABLO,1.681576627,-76.97527979,25,MEDIA
52,NARIÑO,52694,SAN PEDRO DE CARTAGO,1.536823494,-77.10140325,35,ALTA
52,NARIÑO,52696,SANTA BÁRBARA,2.494420411,-77.98256461,29,MEDIA
52,NARIÑO,52699,SANTACRUZ,1.285179376,-77.7445744,24,MEDIA
52,NARIÑO,52720,SAPUYES,1.045287475,-77.71810954,15,BAJA
52,NARIÑO,52786,TAMINANGO,1.591661392,-77.32525316,25,MEDIA
52,NARIÑO,52788,TANGUA,1.064078111,-77.35063491,34,ALTA
52,NARIÑO,52835,SAN ANDRÉS DE TUMACO,1.574550638,-78.61540963,42,ALTA
52,NARIÑO,52838,TÚQUERRES,1.134440523,-77.63073238,37,ALTA
52,NARIÑO,52885,YACUANQUER,1.125547916,-77.42467569,42,ALTA
54,NORTE DE SANTANDER,54001,SAN JOSÉ DE CÚCUTA,8.112041811,-72.48862641,40,ALTA
54,NORTE DE SANTANDER,54003,ÁBREGO,8.019834481,-73.15850485,25,MEDIA
54,NORTE DE SANTANDER,54051,ARBOLEDAS,7.586048164,-72.91705315,52,MUY_ALTA
54,NORTE DE SANTANDER,54099,BOCHALEMA,7.608509339,-72.65951909,51,MUY_ALTA
54,NORTE DE SANTANDER,54109,BUCARASICA,8.079802239,-72.92919926,25,MEDIA
54,NORTE DE SANTANDER,54125,CÁCOTA,7.270560088,-72.65212153,48,MUY_ALTA
54,NORTE DE SANTANDER,54128,CÁCHIRA,7.684188896,-73.12939481,35,ALTA
54,NORTE DE SANTANDER,54172,CHINÁCOTA,7.583353136,-72.58390978,51,MUY_ALTA
54,NORTE DE SANTANDER,54174,CHITAGÁ,7.05161677,-72.52544746,52,MUY_ALTA
54,NORTE DE SANTANDER,54206,CONVENCIÓN,8.873159895,-73.20007769,37,ALTA
54,NORTE DE SANTANDER,54223,CUCUTILLA,7.502182366,-72.79703447,48,MUY_ALTA
54,NORTE DE SANTANDER,54239,DURANIA,7.746993206,-72.67208072,43,ALTA
54,NORTE DE SANTANDER,54245,EL CARMEN,8.867990035,-73.34585922,25,MEDIA
54,NORTE DE SANTANDER,54250,EL TARRA,8.678263671,-73.0317597,37,ALTA
54,NORTE DE SANTANDER,54261,EL ZULIA,8.081200092,-72.63152118,43,ALTA
54,NORTE DE SANTANDER,54313,GRAMALOTE,7.906522991,-72.80705582,48,MUY_ALTA
54,NORTE DE SANTANDER,54344,HACARÍ,8.361831987,-73.0782633,34,ALTA
54,NORTE DE SANTANDER,54347,HERRÁN,7.493955781,-72.49269998,43,ALTA
54,NORTE DE SANTANDER,54377,LABATECA,7.218372474,-72.48281514,56,MUY_ALTA
54,NORTE DE SANTANDER,54385,LA ESPERANZA,7.695233593,-73.36139672,25,MEDIA
54,NORTE DE SANTANDER,54398,LA PLAYA,8.256757875,-73.18789327,25,MEDIA
54,NORTE DE SANTANDER,54405,LOS PATIOS,7.742291094,-72.52680784,51,MUY_ALTA
54,NORTE DE SANTANDER,54418,LOURDES,7.963712759,-72.8467029,48,MUY_ALTA
54,NORTE DE SANTANDER,54480,MUTISCUA,7.31694997,-72.76834584,48,MUY_ALTA
54,NORTE DE SANTANDER,54498,OCAÑA,8.206637527,-73.33765033,12,BAJA
54,NORTE DE SANTANDER,54518,PAMPLONA,7.379057623,-72.67590348,42,ALTA
54,NORTE DE SANTANDER,54520,PAMPLONITA,7.48287886,-72.63515401,43,ALTA
54,NORTE DE SANTANDER,54553,PUERTO SANTANDER,8.329138642,-72.41119066,29,MEDIA
54,NORTE DE SANTANDER,54599,RAGONVALIA,7.595355974,-72.50756622,43,ALTA
54,NORTE DE SANTANDER,54660,SALAZAR,7.772747824,-72.86769959,52,MUY_ALTA
54,NORTE DE SANTANDER,54670,SAN CALIXTO,8.414441404,-73.2176038,34,ALTA
54,NORTE DE SANTANDER,54673,SAN CAYETANO,7.847872195,-72.60971203,51,MUY_ALTA
54,NORTE DE SANTANDER,54680,SANTIAGO,7.889234454,-72.7182541,43,ALTA
54,NORTE DE SANTANDER,54720,SARDINATA,8.215080767,-72.79580961,25,MEDIA
54,NORTE DE SANTANDER,54743,SILOS,7.180991879,-72.78617884,43,ALTA
54,NORTE DE SANTANDER,54800,TEORAMA,8.760013794,-73.15714097,37,ALTA
54,NORTE DE SANTANDER,54810,TIBÚ,8.713507237,-72.79925855,12,BAJA
54,NORTE DE SANTANDER,54820,TOLEDO,7.225864961,-72.30593418,57,MUY_ALTA
54,NORTE DE SANTANDER,54871,VILLA CARO,7.936293173,-72.98759418,35,ALTA
54,NORTE DE SANTANDER,54874,VILLA DEL ROSARIO,7.718635863,-72.48361176,49,MUY_ALTA
63,QUINDÍO,63001,ARMENIA,4.499501128,-75.72489985,13,BAJA
63,QUINDÍO,63111,BUENAVISTA,4.366632382,-75.74403734,36,ALTA
63,QUINDÍO,63130,CALARCÁ,4.467879428,-75.65674719,36,ALTA
63,QUINDÍO,63190,CIRCASIA,4.604845344,-75.66688449,36,ALTA
63,QUINDÍO,63212,CÓRDOBA,4.395975176,-75.65132308,36,ALTA
63,QUINDÍO,63272,FILANDIA,4.669325347,-75.67146941,36,ALTA
63,QUINDÍO,63302,GÉNOVA,4.180107773,-75.76056695,36,ALTA
63,QUINDÍO,63401,LA TEBAIDA,4.426884849,-75.81927335,25,MEDIA
63,QUINDÍO,63470,MONTENEGRO,4.521890945,-75.81806594,12,BAJA
63,QUINDÍO,63548,PIJAO,4.30397934,-75.68330417,36,ALTA
63,QUINDÍO,63594,QUIMBAYA,4.610273497,-75.79205087,12,BAJA
63,QUINDÍO,63690,SALENTO,4.611314654,-75.53092112,58,MUY_ALTA
66,RISARALDA,66001,PEREIRA,4.803662773,-75.79579093,25,MEDIA
66,RISARALDA,66045,APÍA,5.139635357,-75.95353871,36,ALTA
66,RISARALDA,66075,BALBOA,4.918349676,-75.94275386,25,MEDIA
66,RISARALDA,66088,BELÉN DE UMBRÍA,5.200398696,-75.86793893,36,ALTA
66,RISARALDA,66170,DOSQUEBRADAS,4.842021144,-75.66993655,36,ALTA
66,RISARALDA,66318,GUÁTICA,5.320295966,-75.80436659,59,MUY_ALTA
66,RISARALDA,66383,LA CELIA,4.988127679,-76.00822678,36,ALTA
66,RISARALDA,66400,LA VIRGINIA,4.904704187,-75.85208162,25,MEDIA
66,RISARALDA,66440,MARSELLA,4.942936185,-75.7532139,16,BAJA
66,RISARALDA,66456,MISTRATÓ,5.414078141,-75.96135387,37,ALTA
66,RISARALDA,66572,PUEBLO RICO,5.286295408,-76.07359421,37,ALTA
66,RISARALDA,66594,QUINCHÍA,5.323906864,-75.71339683,59,MUY_ALTA
66,RISARALDA,66682,SANTA ROSA DE CABAL,4.833789828,-75.54950174,36,ALTA
66,RISARALDA,66687,SANTUARIO,5.076100313,-76.02286946,36,ALTA
68,SANTANDER,68001,BUCARAMANGA,7.155833544,-73.11156997,34,ALTA
68,SANTANDER,68013,AGUADA,6.182208476,-73.53038541,52,MUY_ALTA
68,SANTANDER,68020,ALBANIA,5.788190519,-73.79236929,56,MUY_ALTA
68,SANTANDER,68051,ARATOCA,6.716766585,-73.01162697,42,ALTA
68,SANTANDER,68077,BARBOSA,5.955617327,-73.62345229,52,MUY_ALTA
68,SANTANDER,68079,BARICHARA,6.647062543,-73.21518466,42,ALTA
68,SANTANDER,68081,BARRANCABERMEJA,7.054074558,-73.78211646,12,BAJA
68,SANTANDER,68092,BETULIA,7.033255886,-73.37872388,42,ALTA
68,SANTANDER,68101,BOLÍVAR,6.181715586,-73.92065703,42,ALTA
68,SANTANDER,68121,CABRERA,6.562543673,-73.25034892,42,ALTA
68,SANTANDER,68132,CALIFORNIA,7.331565443,-72.95131825,34,ALTA
68,SANTANDER,68147,CAPITANEJO,6.520200095,-72.67435203,28,MEDIA
68,SANTANDER,68152,CARCASÍ,6.659675274,-72.56968434,37,ALTA
68,SANTANDER,68160,CEPITÁ,6.752465533,-72.92924629,29,MEDIA
68,SANTANDER,68162,CERRITO,6.903923173,-72.64536324,37,ALTA
68,SANTANDER,68167,CHARALÁ,6.35099819,-73.06101382,59,MUY_ALTA
68,SANTANDER,68169,CHARTA,7.282973001,-72.97829057,25,MEDIA
68,SANTANDER,68176,CHIMA,6.361627641,-73.40172144,52,MUY_ALTA
68,SANTANDER,68179,CHIPATÁ,6.067944658,-73.63239132,52,MUY_ALTA
68,SANTANDER,68190,CIMITARRA,6.40972961,-74.17030427,29,MEDIA
68,SANTANDER,68207,CONCEPCIÓN,6.76062337,-72.61815735,35,ALTA
68,SANTANDER,68209,CONFINES,6.342314443,-73.25014013,58,MUY_ALTA
68,SANTANDER,68211,CONTRATACIÓN,6.303116611,-73.50211527,52,MUY_ALTA
68,SANTANDER,68217,COROMORO,6.234735779,-72.98176803,59,MUY_ALTA
68,SANTANDER,68229,CURITÍ,6.608966483,-73.05897888,42,ALTA
68,SANTANDER,68235,EL CARMEN DE CHUCURÍ,6.664260002,-73.56475288,42,ALTA
68,SANTANDER,68245,EL GUACAMAYO,6.236115743,-73.4977605,52,MUY_ALTA
68,SANTANDER,68250,EL PEÑÓN,6.123389691,-74.00040397,42,ALTA
68,SANTANDER,68255,EL PLAYÓN,7.524284721,-73.18158192,25,MEDIA
68,SANTANDER,68264,ENCINO,6.079061224,-73.06206665,59,MUY_ALTA
68,SANTANDER,68266,ENCISO,6.65824115,-72.68027939,37,ALTA
68,SANTANDER,68271,FLORIÁN,5.801106291,-73.95524931,56,MUY_ALTA
68,SANTANDER,68276,FLORIDABLANCA,7.079704598,-73.0679925,25,MEDIA
68,SANTANDER,68296,GALÁN,6.671810994,-73.32467124,52,MUY_ALTA
68,SANTANDER,68298,GÁMBITA,5.924383558,-73.31939934,59,MUY_ALTA
68,SANTANDER,68307,GIRÓN,6.976734127,-73.205267,42,ALTA
68,SANTANDER,68318,GUACA,6.9434341,-72.82369873,37,ALTA
68,SANTANDER,68320,GUADALUPE,6.233278248,-73.40977445,52,MUY_ALTA
68,SANTANDER,68322,GUAPOTÁ,6.319299865,-73.33115275,37,ALTA
68,SANTANDER,68324,GUAVATÁ,5.944894844,-73.72173671,52,MUY_ALTA
68,SANTANDER,68327,GÜEPSA,6.04656148,-73.57847854,52,MUY_ALTA
68,SANTANDER,68344,HATO,6.559878299,-73.36178841,52,MUY_ALTA
68,SANTANDER,68368,JESÚS MARÍA,5.872705896,-73.78997419,56,MUY_ALTA
68,SANTANDER,68370,JORDÁN,6.710814846,-73.1211236,42,ALTA
68,SANTANDER,68377,LA BELLEZA,5.895724341,-74.04676575,56,MUY_ALTA
68,SANTANDER,68385,LANDÁZURI,6.385234814,-73.78760899,42,ALTA
68,SANTANDER,68397,LA PAZ,6.21737437,-73.62977195,52,MUY_ALTA
68,SANTANDER,68406,LEBRIJA,7.204060063,-73.29138097,42,ALTA
68,SANTANDER,68418,LOS SANTOS,6.812162934,-73.10785086,42,ALTA
68,SANTANDER,68425,MACARAVITA,6.513745303,-72.58536492,42,ALTA
68,SANTANDER,68432,MÁLAGA,6.720222349,-72.73841091,35,ALTA
68,SANTANDER,68444,MATANZA,7.348778319,-73.05438997,35,ALTA
68,SANTANDER,68464,MOGOTES,6.492532315,-72.95834772,59,MUY_ALTA
68,SANTANDER,68468,MOLAGAVITA,6.643290559,-72.81916274,25,MEDIA
68,SANTANDER,68498,OCAMONTE,6.355368858,-73.12211833,36,ALTA
68,SANTANDER,68500,OIBA,6.225596216,-73.27961515,37,ALTA
68,SANTANDER,68502,ONZAGA,6.335194548,-72.81205838,13,BAJA
68,SANTANDER,68522,PALMAR,6.525876964,-73.28247337,52,MUY_ALTA
68,SANTANDER,68524,PALMAS DEL SOCORRO,6.391750107,-73.28273174,42,ALTA
68,SANTANDER,68533,PÁRAMO,6.416631131,-73.17148232,42,ALTA
68,SANTANDER,68547,PIEDECUESTA,6.97082104,-73.01481196,34,ALTA
68,SANTANDER,68549,PINCHOTE,6.513892626,-73.17570986,42,ALTA
68,SANTANDER,68572,PUENTE NACIONAL,5.831129906,-73.67841815,52,MUY_ALTA
68,SANTANDER,68573,PUERTO PARRA,6.685278856,-73.95761256,29,MEDIA
68,SANTANDER,68575,PUERTO WILCHES,7.398198257,-73.8354696,12,BAJA
68,SANTANDER,68615,RIONEGRO,7.474226085,-73.37246417,25,MEDIA
68,SANTANDER,68655,SABANA DE TORRES,7.4065422,-73.57131807,4,MUY_BAJA
68,SANTANDER,68669,SAN ANDRÉS,6.796483063,-72.81613202,35,ALTA
68,SANTANDER,68673,SAN BENITO,6.076525355,-73.55295302,52,MUY_ALTA
68,SANTANDER,68679,SAN GIL,6.550778765,-73.11887911,42,ALTA
68,SANTANDER,68682,SAN JOAQUÍN,6.459879823,-72.85471883,36,ALTA
68,SANTANDER,68684,SAN JOSÉ DE MIRANDA,6.629400185,-72.73976423,27,MEDIA
68,SANTANDER,68686,SAN MIGUEL,6.568121541,-72.64322497,35,ALTA
68,SANTANDER,68689,SAN VICENTE DE CHUCURÍ,6.894292346,-73.53900334,42,ALTA
68,SANTANDER,68705,SANTA BÁRBARA,6.988084711,-72.89608933,25,MEDIA
68,SANTANDER,68720,SANTA HELENA DEL OPÓN,6.40890734,-73.58206609,52,MUY_ALTA
68,SANTANDER,68745,SIMACOTA,6.494231551,-73.45910992,52,MUY_ALTA
68,SANTANDER,68755,SOCORRO,6.462088241,-73.24436001,42,ALTA
68,SANTANDER,68770,SUAITA,6.101499739,-73.36225795,52,MUY_ALTA
68,SANTANDER,68773,SUCRE,5.983203734,-73.95936235,52,MUY_ALTA
68,SANTANDER,68780,SURATÁ,7.475402063,-72.98779966,35,ALTA
68,SANTANDER,68820,TONA,7.170891099,-72.93970443,25,MEDIA
68,SANTANDER,68855,VALLE DE SAN JOSÉ,6.434578919,-73.10997171,58,MUY_ALTA
68,SANTANDER,68861,VÉLEZ,6.00741043,-73.69057256,52,MUY_ALTA
68,SANTANDER,68867,VETAS,7.322219563,-72.88156901,42,ALTA
68,SANTANDER,68872,VILLANUEVA,6.685867326,-73.16396916,42,ALTA
68,SANTANDER,68895,ZAPATOCA,6.813725566,-73.30975044,42,ALTA
70,SUCRE,70001,SINCELEJO,9.316673928,-75.43174967,10,MUY_BAJA
70,SUCRE,70110,BUENAVISTA,9.314972282,-74.98014057,4,MUY_BAJA
70,SUCRE,70124,CAIMITO,8.792311599,-75.13191063,3,MUY_BAJA
70,SUCRE,70204,COLOSÓ,9.494043427,-75.34528693,10,MUY_BAJA
70,SUCRE,70215,COROZAL,9.160624283,-75.23858178,4,MUY_BAJA
70,SUCRE,70221,COVEÑAS,9.394449802,-75.6574915,10,MUY_BAJA
70,SUCRE,70230,CHALÁN,9.569584598,-75.32420908,10,MUY_BAJA
70,SUCRE,70233,EL ROBLE,9.036231591,-75.14575038,4,MUY_BAJA
70,SUCRE,70235,GALERAS,9.135169096,-74.98134706,4,MUY_BAJA
70,SUCRE,70265,GUARANDA,8.337828523,-74.68734926,7,MUY_BAJA
70,SUCRE,70400,LA UNIÓN,8.811997799,-75.28322212,4,MUY_BAJA
70,SUCRE,70418,LOS PALMITOS,9.422380117,-75.21302191,4,MUY_BAJA
70,SUCRE,70429,MAJAGUAL,8.546148134,-74.71037883,10,MUY_BAJA
70,SUCRE,70473,MORROA,9.392496685,-75.32718744,10,MUY_BAJA
70,SUCRE,70508,OVEJAS,9.549655271,-75.18855916,4,MUY_BAJA
70,SUCRE,70523,PALMITO,9.334940293,-75.56199027,10,MUY_BAJA
70,SUCRE,70670,SAMPUÉS,9.165188649,-75.36027422,4,MUY_BAJA
70,SUCRE,70678,SAN BENITO ABAD,8.835634919,-74.96469398,3,MUY_BAJA
70,SUCRE,70702,SAN JUAN DE BETULIA,9.292019071,-75.21363579,4,MUY_BAJA
70,SUCRE,70708,SAN MARCOS,8.589220102,-75.17249955,4,MUY_BAJA
70,SUCRE,70713,SAN ONOFRE,9.814599536,-75.50522919,10,MUY_BAJA
70,SUCRE,70717,SAN PEDRO,9.396835638,-75.03741815,4,MUY_BAJA
70,SUCRE,70742,SAN LUIS DE SINCÉ,9.256299047,-75.09397089,4,MUY_BAJA
70,SUCRE,70771,SUCRE,8.814333477,-74.74753131,10,MUY_BAJA
70,SUCRE,70820,SANTIAGO DE TOLÚ,9.533810567,-75.53543469,10,MUY_BAJA
70,SUCRE,70823,SAN JOSÉ DE TOLUVIEJO,9.490297716,-75.44451115,10,MUY_BAJA
73,TOLIMA,73001,IBAGUÉ,4.451921427,-75.252591,36,ALTA
73,TOLIMA,73024,ALPUJARRA,3.390015064,-74.94078233,43,ALTA
73,TOLIMA,73026,ALVARADO,4.582625784,-74.98630686,25,MEDIA
73,TOLIMA,73030,AMBALEMA,4.803365246,-74.80998676,29,MEDIA
73,TOLIMA,73043,ANZOÁTEGUI,4.623390454,-75.20165423,37,ALTA
73,TOLIMA,73055,ARMERO,5.006758956,-74.84750095,29,MEDIA
73,TOLIMA,73067,ATACO,3.37749064,-75.61373257,35,ALTA
73,TOLIMA,73124,CAJAMARCA,4.406971283,-75.49745918,35,ALTA
73,TOLIMA,73148,CARMEN DE APICALÁ,4.123416795,-74.74700246,13,BAJA
73,TOLIMA,73152,CASABIANCA,5.007003948,-75.19457703,58,MUY_ALTA
73,TOLIMA,73168,CHAPARRAL,3.743693084,-75.58986634,52,MUY_ALTA
73,TOLIMA,73200,COELLO,4.315603867,-74.91470256,25,MEDIA
73,TOLIMA,73217,COYAIMA,3.775490271,-75.14720213,25,MEDIA
73,TOLIMA,73226,CUNDAY,3.98252395,-74.68936908,35,ALTA
73,TOLIMA,73236,DOLORES,3.597863274,-74.80256674,35,ALTA
73,TOLIMA,73268,ESPINAL,4.166476969,-74.89352941,4,MUY_BAJA
73,TOLIMA,73270,FALAN,5.079256598,-74.95703372,34,ALTA
73,TOLIMA,73275,FLANDES,4.242813257,-74.83708638,11,BAJA
73,TOLIMA,73283,FRESNO,5.186694812,-75.05228995,37,ALTA
73,TOLIMA,73319,GUAMO,4.076501341,-74.97657287,4,MUY_BAJA
73,TOLIMA,73347,HERVEO,5.068553783,-75.24322959,59,MUY_ALTA
73,TOLIMA,73349,HONDA,5.179416561,-74.78303094,42,ALTA
73,TOLIMA,73352,ICONONZO,4.133276369,-74.53964257,35,ALTA
73,TOLIMA,73408,LÉRIDA,4.866034592,-74.92337178,34,ALTA
73,TOLIMA,73411,LÍBANO,4.877936755,-75.04763076,58,MUY_ALTA
73,TOLIMA,73443,SAN SEBASTIÁN DE MARIQUITA,5.235322593,-74.90668089,37,ALTA
73,TOLIMA,73449,MELGAR,4.193215498,-74.60517497,34,ALTA
73,TOLIMA,73461,MURILLO,4.826734468,-75.21993987,36,ALTA
73,TOLIMA,73483,NATAGAIMA,3.540518203,-75.12200999,25,MEDIA
73,TOLIMA,73504,ORTEGA,3.937793962,-75.27824314,11,BAJA
73,TOLIMA,73520,PALOCABILDO,5.094035737,-75.0184505,36,ALTA
73,TOLIMA,73547,PIEDRAS,4.433764446,-74.99879938,25,MEDIA
73,TOLIMA,73555,PLANADAS,3.09897343,-75.81684413,36,ALTA
73,TOLIMA,73563,PRADO,3.729166649,-74.87247706,34,ALTA
73,TOLIMA,73585,PURIFICACIÓN,3.854281614,-74.87451155,25,MEDIA
73,TOLIMA,73616,RIOBLANCO,3.468077548,-75.85481103,36,ALTA
73,TOLIMA,73622,RONCESVALLES,4.097861181,-75.59428027,13,BAJA
73,TOLIMA,73624,ROVIRA,4.216730954,-75.34758364,25,MEDIA
73,TOLIMA,73671,SALDAÑA,3.912542787,-75.01859762,4,MUY_BAJA
73,TOLIMA,73675,SAN ANTONIO,3.926088268,-75.50991004,36,ALTA
73,TOLIMA,73678,SAN LUIS,4.057271684,-75.16320806,11,BAJA
73,TOLIMA,73686,SANTA ISABEL,4.740827622,-75.20069946,37,ALTA
73,TOLIMA,73770,SUÁREZ,3.969210629,-74.84448738,15,BAJA
73,TOLIMA,73854,VALLE DE SAN JUAN,4.182125647,-75.17148237,25,MEDIA
73,TOLIMA,73861,VENADILLO,4.70988172,-74.92089886,25,MEDIA
73,TOLIMA,73870,VILLAHERMOSA,4.965753461,-75.15592969,58,MUY_ALTA
73,TOLIMA,73873,VILLARRICA,3.854384097,-74.61896623,35,ALTA
76,VALLE DEL CAUCA,76001,CALI,3.399043723,-76.57649259,36,ALTA
76,VALLE DEL CAUCA,76020,ALCALÁ,4.6788971,-75.78297932,25,MEDIA
76,VALLE DEL CAUCA,76036,ANDALUCÍA,4.153314228,-76.16063341,25,MEDIA
76,VALLE DEL CAUCA,76041,ANSERMANUEVO,4.795927292,-76.02963049,36,ALTA
76,VALLE DEL CAUCA,76054,ARGELIA,4.704287864,-76.14164999,36,ALTA
76,VALLE DEL CAUCA,76100,BOLÍVAR,4.393118861,-76.34982039,36,ALTA
76,VALLE DEL CAUCA,76109,BUENAVENTURA,3.493340766,-77.11872832,25,MEDIA
76,VALLE DEL CAUCA,76111,GUADALAJARA DE BUGA,3.819854318,-75.98312419,35,ALTA
76,VALLE DEL CAUCA,76113,BUGALAGRANDE,4.196852991,-76.0896103,25,MEDIA
76,VALLE DEL CAUCA,76122,CAICEDONIA,4.308997973,-75.83672567,36,ALTA
76,VALLE DEL CAUCA,76126,CALIMA,3.923271619,-76.64260484,52,MUY_ALTA
76,VALLE DEL CAUCA,76130,CANDELARIA,3.382091564,-76.38317663,12,BAJA
76,VALLE DEL CAUCA,76147,CARTAGO,4.70684716,-75.91790846,25,MEDIA
76,VALLE DEL CAUCA,76233,DAGUA,3.649822218,-76.72039347,37,ALTA
76,VALLE DEL CAUCA,76243,EL ÁGUILA,4.917562873,-76.06601001,36,ALTA
76,VALLE DEL CAUCA,76246,EL CAIRO,4.756063701,-76.21502826,37,ALTA
76,VALLE DEL CAUCA,76248,EL CERRITO,3.656072873,-76.30841784,29,MEDIA
76,VALLE DEL CAUCA,76250,EL DOVIO,4.539979729,-76.28762701,36,ALTA
76,VALLE DEL CAUCA,76275,FLORIDA,3.304104295,-76.16477307,58,MUY_ALTA
76,VALLE DEL CAUCA,76306,GINEBRA,3.74410441,-76.19082004,25,MEDIA
76,VALLE DEL CAUCA,76318,GUACARÍ,3.759414991,-76.34518277,29,MEDIA
76,VALLE DEL CAUCA,76364,JAMUNDÍ,3.213892389,-76.62760418,36,ALTA
76,VALLE DEL CAUCA,76377,LA CUMBRE,3.694303106,-76.58989905,25,MEDIA
76,VALLE DEL CAUCA,76400,LA UNIÓN,4.537937391,-76.10328983,34,ALTA
76,VALLE DEL CAUCA,76403,LA VICTORIA,4.483511142,-75.96677303,25,MEDIA
76,VALLE DEL CAUCA,76497,OBANDO,4.597588666,-75.9491997,25,MEDIA
76,VALLE DEL CAUCA,76520,PALMIRA,3.558392876,-76.22779972,25,MEDIA
76,VALLE DEL CAUCA,76563,PRADERA,3.42063665,-76.17841841,36,ALTA
76,VALLE DEL CAUCA,76606,RESTREPO,3.806494973,-76.53489853,36,ALTA
76,VALLE DEL CAUCA,76616,RIOFRÍO,4.109500298,-76.37105443,36,ALTA
76,VALLE DEL CAUCA,76622,ROLDANILLO,4.443571848,-76.16824249,34,ALTA
76,VALLE DEL CAUCA,76670,SAN PEDRO,3.98143244,-76.20836168,25,MEDIA
76,VALLE DEL CAUCA,76736,SEVILLA,4.193411919,-75.88818163,36,ALTA
76,VALLE DEL CAUCA,76823,TORO,4.638421279,-76.08106176,25,MEDIA
76,VALLE DEL CAUCA,76828,TRUJILLO,4.233268116,-76.34292699,36,ALTA
76,VALLE DEL CAUCA,76834,TULUÁ,4.02840797,-76.03250379,35,ALTA
76,VALLE DEL CAUCA,76845,ULLOA,4.707718947,-75.77835903,12,BAJA
76,VALLE DEL CAUCA,76863,VERSALLES,4.644242641,-76.25924483,36,ALTA
76,VALLE DEL CAUCA,76869,VIJES,3.74365889,-76.47064718,29,MEDIA
76,VALLE DEL CAUCA,76890,YOTOCO,3.904130354,-76.39080435,25,MEDIA
76,VALLE DEL CAUCA,76892,YUMBO,3.595913669,-76.5109879,29,MEDIA
76,VALLE DEL CAUCA,76895,ZARZAL,4.35359875,-76.05065336,25,MEDIA
81,ARAUCA,81001,ARAUCA,6.796280825,-70.50921153,10,MUY_BAJA
81,ARAUCA,81065,ARAUQUITA,6.799338394,-71.29827429,10,MUY_BAJA
81,ARAUCA,81220,CRAVO NORTE,6.39654349,-70.07381197,10,MUY_BAJA
81,ARAUCA,81300,FORTUL,6.750907234,-71.79124241,40,ALTA
81,ARAUCA,81591,PUERTO RONDÓN,6.411761829,-70.96678964,10,MUY_BAJA
81,ARAUCA,81736,SARAVENA,6.906941714,-71.85070757,41,ALTA
81,ARAUCA,81794,TAME,6.390650479,-71.79178647,41,ALTA
85,CASANARE,85001,YOPAL,5.242744761,-72.25802857,29,MEDIA
85,CASANARE,85010,AGUAZUL,5.126121886,-72.54821017,40,ALTA
85,CASANARE,85015,CHÁMEZA,5.228453404,-72.86496804,57,MUY_ALTA
85,CASANARE,85125,HATO COROZAL,6.03948032,-71.52445752,10,MUY_BAJA
85,CASANARE,85136,LA SALINA,6.178282373,-72.34693377,53,MUY_ALTA
85,CASANARE,85139,MANÍ,4.675769488,-72.21280273,10,MUY_BAJA
85,CASANARE,85162,MONTERREY,4.841308642,-72.8473434,40,ALTA
85,CASANARE,85225,NUNCHÍA,5.529181235,-72.09251937,29,MEDIA
85,CASANARE,85230,OROCUÉ,4.915139133,-71.59873966,10,MUY_BAJA
85,CASANARE,85250,PAZ DE ARIPORO,5.779915281,-70.86947037,10,MUY_BAJA
85,CASANARE,85263,PORE,5.663194953,-71.92580806,29,MEDIA
85,CASANARE,85279,RECETOR,5.263068507,-72.77081831,57,MUY_ALTA
85,CASANARE,85300,SABANALARGA,4.81119011,-72.99580655,41,ALTA
85,CASANARE,85315,SÁCAMA,6.049906435,-72.21076163,54,MUY_ALTA
85,CASANARE,85325,SAN LUIS DE PALENQUE,5.274955665,-71.81749276,10,MUY_BAJA
85,CASANARE,85400,TÁMARA,5.878927424,-72.20067822,54,MUY_ALTA
85,CASANARE,85410,TAURAMENA,4.697463691,-72.62922436,29,MEDIA
85,CASANARE,85430,TRINIDAD,5.354527091,-71.25479519,10,MUY_BAJA
85,CASANARE,85440,VILLANUEVA,4.528307719,-72.82314281,29,MEDIA
86,PUTUMAYO,86001,MOCOA,1.26070915,-76.66584349,54,MUY_ALTA
86,PUTUMAYO,86219,COLÓN,1.204815876,-76.97376805,52,MUY_ALTA
86,PUTUMAYO,86320,ORITO,0.673756323,-76.94313923,12,BAJA
86,PUTUMAYO,86568,PUERTO ASÍS,0.433884539,-76.52158203,10,MUY_BAJA
86,PUTUMAYO,86569,PUERTO CAICEDO,0.70416861,-76.49864415,10,MUY_BAJA
86,PUTUMAYO,86571,PUERTO GUZMÁN,0.746432215,-75.88022979,10,MUY_BAJA
86,PUTUMAYO,86573,PUERTO LEGUÍZAMO,0.05947197,-75.06479327,10,MUY_BAJA
86,PUTUMAYO,86749,SIBUNDOY,1.228746922,-76.91307585,52,MUY_ALTA
86,PUTUMAYO,86755,SAN FRANCISCO,1.136071096,-76.84726661,52,MUY_ALTA
86,PUTUMAYO,86757,SAN MIGUEL,0.272449048,-76.84510459,10,MUY_BAJA
86,PUTUMAYO,86760,SANTIAGO,1.036021482,-76.97751684,52,MUY_ALTA
86,PUTUMAYO,86865,VALLE DEL GUAMUEZ,0.42012589,-76.77067026,10,MUY_BAJA
86,PUTUMAYO,86885,VILLAGARZÓN,0.911149515,-76.74495447,37,ALTA
88,"ARCHIPIÉLAGO DE SAN ANDRÉS, PROVIDENCIA Y SANTA CATALINA",88001,SAN ANDRÉS,12.54311512,-81.71762382,0,SIN_DATO
88,"ARCHIPIÉLAGO DE SAN ANDRÉS, PROVIDENCIA Y SANTA CATALINA",88564,PROVIDENCIA,13.3511096,-81.37388549,61,MUY_ALTA
91,AMAZONAS,91001,LETICIA,-3.530058784,-70.04513691,10,MUY_BAJA
91,AMAZONAS,91263,EL ENCANTO,-1.997234795,-72.72361566,10,MUY_BAJA
91,AMAZONAS,91405,LA CHORRERA,-1.509799605,-72.44442966,10,MUY_BAJA
91,AMAZONAS,91407,LA PEDRERA,-1.550256503,-69.94602815,10,MUY_BAJA
91,AMAZONAS,91430,LA VICTORIA,-0.125016381,-71.10487805,10,MUY_BAJA
91,AMAZONAS,91460,MIRITÍ - PARANÁ,-0.687037553,-71.1855046,10,MUY_BAJA
91,AMAZONAS,91530,PUERTO ALEGRÍA,-0.952145073,-73.75722748,10,MUY_BAJA
91,AMAZONAS,91536,PUERTO ARICA,-1.91085406,-71.1484049,10,MUY_BAJA
91,AMAZONAS,91540,PUERTO NARIÑO,-3.631323222,-70.47199039,10,MUY_BAJA
91,AMAZONAS,91669,PUERTO SANTANDER,-1.101032624,-71.93893358,10,MUY_BAJA
91,AMAZONAS,91798,TARAPACÁ,-2.451794264,-70.00651535,10,MUY_BAJA
94,GUAINÍA,94001,INÍRIDA,3.516363079,-68.00834728,10,MUY_BAJA
94,GUAINÍA,94343,BARRANCOMINAS,3.140558454,-69.69713423,10,MUY_BAJA
94,GUAINÍA,94883,SAN FELIPE,2.312179782,-67.52060569,10,MUY_BAJA
94,GUAINÍA,94884,PUERTO COLOMBIA,2.582829542,-68.25799033,10,MUY_BAJA
94,GUAINÍA,94885,LA GUADALUPE,1.404540273,-67.001518,10,MUY_BAJA
94,GUAINÍA,94886,CACAHUAL,3.38616245,-67.58507998,10,MUY_BAJA
94,GUAINÍA,94887,PANA PANA,1.981055294,-69.11440036,10,MUY_BAJA
94,GUAINÍA,94888,MORICHAL,2.421444806,-69.84001585,10,MUY_BAJA
95,GUAVIARE,95001,SAN JOSÉ DEL GUAVIARE,2.484286091,-71.91916993,10,MUY_BAJA
95,GUAVIARE,95015,CALAMAR,1.613634284,-73.0342639,10,MUY_BAJA
95,GUAVIARE,95025,EL RETORNO,2.143447362,-72.24364869,10,MUY_BAJA
95,GUAVIARE,95200,MIRAFLORES,1.363974932,-72.01810951,10,MUY_BAJA
97,VAUPÉS,97001,MITÚ,1.06148231,-70.46688401,10,MUY_BAJA
97,VAUPÉS,97161,CARURÚ,1.052762314,-71.33093035,10,MUY_BAJA
97,VAUPÉS,97511,PACOA,-0.00834364,-70.5433061,10,MUY_BAJA
97,VAUPÉS,97666,TARAIRA,-0.719822209,-69.90776202,10,MUY_BAJA
97,VAUPÉS,97777,PAPUNAHUA,1.569312273,-70.91166315,10,MUY_BAJA
97,VAUPÉS,97889,YAVARATÉ,0.833312241,-69.61867754,10,MUY_BAJA
99,VICHADA,99001,PUERTO CARREÑO,5.836529669,-68.14122234,10,MUY_BAJA
99,VICHADA,99524,LA PRIMAVERA,5.517593607,-69.62044054,10,MUY_BAJA
99,VICHADA,99624,SANTA ROSALÍA,4.968581012,-70.65997097,10,MUY_BAJA
99,VICHADA,99773,CUMARIBO,4.262454746,-69.52140484,10,MUY_BAJA
