COD_MPIO,NOM_MPIO,NOM_DPTO,cartera_cana_azucar,cartera_arroz,cartera_cafe,cartera_palma_aceite,cartera_cacao
5001,MEDELLÍN,ANTIOQUIA,967524073,551289488,404940175,0,2926246264
5004,ABRIAQUÍ,ANTIOQUIA,1163627,0,2889480,7476636,6970257
5021,ALEJANDRÍA,ANTIOQUIA,3278119,4502909,0,36153,4482819
5030,AMAGA,ANTIOQUIA,14001075,49647262,6646365,24705298,0
5031,AMALFI,ANTIOQUIA,11080859,0,8142536,0,14776605
5034,ANDES,ANTIOQUIA,36072674,0,50255586,33671740,0
5036,ANGELÓPOLIS,ANTIOQUIA,6219927,0,7926862,6881686,6971525
5038,ANGOSTURA,ANTIOQUIA,0,0,13572450,2646669,5780881
5040,ANORÍ,ANTIOQUIA,6715811,0,3078040,5812059,3394090
5044,ANZA,ANTIOQUIA,0,6724882,6191488,1827511,256119
5045,APARTADÓ,ANTIOQUIA,60273087,0,269368251,250358662,0
5051,ARBOLETES,ANTIOQUIA,0,34425393,0,25015090,5559517
5055,ARGELIA,ANTIOQUIA,0,15252344,8747656,0,0
5059,ARMENIA,ANTIOQUIA,11439426,0,2041016,1057814,2461744
5079,BARBOSA,ANTIOQUIA,47526732,73604562,57813855,31054851,0
5086,BELMIRA,ANTIOQUIA,6649493,2943011,2539202,0,1368294
5088,BELLO,ANTIOQUIA,0,1033398219,216601781,0,0
5091,BETANIA,ANTIOQUIA,4672838,3305436,4771599,3250127,0
5093,BETULIA,ANTIOQUIA,0,0,11554551,0,2645449
5101,CIUDAD BOLÍVAR,ANTIOQUIA,25798391,60766387,8435222,0,0
5107,BRICEÑO,ANTIOQUIA,995610,0,3685570,4263443,2055377
5113,BURITICÁ,ANTIOQUIA,5949370,3329485,5605050,3116095,0
5120,CÁCERES,ANTIOQUIA,2190842,0,719752,18954123,20135283
5125,CAICEDO,ANTIOQUIA,1917331,0,0,0,7582669
5129,CALDAS,ANTIOQUIA,210799918,67507626,0,41692456,0
5134,CAMPAMENTO,ANTIOQUIA,4604021,1085640,0,552660,2457679
5138,CAÑASGORDAS,ANTIOQUIA,0,0,840294,10136283,10023423
5142,CARACOLÍ,ANTIOQUIA,0,0,10558870,1441130,0
5145,CARAMANTA,ANTIOQUIA,0,3378196,0,4421804,0
5147,CAREPA,ANTIOQUIA,38981766,41294781,0,0,4723453
