COD_MPIO,NOM_MPIO,NOM_DPTO,LATITUD,LONGITUD,precip_acum_mm,precip_max_10min,n_estaciones,alerta_compuesta,frecuencia_extremos,frecuencia_reciente,ratio_reciente,tendencia,sequia_categoria,alerta,fecha,municipio_afectado
5001,MEDELLÍN,ANTIOQUIA,6.257590259,-75.61103107,0.0,0.0,5,CRÍTICA,0.1437699680511182,0.1429314437780718,6.245310029525196,estable,MODERADA,3,2026-09-17,1
5004,ABRIAQUÍ,ANTIOQUIA,6.627569378,-76.08597756,0.0,0.0,2,CRÍTICA,0.1028571428571428,0.0839884727633086,2.505656104105376,estable,ALTA,3,2026-09-17,1
5031,AMALFI,ANTIOQUIA,6.977788843,-74.9812393,0.0,0.0,2,MODERADA,0.0773195876288659,0.1187814794315307,1.5362404673144645,estable,MODERADA,1,2026-09-17,1
5034,ANDES,ANTIOQUIA,5.604993248,-75.94128391,,,1,BAJA,0.0562414266117969,0.0,,sin_datos,MODERADA,0,2026-09-17,1
5038,ANGOSTURA,ANTIOQUIA,6.861498764,-75.358316,0.0,0.0,4,CRÍTICA,0.1117318435754189,0.1479181795332591,1.7597540990753473,creciente,MODERADA,3,2026-09-17,0
5040,ANORÍ,ANTIOQUIA,7.193110778,-75.10848954,0.0,0.0,1,MODERADA,0.066860465116279,0.0906529176954448,1.3558523342275226,estable,MODERADA,1,2026-09-17,1
5042,SANTA FÉ DE ANTIOQUIA,ANTIOQUIA,6.535711576,-75.90426658,0.0,0.0,4,ALTA,0.10062893081761,0.0818538980817445,1.9784261323587624,estable,SEVERA,2,2026-09-17,1
5045,APARTADÓ,ANTIOQUIA,7.86047815,-76.58236264,0.0,0.0,2,CRÍTICA,0.106060606060606,0.1805580470903051,3.642212325700614,estable,NORMAL,3,2026-09-17,1
5055,ARGELIA,ANTIOQUIA,5.708114524,-75.09469795,5.9,3.0,2,CRÍTICA,0.2777777777777778,0.2785350936664968,7.923766344624503,estable,NORMAL,3,2026-09-17,1
5059,ARMENIA,ANTIOQUIA,6.163683758,-75.80995528,0.30000000000000004,0.1,1,MODERADA,0.0687679083094555,0.079474925312429,1.1556978722515727,decreciente,MODERADA,1,2026-09-17,1
5086,BELMIRA,ANTIOQUIA,6.665853953,-75.68621659,,,2,BAJA,0.0745272525027808,0.0,0.0,estable,ALTA,0,2026-09-17,0
5088,BELLO,ANTIOQUIA,6.358841086,-75.58973588,0.0,0.0,2,BAJA,0.0707885304659498,0.0052083333333333,0.0735759493670886,estable,MODERADA,0,2026-09-17,1
5101,CIUDAD BOLÍVAR,ANTIOQUIA,5.840995666,-76.01065253,,,1,BAJA,0.056065239551478,0.0,,sin_datos,MODERADA,0,2026-09-17,1
5120,CÁCERES,ANTIOQUIA,7.665155105,-75.22369744,0.0,0.0,2,MODERADA,0.058252427184466,0.0684189548294487,1.5009408215710316,estable,MODERADA,1,2026-09-17,1
5129,CALDAS,ANTIOQUIA,6.054446841,-75.62642674,0.0,0.0,1,MODERADA,0.0685714285714285,0.0878945451450923,1.2817954500325972,estable,SEVERA,1,2026-09-17,0
5138,CAÑASGORDAS,ANTIOQUIA,6.814950023,-76.02689632,33.1,28.7,4,ALTA,0.0869565217391304,0.1566678728375729,2.2428242848326225,creciente,NORMAL,2,2026-09-17,1
5142,CARACOLÍ,ANTIOQUIA,6.33797388,-74.73354817,,,2,CRÍTICA,0.202127659574468,0.2571120777370777,5.483253363108626,estable,NORMAL,3,2026-09-17,1
5147,CAREPA,ANTIOQUIA,7.757967437,-76.64374657,18.0,0.4,2,CRÍTICA,0.1052631578947368,0.1664053118598573,3.3281062371971464,estable,MODERADA,3,2026-09-17,1
5154,CAUCASIA,ANTIOQUIA,7.867941792,-75.03501824,0.26666666666666666,0.4,3,ALTA,0.0942857142857142,0.1387307077322343,4.047317603840401,estable,NORMAL,2,2026-09-17,1
5172,CHIGORODÓ,ANTIOQUIA,7.631665644,-76.63964213,,,3,MODERADA,0.0735294117647058,0.2200747792913691,4.740072169352566,estable,NORMAL,1,2026-09-17,1
5190,CISNEROS,ANTIOQUIA,6.550065431,-75.08254116,,,1,BAJA,0.0527131782945736,0.0,,sin_datos,ALTA,0,2026-09-17,0
5197,COCORNÁ,ANTIOQUIA,6.005593074,-75.16015403,,,2,BAJA,0.0547445255474452,0.0,,sin_datos,NORMAL,0,2026-09-17,1
5206,CONCEPCIÓN,ANTIOQUIA,6.376106187,-75.21785901,0.0,0.0,1,MODERADA,0.0687679083094555,0.1048349365045242,1.5244747016699562,estable,MODERADA,1,2026-09-17,1
5209,CONCORDIA,ANTIOQUIA,6.057468678,-75.90014678,,,2,BAJA,0.0534420289855072,0.0,,sin_datos,MODERADA,0,2026-09-17,1
5234,DABEIBA,ANTIOQUIA,6.992243782,-76.31426328,4.5,1.2,3,MODERADA,0.0687679083094555,0.134232184960993,1.951959689641108,estable,MODERADA,1,2026-09-17,1
5266,ENVIGADO,ANTIOQUIA,6.154394922,-75.54686779,0.0,0.0,1,ALTA,0.0687679083094555,0.0866530482889028,1.260079743867796,estable,SEVERA,2,2026-09-17,1
5282,FREDONIA,ANTIOQUIA,5.887702934,-75.67926242,0.15000000000000002,0.1,2,MODERADA,0.0673854447439353,0.0737737133013899,1.115827413683523,estable,MODERADA,1,2026-09-17,1
5306,GIRALDO,ANTIOQUIA,6.663095863,-75.94804663,0.0,0.0,1,MODERADA,0.0716417910447761,0.0822974696545362,1.1487355139279012,decreciente,NORMAL,1,2026-09-17,1
5313,GRANADA,ANTIOQUIA,6.123380721,-75.12763646,0.0,0.0,1,ALTA,0.0687679083094555,0.0936516302500035,1.3618507898854686,estable,MODERADA,2,2026-09-17,1
5364,JARDÍN,ANTIOQUIA,5.574444339,-75.81842575,0.0,0.0,2,BAJA,0.0591603053435114,0.0,0.0,sin_datos,MODERADA,0,2026-09-17,1
5368,JERICÓ,ANTIOQUIA,5.769820536,-75.76488256,,,1,BAJA,0.0495185694635488,0.0,,sin_datos,MODERADA,0,2026-09-17,1
5390,LA PINTADA,ANTIOQUIA,5.746583958,-75.60220206,0.03333333333333333,0.1,3,MODERADA,0.0683060109289617,0.053888618577645,1.3969907407407405,estable,NORMAL,1,2026-09-17,1
5400,LA UNIÓN,ANTIOQUIA,5.940434685,-75.35429023,0.2,0.2,2,ALTA,0.0759493670886076,0.0633624551971326,0.834272326762246,estable,MODERADA,2,2026-09-17,0
5425,MACEO,ANTIOQUIA,6.534573585,-74.71410854,0.0,0.0,2,ALTA,0.0537897310513447,0.0935907107541048,33.59906516072364,creciente,NORMAL,2,2026-09-17,0
5440,MARINILLA,ANTIOQUIA,6.18520515,-75.30487933,,,1,BAJA,0.0681818181818181,0.0,,sin_datos,ALTA,0,2026-09-17,0
5480,MUTATÁ,ANTIOQUIA,7.329557848,-76.4630657,0.0,0.0,2,BAJA,0.0698924731182795,0.0499828986724148,0.7151399348514734,sin_datos,MODERADA,0,2026-09-17,1
5483,NARIÑO,ANTIOQUIA,5.581275312,-75.19457019,0.0,0.0,1,MODERADA,0.0539772727272727,0.1585354172762613,2.9370772042759987,decreciente,NORMAL,1,2026-09-17,1
5495,NECHÍ,ANTIOQUIA,7.983477394,-74.65844186,0.0,0.0,4,MODERADA,0.0904017857142857,0.0716907387626736,4.8633226561798,creciente,MODERADA,1,2026-09-17,1
5501,OLAYA,ANTIOQUIA,6.611418083,-75.77567097,0.0,0.0,2,BAJA,0.0635359116022099,0.062708230411677,0.9869730177837868,estable,NORMAL,0,2026-09-17,1
5579,PUERTO BERRÍO,ANTIOQUIA,6.481922267,-74.5287421,,,4,MODERADA,0.0859375,0.0505473817301774,1.5290582973378672,creciente,NORMAL,1,2026-09-17,1
5585,PUERTO NARE,ANTIOQUIA,6.126539139,-74.70317722,,,4,CRÍTICA,0.1142857142857142,0.1726190476190476,3.13673469387755,insuficiente,ALTA,3,2026-09-17,1
5591,PUERTO TRIUNFO,ANTIOQUIA,5.954830151,-74.6861918,,,1,BAJA,0.0495356037151702,0.0,,sin_datos,NORMAL,0,2026-09-17,1
5604,REMEDIOS,ANTIOQUIA,6.997267375,-74.55865652,0.0,0.0,1,MODERADA,0.0685714285714285,0.1205329815878766,1.7577726481565346,estable,MODERADA,1,2026-09-17,1
5607,RETIRO,ANTIOQUIA,6.053444254,-75.51573805,,,2,CRÍTICA,0.116751269035533,0.2038200489275758,5.194123827509189,estable,MODERADA,3,2026-09-17,1
5615,RIONEGRO,ANTIOQUIA,6.150785807,-75.41076052,0.0,0.0,8,CRÍTICA,0.1843817787418655,0.1914089624636065,7.108085368775625,estable,MODERADA,3,2026-09-17,0
5658,SAN JOSÉ DE LA MONTAÑA,ANTIOQUIA,6.823258913,-75.67770826,0.0,0.0,2,CRÍTICA,0.1081794195250659,0.1001775715392697,2.7066495717739723,estable,NORMAL,3,2026-09-17,0
5660,SAN LUIS,ANTIOQUIA,6.024205956,-75.0076674,,,2,BAJA,0.08,0.0477935180444141,0.9956982925919604,decreciente,MODERADA,0,2026-09-17,1
5665,SAN PEDRO DE URABÁ,ANTIOQUIA,8.37915695,-76.31664233,,,2,MODERADA,0.0655737704918032,0.1745585827383062,5.411316064887494,estable,MODERADA,1,2026-09-17,1
5670,SAN ROQUE,ANTIOQUIA,6.466165211,-74.9450732,0.0,0.0,4,CRÍTICA,0.1154929577464788,0.2327906348643675,5.365469227755799,estable,MODERADA,3,2026-09-17,1
5679,SANTA BÁRBARA,ANTIOQUIA,5.878984956,-75.58330371,0.0,0.0,2,MODERADA,0.0865921787709497,0.1130656539020905,2.760132139374563,estable,MODERADA,1,2026-09-17,1
5690,SANTO DOMINGO,ANTIOQUIA,6.481044132,-75.14260097,11.700000000000001,0.7,1,ALTA,0.0659025787965616,0.0972221912388312,1.4752410757544394,estable,MODERADA,2,2026-09-17,1
5697,EL SANTUARIO,ANTIOQUIA,6.124209495,-75.25212278,,,1,BAJA,0.0597609561752988,0.0,,sin_datos,MODERADA,0,2026-09-17,0
5736,SEGOVIA,ANTIOQUIA,7.26692339,-74.62163926,0.1,0.1,2,ALTA,0.0687679083094555,0.0909601208088447,1.322711756761951,estable,ALTA,2,2026-09-17,1
5756,SONSÓN,ANTIOQUIA,5.826388779,-74.83637623,,,2,MODERADA,0.057471264367816,0.0184340160746694,2.138345864661654,estable,MODERADA,1,2026-09-17,1
5789,TÁMESIS,ANTIOQUIA,5.673758571,-75.70979974,,,2,BAJA,0.054287476866132,0.0,,sin_datos,MODERADA,0,2026-09-17,1
5790,TARAZÁ,ANTIOQUIA,7.488875998,-75.40189438,,,1,BAJA,0.0251428571428571,0.0,,sin_datos,MODERADA,0,2026-09-17,1
5792,TARSO,ANTIOQUIA,5.871064557,-75.82871144,0.0,0.0,2,ALTA,0.0555555555555555,0.1601923574527938,2.8834624341502897,estable,MODERADA,2,2026-09-17,1
5809,TITIRIBÍ,ANTIOQUIA,6.058349971,-75.79966005,0.0,0.0,2,MODERADA,0.0699088145896656,0.0826026281620451,1.1815767245788198,sin_datos,NORMAL,1,2026-09-17,1
5819,TOLEDO,ANTIOQUIA,7.016397069,-75.71363382,0.0,0.0,2,MODERADA,0.0845070422535211,0.1168754184883217,1.7336520409101055,estable,LEVE,1,2026-09-17,1
5837,TURBO,ANTIOQUIA,8.173851745,-76.5740377,0.0,0.0,2,ALTA,0.0769230769230769,0.0275388291517323,0.3580047789725208,decreciente,NORMAL,2,2026-09-17,1
5842,URAMITA,ANTIOQUIA,6.913916924,-76.13318514,0.2,0.1,2,MODERADA,0.0687679083094555,0.0913302551400227,1.328094126827831,decreciente,NORMAL,1,2026-09-17,1
5847,URRAO,ANTIOQUIA,6.33534134,-76.25906482,,,1,BAJA,0.0677966101694915,0.0,,sin_datos,ALTA,0,2026-09-17,1
5854,VALDIVIA,ANTIOQUIA,7.265404213,-75.40094502,0.0,0.0,5,CRÍTICA,0.2094972067039106,0.2718447919975612,26.271857398050024,estable,MODERADA,3,2026-09-17,1
5856,VALPARAÍSO,ANTIOQUIA,5.651937802,-75.63083412,,,1,BAJA,0.0550206327372764,0.0,,sin_datos,NORMAL,0,2026-09-17,1
5861,VENECIA,ANTIOQUIA,5.956576355,-75.77722423,0.0,0.0,2,ALTA,0.1581632653061224,0.1346273695582451,3.71736389821032,estable,MODERADA,2,2026-09-17,1
5873,VIGÍA DEL FUERTE,ANTIOQUIA,6.453351334,-76.69504802,0.0,0.0,3,ALTA,0.0567765567765567,0.0905114493349787,1.5941693979644642,estable,ALTA,2,2026-09-17,1
5885,YALÍ,ANTIOQUIA,6.716870679,-74.75565002,0.0,0.0,2,ALTA,0.0909090909090909,0.1267170329670329,1.3938873626373625,estable,MODERADA,2,2026-09-17,0
5893,YONDÓ,ANTIOQUIA,6.925159318,-74.15824041,,,1,BAJA,0.0125422093584177,0.0,,sin_datos,MODERADA,0,2026-09-17,1
5895,ZARAGOZA,ANTIOQUIA,7.474004006,-74.85848326,9.0,1.3,5,ALTA,0.1041666666666666,0.065965940999795,1.0521567589467309,estable,MODERADA,2,2026-09-17,1
8001,BARRANQUILLA,ATLÁNTICO,10.98152051,-74.82771544,0.0,0.0,7,ALTA,0.3333333333333333,0.0903353458304506,2.657866619544815,estable,MODERADA,2,2026-09-17,1
8372,JUAN DE ACOSTA,ATLÁNTICO,10.82306503,-75.07841904,541.4,28.4,3,ALTA,0.0747663551401869,0.2777188850605771,6.863623873639978,creciente,MODERADA,2,2026-09-17,0
8436,MANATÍ,ATLÁNTICO,10.45414555,-74.98477367,0.0,0.0,3,CRÍTICA,0.1078431372549019,0.1321036926139818,3.745139685606385,estable,MODERADA,3,2026-09-17,1
8520,PALMAR DE VARELA,ATLÁNTICO,10.69481208,-74.7701509,0.0,0.0,1,MODERADA,0.04,0.0510267035780786,1.2756675894519665,estable,ALTA,1,2026-09-17,1
8549,PIOJÓ,ATLÁNTICO,10.74078959,-75.14366034,,,3,MODERADA,0.1,0.1623824327940012,7.771159283712915,estable,NORMAL,1,2026-09-17,1
8606,REPELÓN,ATLÁNTICO,10.50757051,-75.12188053,0.0,0.0,2,MODERADA,0.0996563573883161,0.0743326934822535,1.9892075147098731,estable,MODERADA,1,2026-09-17,1
8634,SABANAGRANDE,ATLÁNTICO,10.79894015,-74.7687966,0.0,0.0,5,ALTA,0.1428571428571428,0.044148530835127,1.0098976428535311,estable,MODERADA,2,2026-09-17,1
8638,SABANALARGA,ATLÁNTICO,10.62250777,-74.95510542,0.0,0.0,2,BAJA,0.0539629005059021,0.0510267035780786,1.0028709818614692,estable,ALTA,0,2026-09-17,1
8758,SOLEDAD,ATLÁNTICO,10.9069066,-74.7784249,0.0,0.0,5,MODERADA,0.0625,0.0473665223665223,2.024918831168831,estable,ALTA,1,2026-09-17,1
8770,SUAN,ATLÁNTICO,10.31085035,-74.90713308,0.0,0.0,2,ALTA,0.0746268656716417,0.1132487547426499,2.713316055409517,creciente,MODERADA,2,2026-09-17,1
11001,"BOGOTÁ, D.C.","BOGOTÁ, D.C.",4.316107698,-74.1810727,0.0,0.0,5,CRÍTICA,0.1313131313131313,0.2045608826657214,4.216622368339936,estable,NORMAL,3,2026-09-17,1
13001,CARTAGENA DE INDIAS,BOLÍVAR,10.46343362,-75.45889915,0.2,0.2,8,MODERADA,0.0625,0.1318964945071246,4.1107740788053855,estable,NORMAL,1,2026-09-17,1
13006,ACHÍ,BOLÍVAR,8.622943262,-74.47805945,0.7000000000000001,0.1,1,BAJA,0.0691823899371069,0.0503802425173392,0.7282235054779044,estable,MODERADA,0,2026-09-17,1
13052,ARJONA,BOLÍVAR,10.16422123,-75.37121788,0.0,0.0,2,MODERADA,0.0775193798449612,0.0970255482089008,1.9752937078755468,estable,MODERADA,1,2026-09-17,1
13188,CICUCO,BOLÍVAR,9.235268598,-74.68840962,,,2,MODERADA,0.0761421319796954,0.0289170506912442,1.2651209677419355,estable,ALTA,1,2026-09-17,1
13244,EL CARMEN DE BOLÍVAR,BOLÍVAR,9.699819876,-75.15793573,0.0,0.0,6,ALTA,0.0984251968503937,0.1117823363493155,2.7945584087328883,estable,SEVERA,2,2026-09-17,1
13248,EL GUAMO,BOLÍVAR,10.03483672,-74.92811072,0.0,0.0,3,CRÍTICA,0.12,0.0974410552751566,5.359258040133617,creciente,MODERADA,3,2026-09-17,1
13300,HATILLO DE LOBA,BOLÍVAR,8.981717133,-74.09071902,0.0,0.0,3,MODERADA,0.0665658093797276,0.0397744352190264,1.2727819270088458,estable,ALTA,1,2026-09-17,1
13430,MAGANGUÉ,BOLÍVAR,9.053135895,-74.70539318,0.0,0.0,4,MODERADA,0.0814814814814814,0.0642745881450512,2.0567868206416398,decreciente,MODERADA,1,2026-09-17,1
13655,SAN JACINTO DEL CAUCA,BOLÍVAR,8.212463202,-74.75082,0.0,0.0,2,BAJA,0.06,0.0508770479641285,0.9044808526956186,estable,MODERADA,0,2026-09-17,1
13688,SANTA ROSA DEL SUR,BOLÍVAR,7.772519173,-74.26272843,,,1,BAJA,0.0545112781954887,0.0,,sin_datos,ALTA,0,2026-09-17,0
13744,SIMITÍ,BOLÍVAR,7.851315534,-73.98371609,,,2,MODERADA,0.0684931506849315,0.1094362745098039,2.4075980392156864,estable,ALTA,1,2026-09-17,1
13838,TURBANÁ,BOLÍVAR,10.25276929,-75.43270299,,,1,BAJA,0.034249879401833,0.0,,sin_datos,ALTA,0,2026-09-17,1
13894,ZAMBRANO,BOLÍVAR,9.745147021,-74.88067037,,,4,ALTA,0.0775862068965517,0.1145779992276008,6.301789957518045,estable,MODERADA,2,2026-09-17,1
15001,TUNJA,BOYACÁ,5.518472615,-73.37801856,0.0,0.0,1,BAJA,0.0655270655270655,0.0642770053678992,0.9809229949622889,estable,NORMAL,0,2026-09-17,0
15047,AQUITANIA,BOYACÁ,5.437416373,-72.87149471,1.6666666666666667,0.7,6,ALTA,0.0727272727272727,0.0796424633704976,1.9184105487336325,estable,NORMAL,2,2026-09-17,1
15051,ARCABUCO,BOYACÁ,5.73526424,-73.42793109,,,2,CRÍTICA,0.1457142857142857,0.1566889575803897,6.236220511699511,decreciente,MODERADA,3,2026-09-17,0
15104,BOYACÁ,BOYACÁ,5.439856216,-73.38136994,2.8000000000000003,0.4,3,BAJA,0.0681818181818181,0.063597927493966,0.9567340396918368,sin_datos,MODERADA,0,2026-09-17,0
15106,BRICEÑO,BOYACÁ,5.673229265,-73.92660705,,,2,BAJA,0.052760736196319,0.0,,sin_datos,MODERADA,0,2026-09-17,1
15109,BUENAVISTA,BOYACÁ,5.489399419,-73.95066255,0.0,0.0,1,ALTA,0.0687679083094555,0.1052035464653139,1.529834904849773,estable,ALTA,2,2026-09-17,0
15162,CERINZA,BOYACÁ,5.962013698,-72.96447288,,,2,CRÍTICA,0.1386666666666666,0.1375403582820036,3.145719181479816,estable,NORMAL,3,2026-09-17,0
15172,CHINAVITA,BOYACÁ,5.202971639,-73.34048074,,,2,CRÍTICA,0.1050847457627118,0.1106016056822508,2.5763668147159606,estable,NORMAL,3,2026-09-17,1
15176,CHIQUINQUIRÁ,BOYACÁ,5.622488024,-73.80424531,,,1,BAJA,0.0529172320217096,0.0,,sin_datos,NORMAL,0,2026-09-17,0
15183,CHITA,BOYACÁ,6.091468485,-72.43903174,0.0,0.0,2,CRÍTICA,0.1243243243243243,0.1863971306926492,25.909201166278248,estable,MODERADA,3,2026-09-17,1
15215,CORRALES,BOYACÁ,5.82454582,-72.84544845,,,1,BAJA,0.0662824207492795,0.0725314174593567,1.094278341669425,estable,MODERADA,0,2026-09-17,0
15223,CUBARÁ,BOYACÁ,6.886954878,-72.18156285,,,1,BAJA,0.0494699646643109,0.0,,sin_datos,MODERADA,0,2026-09-17,1
15226,CUÍTIVA,BOYACÁ,5.58775449,-72.93953686,0.5714285714285714,0.3,15,ALTA,0.1282051282051282,0.1063439138355203,6.850786870246152,estable,NORMAL,2,2026-09-17,1
15238,DUITAMA,BOYACÁ,5.890602515,-73.06709484,0.0,0.0,3,ALTA,0.2222222222222222,0.1017006802721088,1.7784580498866216,estable,MODERADA,2,2026-09-17,0
15244,EL COCUY,BOYACÁ,6.353363177,-72.41923752,2.7,0.8,2,MODERADA,0.0735390676296782,0.0238646812957157,2.55693013882669,estable,LEVE,1,2026-09-17,1
15248,EL ESPINO,BOYACÁ,6.508240556,-72.48049625,0.03333333333333333,0.1,8,CRÍTICA,0.2127659574468085,0.2218909878000787,4.535189640943382,creciente,NORMAL,3,2026-09-17,1
15272,FIRAVITOBA,BOYACÁ,5.67367659,-73.01983352,0.0,0.0,3,MODERADA,0.08203125,0.0444894067090025,1.5076965606939756,decreciente,MODERADA,1,2026-09-17,0
15317,GUACAMAYAS,BOYACÁ,6.445438546,-72.51635332,0.0,0.0,2,MODERADA,0.0557768924302788,0.089164665562181,1.658877498831276,decreciente,MODERADA,1,2026-09-17,1
15322,GUATEQUE,BOYACÁ,5.01450831,-73.48812352,0.0,0.0,2,BAJA,0.0502717391304347,0.0,0.0,estable,ALTA,0,2026-09-17,1
15368,JERICÓ,BOYACÁ,6.155633662,-72.58523093,,,1,MODERADA,0.0685714285714285,0.0954442430987568,1.3918952118568706,estable,MODERADA,1,2026-09-17,1
15377,LABRANZAGRANDE,BOYACÁ,5.541378132,-72.5903846,2.2,0.7,7,ALTA,0.1088435374149659,0.1149145392398129,3.72565032482762,estable,LEVE,2,2026-09-17,1
15380,LA CAPILLA,BOYACÁ,5.113167102,-73.45923708,1.1,0.4,2,BAJA,0.0551626591230551,0.0165895005995117,0.4844134175057423,decreciente,NORMAL,0,2026-09-17,1
15401,LA VICTORIA,BOYACÁ,5.507008121,-74.24162727,,,2,BAJA,0.0558035714285714,0.0213839326742552,0.3929297628894403,decreciente,ALTA,0,2026-09-17,0
15407,VILLA DE LEYVA,BOYACÁ,5.665762424,-73.514948,0.0,0.0,4,MODERADA,0.0739130434782608,0.0931668968083697,1.9466977912064636,decreciente,ALTA,1,2026-09-17,1
15425,MACANAL,BOYACÁ,4.980176495,-73.29413695,7.5,3.4,3,ALTA,0.0847457627118644,0.1263820334178211,4.865708286586112,estable,NORMAL,2,2026-09-17,1
15469,MONIQUIRÁ,BOYACÁ,5.863370485,-73.55852538,0.0,0.0,4,MODERADA,0.0909090909090909,0.1305080832578566,3.9224929468055816,sin_datos,MODERADA,1,2026-09-17,1
15476,MOTAVITA,BOYACÁ,5.606192449,-73.37734267,,,2,MODERADA,0.0825396825396825,0.067416060090499,1.7813397416220331,estable,NORMAL,1,2026-09-17,0
15491,NOBSA,BOYACÁ,5.778759851,-72.93268324,0.0,0.0,4,MODERADA,0.0825688073394495,0.0710753222525562,1.4998715439449686,estable,NORMAL,1,2026-09-17,0
15511,PACHAVITA,BOYACÁ,5.148323877,-73.39951219,,,2,BAJA,0.0584415584415584,0.0,,sin_datos,NORMAL,0,2026-09-17,1
15514,PÁEZ,BOYACÁ,5.095211035,-73.00435863,7.2,2.5,9,ALTA,0.0961538461538461,0.1200623313862561,6.5691247029908695,creciente,MODERADA,2,2026-09-17,1
15516,PAIPA,BOYACÁ,5.762027786,-73.13777442,0.06666666666666667,0.1,4,MODERADA,0.09009009009009,0.0830538106523769,1.7494032815191147,estable,NORMAL,1,2026-09-17,1
15518,PAJARITO,BOYACÁ,5.382328949,-72.69672674,16.0,2.4,3,ALTA,0.0833333333333333,0.1791822925751497,3.762828144078144,estable,ALTA,2,2026-09-17,1
15542,PESCA,BOYACÁ,5.498483324,-73.07837993,0.0,0.0,4,CRÍTICA,0.1481481481481481,0.2112825127293818,8.05690648541376,estable,ALTA,3,2026-09-17,1
15550,PISBA,BOYACÁ,5.768131812,-72.43993232,49.1,4.9,2,CRÍTICA,0.1330798479087452,0.1507181650086182,37.37810492213732,decreciente,NORMAL,3,2026-09-17,1
15572,PUERTO BOYACÁ,BOYACÁ,5.953466654,-74.4528581,,,3,BAJA,0.0865384615384615,0.0369047619047619,0.6642857142857143,estable,ALTA,0,2026-09-17,1
15600,RÁQUIRA,BOYACÁ,5.496268621,-73.62894438,,,1,BAJA,0.0522151898734177,0.0,,sin_datos,NORMAL,0,2026-09-17,1
15632,SABOYÁ,BOYACÁ,5.699926051,-73.74799466,,,1,BAJA,0.05198973042362,0.0,,sin_datos,MODERADA,0,2026-09-17,0
15646,SAMACÁ,BOYACÁ,5.47053997,-73.5211756,1.2,0.6,2,MODERADA,0.0714285714285714,0.1061467477295521,1.4860544682137302,estable,NORMAL,1,2026-09-17,1
15681,SAN PABLO DE BORBUR,BOYACÁ,5.677345066,-74.11403749,0.0,0.0,2,MODERADA,0.0687679083094555,0.1399725274725274,2.755407469685487,estable,MODERADA,1,2026-09-17,1
15686,SANTANA,BOYACÁ,6.057614971,-73.48974828,,,3,ALTA,0.0626780626780626,0.1946733407917562,3.1059246644502925,creciente,ALTA,2,2026-09-17,1
15690,SANTA MARÍA,BOYACÁ,4.823002556,-73.25377506,1.5,0.8,4,BAJA,0.0681818181818181,0.0517677442355656,1.0131687086103558,sin_datos,NORMAL,0,2026-09-17,1
15740,SIACHOQUE,BOYACÁ,5.498747701,-73.21681778,1.4000000000000001,0.2,3,ALTA,0.15,0.1565373227364812,3.85603605007532,insuficiente,MODERADA,2,2026-09-17,0
15755,SOCOTÁ,BOYACÁ,5.906513772,-72.53646361,2.5,0.4,3,MODERADA,0.0975609756097561,0.0851521793062265,3.6047755906302585,decreciente,MODERADA,1,2026-09-17,1
15757,SOCHA,BOYACÁ,5.960498836,-72.68239784,,,2,CRÍTICA,0.1095505617977528,0.1002001673317958,3.802332665590778,estable,MODERADA,3,2026-09-17,0
15759,SOGAMOSO,BOYACÁ,5.646672053,-72.8709565,1.3,0.4,6,MODERADA,0.0828282828282828,0.0947553162614373,1.6206245193703552,decreciente,ALTA,1,2026-09-17,0
15761,SOMONDOCO,BOYACÁ,4.970974064,-73.42878785,,,1,BAJA,0.052757793764988,0.0,,sin_datos,MODERADA,0,2026-09-17,1
15763,SOTAQUIRÁ,BOYACÁ,5.763010553,-73.24352232,,,2,BAJA,0.0685714285714285,0.0521058354746349,0.7598767673384264,decreciente,MODERADA,0,2026-09-17,0
15774,SUSACÓN,BOYACÁ,6.215200578,-72.71575634,,,1,BAJA,0.0643274853801169,0.0562470343894148,0.8743857164172666,estable,NORMAL,0,2026-09-17,1
15790,TASCO,BOYACÁ,5.882294313,-72.72626817,,,1,ALTA,0.0677966101694915,0.0699853222919036,1.0322835038055782,estable,MODERADA,2,2026-09-17,0
15806,TIBASOSA,BOYACÁ,5.747329389,-73.01114724,0.0,0.0,3,ALTA,0.1173184357541899,0.1066194174686387,5.314567886129069,estable,NORMAL,2,2026-09-17,0
15810,TIPACOQUE,BOYACÁ,6.42035349,-72.69463583,0.0,0.0,1,MODERADA,0.054858934169279,0.1219891219891219,2.223687423687424,estable,ALTA,1,2026-09-17,1
15820,TÓPAGA,BOYACÁ,5.765350303,-72.83672958,,,2,BAJA,0.0558583106267029,0.0225274725274725,0.4032967032967033,estable,LEVE,0,2026-09-17,0
15822,TOTA,BOYACÁ,5.501297215,-72.99633297,1.8,0.3,2,ALTA,0.0862745098039215,0.1198440144160136,3.292185572486962,estable,NORMAL,2,2026-09-17,1
15837,TUTA,BOYACÁ,5.678126998,-73.17343053,0.0,0.0,2,MODERADA,0.0657534246575342,0.0595408471010992,1.4233097735596103,decreciente,SEVERA,1,2026-09-17,0
15839,TUTAZÁ,BOYACÁ,6.078051903,-72.85707832,,,2,MODERADA,0.0685714285714285,0.0960237341544383,1.4003461230855598,estable,NORMAL,1,2026-09-17,0
15861,VENTAQUEMADA,BOYACÁ,5.383385481,-73.52097942,,,2,BAJA,0.053035143769968,0.0215697683439618,0.9382849229623422,estable,LEVE,0,2026-09-17,0
15897,ZETAQUIRA,BOYACÁ,5.285635983,-73.16763091,0.30000000000000004,0.1,2,BAJA,0.0562579013906447,0.0259437236316308,0.7134523998698479,estable,NORMAL,0,2026-09-17,1
17001,MANIZALES,CALDAS,5.08343301,-75.50727881,0.0,0.0,6,ALTA,0.0911528150134048,0.1194294046227706,16.003540219451267,estable,NORMAL,2,2026-09-17,1
17013,AGUADAS,CALDAS,5.616204006,-75.4554471,,,1,BAJA,0.053177691309987,0.0,,sin_datos,NORMAL,0,2026-09-17,1
17042,ANSERMA,CALDAS,5.20029922,-75.75289078,,,2,BAJA,0.0517492711370262,0.0,,sin_datos,MODERADA,0,2026-09-17,1
17088,BELALCÁZAR,CALDAS,4.99467728,-75.81225989,0.0,0.0,5,ALTA,0.0571428571428571,0.0904297479443475,1.8312023958730368,sin_datos,NORMAL,2,2026-09-17,1
17174,CHINCHINÁ,CALDAS,4.974340569,-75.65954686,,,8,BAJA,0.0553449583017437,0.0,,sin_datos,MODERADA,0,2026-09-17,1
17380,LA DORADA,CALDAS,5.410515691,-74.72114262,0.0,0.0,5,ALTA,0.1428571428571428,0.1300642888970059,2.9419976651594504,estable,SEVERA,2,2026-09-17,1
17433,MANZANARES,CALDAS,5.23295391,-75.15263447,0.0,0.0,3,BAJA,0.0782122905027933,0.0429790684145449,1.0054032075545332,decreciente,ALTA,0,2026-09-17,1
17444,MARQUETALIA,CALDAS,5.309142491,-75.04117892,,,2,BAJA,0.0551558752997601,0.0,,sin_datos,NORMAL,0,2026-09-17,1
17446,MARULANDA,CALDAS,5.235585244,-75.28316648,,,1,BAJA,0.0584192439862542,0.0,0.0,estable,ALTA,0,2026-09-17,0
17513,PÁCORA,CALDAS,5.500035035,-75.48245057,,,2,ALTA,0.2,0.0,,sin_datos,NORMAL,2,2026-09-17,1
17524,PALESTINA,CALDAS,5.050342543,-75.66176266,,,1,BAJA,0.0521945432977461,0.0,,sin_datos,ALTA,0,2026-09-17,1
17541,PENSILVANIA,CALDAS,5.407187836,-75.16683996,0.0,0.0,2,ALTA,0.0646766169154228,0.0882863728010404,1.5803260731386235,estable,MODERADA,2,2026-09-17,1
17653,SALAMINA,CALDAS,5.370332425,-75.40962177,0.0,0.0,2,MODERADA,0.0580075662042875,0.0952380952380952,5.714285714285714,estable,NORMAL,1,2026-09-17,1
17665,SAN JOSÉ,CALDAS,5.083424513,-75.8101789,,,1,BAJA,0.0566666666666666,0.0,,sin_datos,NORMAL,0,2026-09-17,0
17777,SUPÍA,CALDAS,5.45295802,-75.64035705,,,2,BAJA,0.0537190082644628,0.0,,sin_datos,MODERADA,0,2026-09-17,1
17873,VILLAMARÍA,CALDAS,4.940211591,-75.43544014,0.0,0.0,16,CRÍTICA,0.2486486486486486,0.5308757908757908,10.743914815343388,estable,NORMAL,3,2026-09-17,1
18001,FLORENCIA,CAQUETÁ,1.749138704,-75.55823906,0.0,0.0,8,ALTA,0.0684931506849315,0.2026473526473526,6.011871461871462,creciente,MODERADA,2,2026-09-17,1
18029,ALBANIA,CAQUETÁ,1.22786549,-75.88232651,0.4,0.2,2,ALTA,0.0687679083094555,0.0780285475511845,1.1346651289734753,estable,MODERADA,2,2026-09-17,0
18247,EL DONCELLO,CAQUETÁ,1.713734697,-75.26878109,,,4,ALTA,0.1428571428571428,0.0330645161290322,0.5951612903225807,sin_datos,MODERADA,2,2026-09-17,0
18460,MILÁN,CAQUETÁ,1.146692554,-75.38664764,21.3,13.3,5,CRÍTICA,0.25,0.0817685246447204,8.912769186274524,estable,NORMAL,3,2026-09-17,1
18479,MORELIA,CAQUETÁ,1.38299611,-75.67381123,,,5,MODERADA,0.0568181818181818,0.4958333333333333,8.726666666666667,estable,MODERADA,1,2026-09-17,1
18592,PUERTO RICO,CAQUETÁ,2.018940891,-75.07308627,,,2,ALTA,0.3529411764705882,0.3287807430664573,10.556210286312329,estable,MODERADA,2,2026-09-17,0
19001,POPAYÁN,CAUCA,2.471704362,-76.59194419,,,6,MODERADA,0.0590062111801242,0.0909282822440717,2.4550636205899368,creciente,ALTA,1,2026-09-17,1
19050,ARGELIA,CAUCA,2.329337283,-77.26314906,,,2,MODERADA,0.08,0.0870054114835898,1.612159095137106,insuficiente,MODERADA,1,2026-09-17,1
19075,BALBOA,CAUCA,2.084732945,-77.2088133,0.0,0.0,7,MODERADA,0.0961538461538461,0.0912745530777538,2.5130926947408234,estable,MODERADA,1,2026-09-17,1
19130,CAJIBÍO,CAUCA,2.643209848,-76.70138914,,,1,BAJA,0.0555555555555555,0.0,,sin_datos,ALTA,0,2026-09-17,1
19212,CORINTO,CAUCA,3.136753606,-76.20964569,,,1,MODERADA,0.0402684563758389,0.0774061118027634,1.922251776435291,estable,LEVE,1,2026-09-17,0
19256,EL TAMBO,CAUCA,2.534488312,-77.00511207,,,2,BAJA,0.0668896321070234,0.0,,sin_datos,NORMAL,0,2026-09-17,1
19355,INZÁ,CAUCA,2.499058783,-76.13762531,,,2,BAJA,0.0714285714285714,0.0,,sin_datos,ALTA,0,2026-09-17,1
19392,LA SIERRA,CAUCA,2.187473572,-76.78228032,,,2,CRÍTICA,0.108991825613079,0.1364800670875562,4.213271748477139,decreciente,SEVERA,3,2026-09-17,1
19397,LA VEGA,CAUCA,2.053933426,-76.7588062,,,1,BAJA,0.0513176144244105,0.0,,sin_datos,NORMAL,0,2026-09-17,1
19455,MIRANDA,CAUCA,3.228235212,-76.21670827,,,1,BAJA,0.0773333333333333,0.0774061118027634,1.0009411008978024,estable,LEVE,0,2026-09-17,0
19517,PÁEZ,CAUCA,2.733887702,-75.99368264,,,1,BAJA,0.0610932475884244,0.0,,sin_datos,NORMAL,0,2026-09-17,1
19532,PATÍA,CAUCA,2.157983906,-77.0465762,,,2,MODERADA,0.0395061728395061,0.0956547619047619,3.646837797619048,estable,ALTA,1,2026-09-17,1
19533,PIAMONTE,CAUCA,1.054128816,-76.4443271,1.8,0.8,2,ALTA,0.0717131474103585,0.1863321225715113,4.085997259246714,creciente,NORMAL,2,2026-09-17,0
19548,PIENDAMÓ - TUNÍA,CAUCA,2.702420026,-76.53770455,,,2,BAJA,0.054559043348281,0.0,,sin_datos,MODERADA,0,2026-09-17,0
19585,PURACÉ,CAUCA,2.262153618,-76.44826938,,,6,CRÍTICA,0.1136363636363636,0.1632129774986917,3.204909376337948,creciente,ALTA,3,2026-09-17,0
19622,ROSAS,CAUCA,2.260421954,-76.74582033,,,1,BAJA,0.0464684014869888,0.0,,sin_datos,ALTA,0,2026-09-17,1
19693,SAN SEBASTIÁN,CAUCA,1.856261815,-76.71652424,,,2,MODERADA,0.0967741935483871,0.1244658119658119,1.2861467236467237,estable,NORMAL,1,2026-09-17,1
19701,SANTA ROSA,CAUCA,1.52002179,-76.53876281,,,2,BAJA,0.0567612687813021,0.0296324365289882,0.7852595680181887,estable,LEVE,0,2026-09-17,0
19807,TIMBÍO,CAUCA,2.369625312,-76.71051932,,,2,BAJA,0.0681818181818181,0.0,,sin_datos,ALTA,0,2026-09-17,1
19821,TORIBÍO,CAUCA,2.975771999,-76.20331566,,,1,BAJA,0.0555555555555555,0.0,,sin_datos,NORMAL,0,2026-09-17,0
19824,TOTORÓ,CAUCA,2.475213085,-76.39675937,0.0,0.0,2,BAJA,0.0643693107932379,0.0,0.0,estable,ALTA,0,2026-09-17,0
20013,AGUSTÍN CODAZZI,CESAR,9.949215908,-73.22358244,25.5,6.8,4,ALTA,0.0848375451263537,0.2688762823025328,9.948422445193716,estable,LEVE,2,2026-09-17,1
20060,BOSCONIA,CESAR,9.946391309,-73.86628815,,,3,MODERADA,0.0640854472630173,0.0604163427592969,2.6583190814090645,estable,MODERADA,1,2026-09-17,1
20175,CHIMICHAGUA,CESAR,9.27797765,-73.84697903,,,1,BAJA,0.0769230769230769,0.0,,sin_datos,MODERADA,0,2026-09-17,1
20178,CHIRIGUANÁ,CESAR,9.426648354,-73.54797894,,,1,BAJA,0.0471414242728184,0.0,,sin_datos,MODERADA,0,2026-09-17,1
20228,CURUMANÍ,CESAR,9.238771332,-73.48810861,0.0,0.0,2,MODERADA,0.0579150579150579,0.1019042295315449,1.970148437609868,estable,MODERADA,1,2026-09-17,1
20295,GAMARRA,CESAR,8.337726622,-73.70649199,0.0,0.0,2,ALTA,0.0513775130305286,0.0897245086890395,2.4375158193855757,creciente,NORMAL,2,2026-09-17,1
20310,GONZÁLEZ,CESAR,8.405516522,-73.37537309,,,2,BAJA,0.0532761788120024,0.0,,sin_datos,NORMAL,0,2026-09-17,0
20443,MANAURE BALCÓN DEL CESAR,CESAR,10.38027852,-73.00706275,,,1,BAJA,0.0512820512820512,0.0,,sin_datos,MODERADA,0,2026-09-17,0
20517,PAILITAS,CESAR,8.938916143,-73.57247213,0.0,0.0,3,BAJA,0.093167701863354,0.024211860670194,0.9256380579297244,estable,SEVERA,0,2026-09-17,1
20570,PUEBLO BELLO,CESAR,10.41736874,-73.61450632,,,4,MODERADA,0.0681818181818181,0.1142857142857142,2.1662337662337663,sin_datos,NORMAL,1,2026-09-17,1
20614,RÍO DE ORO,CESAR,8.201070245,-73.48750127,0.0,0.0,2,ALTA,0.0976744186046511,0.1623860501590142,3.486329076883327,estable,NORMAL,2,2026-09-17,1
23001,MONTERÍA,CÓRDOBA,8.584698016,-75.95055079,,,1,BAJA,0.0502913878696309,0.0,,sin_datos,NORMAL,0,2026-09-17,1
23068,AYAPEL,CÓRDOBA,8.265768688,-75.04868436,0.16666666666666666,0.2,15,CRÍTICA,0.3064516129032258,0.2494850014412348,58.37949033724895,estable,NORMAL,3,2026-09-17,1
23079,BUENAVISTA,CÓRDOBA,8.191397953,-75.43382532,,,1,BAJA,0.0663716814159292,0.0,,sin_datos,MODERADA,0,2026-09-17,1
23162,CERETÉ,CÓRDOBA,8.895667051,-75.87842391,0.0,0.0,6,CRÍTICA,0.1485943775100401,0.1747872690152306,9.169936967116124,estable,NORMAL,3,2026-09-17,1
23168,CHIMÁ,CÓRDOBA,9.11024941,-75.65237351,0.0,0.0,1,MODERADA,0.0625,0.0823554641296576,1.3176874260745228,estable,MODERADA,1,2026-09-17,1
23182,CHINÚ,CÓRDOBA,9.053287104,-75.37387363,,,4,MODERADA,0.0802469135802469,0.1171473738936983,2.718795302449581,decreciente,MODERADA,1,2026-09-17,1
23350,LA APARTADA,CÓRDOBA,8.052218422,-75.28816022,0.0,0.0,5,CRÍTICA,0.1759259259259259,0.2142783200348623,11.52444703839673,creciente,ALTA,3,2026-09-17,1
23417,LORICA,CÓRDOBA,9.165034998,-75.90978124,0.0,0.0,4,ALTA,0.1626016260162601,0.0856665117643224,2.896343969174712,decreciente,MODERADA,2,2026-09-17,1
23555,PLANETA RICA,CÓRDOBA,8.181108488,-75.68923803,0.0,0.0,2,BAJA,0.0650069156293222,0.0242296918767506,0.3727248346146968,estable,ALTA,0,2026-09-17,1
23570,PUEBLO NUEVO,CÓRDOBA,8.481339568,-75.40516154,6.06,9.7,5,CRÍTICA,0.1169230769230769,0.1773628506593458,13.530251750298666,estable,NORMAL,3,2026-09-17,1
23574,PUERTO ESCONDIDO,CÓRDOBA,8.988667731,-76.19405912,0.0,0.0,2,ALTA,0.0919540229885057,0.1070888147975434,1.1645908609232851,estable,MODERADA,2,2026-09-17,1
23580,PUERTO LIBERTADOR,CÓRDOBA,7.711515736,-75.77123224,0.0,0.0,5,CRÍTICA,0.1833333333333333,0.3761124052598706,12.3114127321731,estable,MODERADA,3,2026-09-17,1
23675,SAN BERNARDO DEL VIENTO,CÓRDOBA,9.330098329,-75.97623858,,,1,BAJA,0.0463320463320463,0.0,,sin_datos,MODERADA,0,2026-09-17,1
23678,SAN CARLOS,CÓRDOBA,8.706464263,-75.69251825,,,3,BAJA,0.0635538261997405,0.0283109318996415,0.8729204002389486,estable,ALTA,0,2026-09-17,1
23682,SAN JOSÉ DE URÉ,CÓRDOBA,7.753054395,-75.5672474,,,4,CRÍTICA,0.1428571428571428,0.196969696969697,1.6383655705587483,estable,SEVERA,3,2026-09-17,1
23807,TIERRALTA,CÓRDOBA,7.813896829,-76.16846678,0.0,0.0,1,MODERADA,0.0687285223367697,0.0956537154885849,1.3917615603589104,estable,MODERADA,1,2026-09-17,1
23855,VALENCIA,CÓRDOBA,8.219904128,-76.2213286,,,1,BAJA,0.060931899641577,0.0,,sin_datos,ALTA,0,2026-09-17,1
25035,ANAPOIMA,CUNDINAMARCA,4.559962881,-74.5256953,0.0,0.0,2,MODERADA,0.0614525139664804,0.0810362195304191,1.5542331335577824,estable,MODERADA,1,2026-09-17,0
25040,ANOLAIMA,CUNDINAMARCA,4.789313614,-74.46194256,0.0,0.0,5,MODERADA,0.0844155844155844,0.0727218196547544,2.068531759068569,estable,MODERADA,1,2026-09-17,0
25123,CACHIPAY,CUNDINAMARCA,4.723063341,-74.45919528,,,2,BAJA,0.0651162790697674,0.0,,sin_datos,NORMAL,0,2026-09-17,0
25126,CAJICÁ,CUNDINAMARCA,4.930402779,-74.02985115,0.0,0.0,2,MODERADA,0.0835654596100278,0.11018216384116,2.957289277496737,estable,MODERADA,1,2026-09-17,0
25148,CAPARRAPÍ,CUNDINAMARCA,5.381501399,-74.52123595,,,2,BAJA,0.0535714285714285,0.0,,sin_datos,NORMAL,0,2026-09-17,1
25151,CÁQUEZA,CUNDINAMARCA,4.402259457,-73.94482435,0.7000000000000001,0.2,4,ALTA,0.0884353741496598,0.0902148083698185,2.099544631152141,estable,NORMAL,2,2026-09-17,1
25154,CARMEN DE CARUPA,CUNDINAMARCA,5.338856556,-73.92614817,0.0,0.0,2,MODERADA,0.0663615560640732,0.0605193451133384,1.2709062473801074,estable,ALTA,1,2026-09-17,1
25175,CHÍA,CUNDINAMARCA,4.857823671,-74.03809539,0.0,0.0,15,ALTA,0.0909090909090909,0.1109427609427609,22.3952693010128,estable,NORMAL,2,2026-09-17,0
25178,CHIPAQUE,CUNDINAMARCA,4.463746629,-74.04605246,0.36000000000000004,0.2,47,CRÍTICA,0.156084656084656,0.1801126471813599,17.482221170855638,creciente,NORMAL,3,2026-09-17,0
25181,CHOACHÍ,CUNDINAMARCA,4.578183896,-73.95290054,,,20,CRÍTICA,1.0,0.1776926477136306,6.996597642976512,creciente,NORMAL,3,2026-09-17,1
25183,CHOCONTÁ,CUNDINAMARCA,5.118419271,-73.68068583,,,1,BAJA,0.0521739130434782,0.0,,sin_datos,NORMAL,0,2026-09-17,1
25214,COTA,CUNDINAMARCA,4.76754674,-74.1415583,0.0,0.0,28,ALTA,0.1515151515151515,0.1201439269945339,22.21624953798126,estable,ALTA,2,2026-09-17,0
25224,CUCUNUBÁ,CUNDINAMARCA,5.230308105,-73.78001885,0.4000000000000001,0.2,4,ALTA,0.0849673202614379,0.2602463517429684,6.897690135258945,estable,NORMAL,2,2026-09-17,1
25245,EL COLEGIO,CUNDINAMARCA,4.556947085,-74.42658478,,,3,BAJA,0.0533333333333333,0.0,,sin_datos,NORMAL,0,2026-09-17,0
25258,EL PEÑÓN,CUNDINAMARCA,5.261728244,-74.30830564,,,2,MODERADA,0.0666666666666666,0.1390751572203185,2.2715609012652025,estable,NORMAL,1,2026-09-17,1
25260,EL ROSAL,CUNDINAMARCA,4.879723016,-74.23802273,0.0,0.0,2,MODERADA,0.083743842364532,0.0916386271500439,1.924411170150923,estable,MODERADA,1,2026-09-17,0
25269,FACATATIVÁ,CUNDINAMARCA,4.834052334,-74.3380229,0.0,0.0,2,BAJA,0.0588235294117647,0.0490483847356217,0.953452747177818,estable,MODERADA,0,2026-09-17,0
25281,FOSCA,CUNDINAMARCA,4.316280072,-73.95286784,0.8999999999999999,0.3,4,ALTA,0.0783132530120482,0.0731684711788661,1.8731128621789743,estable,NORMAL,2,2026-09-17,0
25286,FUNZA,CUNDINAMARCA,4.743996711,-74.19865992,0.0,0.0,3,ALTA,0.2115384615384615,0.1641941048923516,5.184972878588597,decreciente,NORMAL,2,2026-09-17,0
25288,FÚQUENE,CUNDINAMARCA,5.416288902,-73.77059829,,,1,BAJA,0.0543565147881694,0.0,,sin_datos,NORMAL,0,2026-09-17,1
25290,FUSAGASUGÁ,CUNDINAMARCA,4.323534028,-74.38859114,,,1,BAJA,0.0553359683794466,0.0,,sin_datos,MODERADA,0,2026-09-17,0
25307,GIRARDOT,CUNDINAMARCA,4.338154518,-74.81143922,,,7,CRÍTICA,0.1287128712871287,0.0891772537710665,1.9021961673031729,estable,MODERADA,3,2026-09-17,1
25320,GUADUAS,CUNDINAMARCA,5.173554764,-74.64014651,,,2,BAJA,0.0788177339901477,0.0573768097111264,1.0471267772280572,estable,MODERADA,0,2026-09-17,1
25322,GUASCA,CUNDINAMARCA,4.801276832,-73.84643485,1.0625,0.5,8,CRÍTICA,0.28125,0.2031164187801905,4.695406185540198,creciente,NORMAL,3,2026-09-17,1
25324,GUATAQUÍ,CUNDINAMARCA,4.516381655,-74.78257788,0.0,0.0,3,MODERADA,0.0542168674698795,0.0677485547109203,1.7275881451284676,estable,SEVERA,1,2026-09-17,1
25335,GUAYABETAL,CUNDINAMARCA,4.231875945,-73.83543981,1.6,0.5,7,ALTA,0.0975609756097561,0.132351058902783,16.500508140357972,creciente,MODERADA,2,2026-09-17,1
25372,JUNÍN,CUNDINAMARCA,4.705170789,-73.69247873,1.5,0.3,3,ALTA,0.1227272727272727,0.0095866188769414,0.2384671445639187,estable,NORMAL,2,2026-09-17,1
25377,LA CALERA,CUNDINAMARCA,4.700785443,-73.92939921,1.2000000000000002,0.2,20,CRÍTICA,0.1623036649214659,0.1776926477136306,24.38727622059405,estable,MODERADA,3,2026-09-17,1
25386,LA MESA,CUNDINAMARCA,4.650773167,-74.47321717,,,2,BAJA,0.0618556701030927,0.0593202764976958,1.0474265964450296,estable,NORMAL,0,2026-09-17,0
25394,LA PALMA,CUNDINAMARCA,5.333400646,-74.40807863,,,1,BAJA,0.0543478260869565,0.0,,sin_datos,ALTA,0,2026-09-17,0
25407,LENGUAZAQUE,CUNDINAMARCA,5.303637171,-73.68153228,,,1,BAJA,0.0516211604095563,0.0,,sin_datos,MODERADA,0,2026-09-17,0
25438,MEDINA,CUNDINAMARCA,4.484437919,-73.40598487,0.0,0.0,4,ALTA,0.1233766233766233,0.0642782508728568,2.0823544679273267,decreciente,SEVERA,2,2026-09-17,1
25473,MOSQUERA,CUNDINAMARCA,4.672714223,-74.23573194,0.0,0.0,21,ALTA,0.4,0.2297409592531631,14.102560421848017,estable,MODERADA,2,2026-09-17,0
25483,NARIÑO,CUNDINAMARCA,4.407952015,-74.80565317,0.0,0.0,2,MODERADA,0.0957446808510638,0.0638503760792414,1.2842286950699815,estable,MODERADA,1,2026-09-17,0
25486,NEMOCÓN,CUNDINAMARCA,5.093705358,-73.88380238,0.0,0.0,5,MODERADA,0.0761421319796954,0.2206580844176755,28.68555097429782,creciente,MODERADA,1,2026-09-17,1
25489,NIMAIMA,CUNDINAMARCA,5.121445325,-74.39737048,0.0,0.0,3,ALTA,0.1103448275862069,0.0391465557543808,0.8469891154129678,estable,ALTA,2,2026-09-17,1
25506,VENECIA,CUNDINAMARCA,4.063342074,-74.45259796,0.10000000000000002,0.1,6,CRÍTICA,0.176056338028169,0.1857468731072251,4.227124584584852,estable,MODERADA,3,2026-09-17,0
25513,PACHO,CUNDINAMARCA,5.168367634,-74.16336544,0.0,0.0,5,MODERADA,0.0742857142857142,0.0889258839098939,2.069547843721168,estable,SEVERA,1,2026-09-17,1
25524,PANDI,CUNDINAMARCA,4.180497268,-74.4711213,0.0,0.0,3,BAJA,0.0769230769230769,0.0477584989681763,0.7641359834908221,estable,MODERADA,0,2026-09-17,0
25530,PARATEBUENO,CUNDINAMARCA,4.368158959,-73.2416614,,,1,BAJA,0.0670391061452514,0.0,,sin_datos,MODERADA,0,2026-09-17,1
25535,PASCA,CUNDINAMARCA,4.293733611,-74.27396924,0.0,0.0,4,MODERADA,0.0909090909090909,0.1718058828163192,3.4780215301840234,estable,NORMAL,1,2026-09-17,0
25572,PUERTO SALGAR,CUNDINAMARCA,5.619752748,-74.5801923,,,2,MODERADA,0.0693069306930693,0.027045924042587,1.210305100905768,decreciente,ALTA,1,2026-09-17,1
25592,QUEBRADANEGRA,CUNDINAMARCA,5.09998103,-74.4945107,0.0,0.0,3,CRÍTICA,0.1893939393939394,0.1341486548358918,2.958257315495657,estable,SEVERA,3,2026-09-17,1
25594,QUETAME,CUNDINAMARCA,4.334589044,-73.85264561,,,3,ALTA,1.0,1.0,1.0,insuficiente,MODERADA,2,2026-09-17,1
25599,APULO,CUNDINAMARCA,4.537711619,-74.59124656,,,1,BAJA,0.0543478260869565,0.0,,sin_datos,NORMAL,0,2026-09-17,0
25612,RICAURTE,CUNDINAMARCA,4.307363489,-74.72943403,,,1,BAJA,0.0560165975103734,0.0,,sin_datos,ALTA,0,2026-09-17,1
25645,SAN ANTONIO DEL TEQUENDAMA,CUNDINAMARCA,4.599741357,-74.34490342,,,1,MODERADA,0.032849020846494,0.1472834171554972,4.4836471030221565,estable,MODERADA,1,2026-09-17,0
25653,SAN CAYETANO,CUNDINAMARCA,5.314600423,-74.07232077,0.0,0.0,3,ALTA,0.1217948717948717,0.0996420894641139,2.08326842538555,estable,MODERADA,2,2026-09-17,0
25718,SASAIMA,CUNDINAMARCA,4.946805263,-74.41230921,,,1,BAJA,0.0533769063180827,0.0,,sin_datos,NORMAL,0,2026-09-17,0
25740,SIBATÉ,CUNDINAMARCA,4.465970004,-74.26328963,0.30000000000000004,0.1,1,ALTA,0.0142857142857142,0.153353497856186,10.734744849933024,creciente,MODERADA,2,2026-09-17,0
25743,SILVANIA,CUNDINAMARCA,4.436967141,-74.37050903,0.0,0.0,5,ALTA,0.5,0.1639560439560439,2.8629247675401523,decreciente,SEVERA,2,2026-09-17,0
25745,SIMIJACA,CUNDINAMARCA,5.509773128,-73.84519164,,,1,MODERADA,0.0685714285714285,0.0961379937925075,1.402012409474069,estable,MODERADA,1,2026-09-17,0
25754,SOACHA,CUNDINAMARCA,4.581866267,-74.24029696,,,34,CRÍTICA,0.2137203166226912,0.2297409592531631,11.897139536159742,estable,MODERADA,3,2026-09-17,0
25769,SUBACHOQUE,CUNDINAMARCA,4.970358034,-74.15689923,,,2,BAJA,0.0543307086614173,0.0,,sin_datos,NORMAL,0,2026-09-17,0
25772,SUESCA,CUNDINAMARCA,5.122728461,-73.82427313,0.8000000000000002,0.2,3,CRÍTICA,0.2634146341463415,0.2602463517429684,1.0076204900817496,estable,NORMAL,3,2026-09-17,1
25781,SUTATAUSA,CUNDINAMARCA,5.242909347,-73.85540343,,,1,BAJA,0.0515933232169954,0.0,,sin_datos,NORMAL,0,2026-09-17,0
25793,TAUSA,CUNDINAMARCA,5.170527212,-73.95819594,,,2,MODERADA,0.0710382513661202,0.1178466097820936,2.31316059772281,estable,NORMAL,1,2026-09-17,1
25797,TENA,CUNDINAMARCA,4.666608192,-74.36764956,0.0,0.0,2,BAJA,0.0591471801925722,0.0400749112247395,0.9404245834072212,estable,NORMAL,0,2026-09-17,0
25807,TIBIRITA,CUNDINAMARCA,5.084102682,-73.51362546,,,1,BAJA,0.0425824175824175,0.0,,sin_datos,MODERADA,0,2026-09-17,1
25817,TOCANCIPÁ,CUNDINAMARCA,4.968852913,-73.92887021,,,1,BAJA,0.0538922155688622,0.0,,sin_datos,NORMAL,0,2026-09-17,0
25843,VILLA DE SAN DIEGO DE UBATÉ,CUNDINAMARCA,5.316080652,-73.82010566,0.0,0.0,3,ALTA,0.0869565217391304,0.125625087278313,2.52872831933971,estable,NORMAL,2,2026-09-17,1
25845,UNE,CUNDINAMARCA,4.244611163,-74.11187304,1.0,0.1,2,CRÍTICA,0.1428571428571428,0.113122070581748,1.357464846980976,estable,MODERADA,3,2026-09-17,0
25867,VIANÍ,CUNDINAMARCA,4.914040619,-74.54936655,,,1,BAJA,0.0535168195718654,0.0,,sin_datos,MODERADA,0,2026-09-17,0
25873,VILLAPINZÓN,CUNDINAMARCA,5.227298709,-73.57725921,,,2,ALTA,0.2962962962962963,0.2340038993264799,5.049349962681935,decreciente,NORMAL,2,2026-09-17,0
25875,VILLETA,CUNDINAMARCA,5.011670402,-74.48764746,0.0,0.0,8,CRÍTICA,0.3373493975903614,0.2792796881885768,7.516498784979641,estable,MODERADA,3,2026-09-17,0
25885,YACOPÍ,CUNDINAMARCA,5.591910157,-74.36480865,0.0,0.0,2,BAJA,0.0625,0.0537501477017606,1.0000027479397322,estable,MODERADA,0,2026-09-17,1
25899,ZIPAQUIRÁ,CUNDINAMARCA,5.06631685,-74.04960323,,,2,ALTA,0.1142857142857142,0.0979658334497044,2.0336355771283467,estable,NORMAL,2,2026-09-17,1
27001,QUIBDÓ,CHOCÓ,5.7543229,-76.65015147,0.0,0.0,5,ALTA,0.3,0.0930086192182966,1.3951292882744497,decreciente,MODERADA,2,2026-09-17,1
27006,ACANDÍ,CHOCÓ,8.383938499,-77.26560256,,,1,BAJA,0.0500510725229826,0.0,,sin_datos,ALTA,0,2026-09-17,1
27025,ALTO BAUDÓ,CHOCÓ,5.636740989,-77.0842154,,,2,ALTA,0.0939597315436241,0.112612220977155,2.677355553731861,estable,LEVE,2,2026-09-17,1
27050,ATRATO,CHOCÓ,5.525825084,-76.65064357,4.46,6.1,8,CRÍTICA,0.2537313432835821,0.1499626916293583,2.7371205693815988,estable,NORMAL,3,2026-09-17,1
27075,BAHÍA SOLANO,CHOCÓ,6.162762775,-77.41653534,,,3,BAJA,0.0582010582010582,0.0,,sin_datos,ALTA,0,2026-09-17,1
27150,CARMEN DEL DARIÉN,CHOCÓ,7.033646541,-76.97423016,,,2,BAJA,0.0706521739130434,0.0423363822557371,0.5992226411581251,sin_datos,NORMAL,0,2026-09-17,1
27160,CÉRTEGUI,CHOCÓ,5.389828229,-76.52264237,12.325,6.1,5,CRÍTICA,0.358974358974359,0.4923940076689437,12.046476652737878,decreciente,MODERADA,3,2026-09-17,1
27205,CONDOTO,CHOCÓ,5.070586101,-76.50701751,231.86666666666667,27.4,3,CRÍTICA,0.119298245614035,0.316581144694944,14.721023228314891,estable,NORMAL,3,2026-09-17,1
27245,EL CARMEN DE ATRATO,CHOCÓ,5.810938364,-76.19189442,0.0,0.0,3,BAJA,0.0766283524904214,0.0014992503748125,0.5337331334332833,estable,MODERADA,0,2026-09-17,1
27250,EL LITORAL DEL SAN JUAN,CHOCÓ,4.272940191,-76.98785828,0.0,0.0,4,ALTA,0.0769230769230769,0.1144864128447077,2.1645919451801725,estable,NORMAL,2,2026-09-17,1
27361,ISTMINA,CHOCÓ,4.586818665,-77.00090737,,,2,ALTA,0.6,0.0,,sin_datos,NORMAL,2,2026-09-17,1
27372,JURADÓ,CHOCÓ,7.103338868,-77.67973662,,,1,BAJA,0.0604534005037783,0.0,,sin_datos,NORMAL,0,2026-09-17,1
27425,MEDIO ATRATO,CHOCÓ,6.033880098,-76.6734697,,,1,BAJA,0.0457380457380457,0.0,,sin_datos,NORMAL,0,2026-09-17,1
27430,MEDIO BAUDÓ,CHOCÓ,5.110392243,-76.99593075,,,1,BAJA,0.0511945392491467,0.0,,sin_datos,ALTA,0,2026-09-17,1
27450,MEDIO SAN JUAN,CHOCÓ,4.621182739,-76.80861843,,,4,BAJA,0.0626349892008639,0.0,0.0,insuficiente,NORMAL,0,2026-09-17,1
27491,NÓVITA,CHOCÓ,4.853386627,-76.61823669,58.2,6.7,4,ALTA,1.0,1.0,17.20689655172414,insuficiente,MODERADA,2,2026-09-17,1
27495,NUQUÍ,CHOCÓ,5.591359844,-77.33057439,,,1,BAJA,0.0573248407643312,0.0,,sin_datos,MODERADA,0,2026-09-17,1
27600,RÍO QUITO,CHOCÓ,5.567533337,-76.81157084,,,1,BAJA,0.0519480519480519,0.0,,sin_datos,ALTA,0,2026-09-17,1
27615,RIOSUCIO,CHOCÓ,7.389887937,-77.24067483,,,1,BAJA,0.0622406639004149,0.0,,sin_datos,ALTA,0,2026-09-17,1
27660,SAN JOSÉ DEL PALMAR,CHOCÓ,4.958741345,-76.28002361,58.2,6.7,1,BAJA,0.0,0.0,,estable,ALTA,0,2026-09-17,1
27800,UNGUÍA,CHOCÓ,8.117281079,-77.10372723,0.0,0.0,2,ALTA,0.0759493670886076,0.1925138839654968,3.906704162541204,estable,NORMAL,2,2026-09-17,1
27810,UNIÓN PANAMERICANA,CHOCÓ,5.281599258,-76.61962746,16.6,7.2,9,CRÍTICA,0.2916666666666667,0.4178353212444122,12.99925140887473,creciente,NORMAL,3,2026-09-17,1
41001,NEIVA,HUILA,2.993360046,-75.27236232,0.0,0.0,3,ALTA,0.1328125,0.0946797079861596,2.264423016002317,estable,MODERADA,2,2026-09-17,1
41006,ACEVEDO,HUILA,1.709114446,-75.99664184,3.8,1.4,3,ALTA,0.1032608695652173,0.1018653688008526,2.444768851220464,estable,MODERADA,2,2026-09-17,1
41013,AGRADO,HUILA,2.26975042,-75.71632236,0.0,0.0,3,BAJA,0.0685714285714285,0.0700778830787809,1.021969128232222,estable,ALTA,0,2026-09-17,1
41016,AIPE,HUILA,3.243441923,-75.27670655,0.0,0.0,3,MODERADA,0.0657142857142857,0.0643804404248165,1.6095110106204138,estable,SEVERA,1,2026-09-17,1
41020,ALGECIRAS,HUILA,2.49785068,-75.29134946,0.0,0.0,3,MODERADA,0.0973154362416107,0.0781702082235283,2.1444693789321274,decreciente,LEVE,1,2026-09-17,0
41026,ALTAMIRA,HUILA,2.07922808,-75.76858288,0.0,0.0,3,MODERADA,0.0657142857142857,0.0352767676581576,1.3140595952663712,decreciente,ALTA,1,2026-09-17,1
41132,CAMPOALEGRE,HUILA,2.658666675,-75.32943803,,,5,MODERADA,0.0841121495327102,0.091780284972721,3.9159588255027633,estable,NORMAL,1,2026-09-17,1
41244,ELÍAS,HUILA,2.022053305,-75.94430521,0.0,0.0,3,BAJA,0.0692567567567567,0.0,0.0,estable,NORMAL,0,2026-09-17,1
41298,GARZÓN,HUILA,2.172441496,-75.57131243,0.0,0.0,2,BAJA,0.0569948186528497,0.0409161355062356,0.7296710831945351,estable,NORMAL,0,2026-09-17,1
41306,GIGANTE,HUILA,2.371781539,-75.51699754,,,2,BAJA,0.0538079470198675,0.0,,sin_datos,NORMAL,0,2026-09-17,1
41349,HOBO,HUILA,2.541654161,-75.44781083,,,6,MODERADA,0.0816326530612244,0.092870017244322,5.943681103636609,estable,NORMAL,1,2026-09-17,1
41357,ÍQUIRA,HUILA,2.691517773,-75.67383141,0.0,0.0,2,BAJA,0.0679347826086956,0.0535956316439059,0.7889276977982949,decreciente,MODERADA,0,2026-09-17,0
41359,ISNOS,HUILA,1.945591321,-76.18204722,0.0,0.0,4,CRÍTICA,0.1069651741293532,0.105384784908657,7.974115391421717,estable,NORMAL,3,2026-09-17,1
41378,LA ARGENTINA,HUILA,2.156287619,-76.00679451,0.10000000000000002,0.1,5,ALTA,0.1636363636363636,0.1061007957559681,2.141395055896709,decreciente,NORMAL,2,2026-09-17,0
41396,LA PLATA,HUILA,2.328076586,-76.00117299,0.0,0.0,3,MODERADA,0.0804794520547945,0.0802290041033572,1.1057649695984455,estable,SEVERA,1,2026-09-17,1
41483,NÁTAGA,HUILA,2.576066285,-75.78693757,,,1,BAJA,0.0567901234567901,0.0,,sin_datos,ALTA,0,2026-09-17,1
41503,OPORAPA,HUILA,2.061191362,-76.04110289,0.2,0.1,3,CRÍTICA,0.1992337164750957,0.2217476008142538,5.26708906565646,estable,NORMAL,3,2026-09-17,1
41518,PAICOL,HUILA,2.40689827,-75.72803027,0.0,0.0,2,MODERADA,0.0824468085106382,0.079900682372128,2.1677402521829534,estable,MODERADA,1,2026-09-17,1
41530,PALESTINA,HUILA,1.68458076,-76.1478559,,,3,BAJA,0.0521945432977461,0.0137362637362637,0.2701825733321796,estable,LEVE,0,2026-09-17,0
41548,PITAL,HUILA,2.259601773,-75.8319516,,,2,BAJA,0.0530871321407963,0.0,,sin_datos,NORMAL,0,2026-09-17,1
41551,PITALITO,HUILA,1.848217185,-76.05217643,,,1,BAJA,0.0681114551083591,0.0698694864744631,1.0258110968750729,estable,NORMAL,0,2026-09-17,1
41615,RIVERA,HUILA,2.79286115,-75.23536868,0.0,0.0,7,ALTA,0.1923076923076923,0.1864330054652635,4.116860436702638,estable,SEVERA,2,2026-09-17,1
41668,SAN AGUSTÍN,HUILA,1.924165493,-76.4165655,,,5,BAJA,0.0779220779220779,0.0,0.0,sin_datos,NORMAL,0,2026-09-17,1
41676,SANTA MARÍA,HUILA,2.926265937,-75.63359786,0.0,0.0,5,MODERADA,0.0810055865921787,0.0552551145177211,1.2859372105942368,estable,MODERADA,1,2026-09-17,0
41770,SUAZA,HUILA,1.870992095,-75.80798471,0.0,0.0,2,ALTA,0.0607476635514018,0.0673498191957591,1.1872363476833816,estable,NORMAL,2,2026-09-17,1
41799,TELLO,HUILA,3.030611777,-75.08536553,0.0,0.0,8,CRÍTICA,0.5,0.2090503765715806,12.81549214771515,creciente,MODERADA,3,2026-09-17,1
41872,VILLAVIEJA,HUILA,3.287057875,-75.13838292,0.0,0.0,2,ALTA,0.0746268656716417,0.0192652329749103,0.2581541218637992,sin_datos,ALTA,2,2026-09-17,1
41885,YAGUARÁ,HUILA,2.646563339,-75.51592645,,,1,BAJA,0.0452065471551052,0.0,,sin_datos,MODERADA,0,2026-09-17,1
44001,RIOHACHA,LA GUAJIRA,11.24297214,-72.95876315,0.0,0.0,7,MODERADA,0.0883534136546184,0.0829343989892747,1.674964824446942,estable,ALTA,1,2026-09-17,1
44035,ALBANIA,LA GUAJIRA,11.22869049,-72.53209657,0.0,0.0,5,ALTA,0.1122112211221122,0.0770397027021451,1.7480576770120275,estable,MODERADA,2,2026-09-17,0
44090,DIBULLA,LA GUAJIRA,11.09029715,-73.43568788,0.0,0.0,2,MODERADA,0.0637755102040816,0.0596083977590892,1.4631152177230993,estable,MODERADA,1,2026-09-17,1
44098,DISTRACCIÓN,LA GUAJIRA,10.92505107,-72.94444027,,,5,ALTA,0.25,0.0144927536231884,0.2986598098800062,estable,ALTA,2,2026-09-17,0
44279,FONSECA,LA GUAJIRA,10.8283716,-72.8018178,0.0,0.0,3,CRÍTICA,0.1085714285714285,0.1549836444205792,4.459008603017081,estable,MODERADA,3,2026-09-17,0
44420,LA JAGUA DEL PILAR,LA GUAJIRA,10.4580941,-73.07209193,0.0,0.0,6,MODERADA,0.0666666666666666,0.0887640528630517,2.152931754896564,estable,SEVERA,1,2026-09-17,0
44430,MAICAO,LA GUAJIRA,11.38157764,-72.29500818,0.0,0.0,2,BAJA,0.0493827160493827,0.0537293278748951,1.088018889466627,sin_datos,MODERADA,0,2026-09-17,0
44650,SAN JUAN DEL CESAR,LA GUAJIRA,10.81311496,-73.08659986,0.0,0.0,6,MODERADA,0.0625,0.1142857142857142,2.2285714285714286,estable,MODERADA,1,2026-09-17,1
44847,URIBIA,LA GUAJIRA,11.99971986,-71.74882662,0.0,0.0,10,ALTA,0.1714285714285714,0.0794728866569179,1.7048216008661436,estable,MODERADA,2,2026-09-17,1
44874,VILLANUEVA,LA GUAJIRA,10.58364755,-72.97520286,0.0,0.0,2,MODERADA,0.0696202531645569,0.0639510557625129,1.265902949965641,estable,MODERADA,1,2026-09-17,0
47001,SANTA MARTA,MAGDALENA,11.12189436,-73.88527855,0.037500000000000006,0.1,16,CRÍTICA,0.1420612813370473,0.1660027472527472,17.629295520032912,estable,ALTA,3,2026-09-17,1
47030,ALGARROBO,MAGDALENA,10.25356475,-74.10323027,0.0,0.0,1,ALTA,0.0689655172413793,0.0701448478909546,1.0171002944188428,estable,NORMAL,2,2026-09-17,1
47058,ARIGUANÍ,MAGDALENA,9.834264955,-74.08460085,,,1,BAJA,0.0558428128231644,0.0,,sin_datos,ALTA,0,2026-09-17,1
47189,CIÉNAGA,MAGDALENA,10.85754552,-74.02500493,,,4,CRÍTICA,0.1271676300578034,0.4024887895855638,12.986971610627524,creciente,MODERADA,3,2026-09-17,1
47245,EL BANCO,MAGDALENA,9.114930635,-73.98105491,0.0,0.0,2,CRÍTICA,0.1871508379888268,0.3584672700716362,42.73726453187396,estable,MODERADA,3,2026-09-17,1
47268,EL RETÉN,MAGDALENA,10.65961696,-74.3251597,0.0,0.0,5,ALTA,0.0766283524904214,0.0940489746037971,2.4546782371591047,estable,NORMAL,2,2026-09-17,1
47288,FUNDACIÓN,MAGDALENA,10.45937818,-73.88406518,0.0,0.0,2,ALTA,0.2857142857142857,0.2556776556776556,5.01295862607338,estable,MODERADA,2,2026-09-17,1
47551,PIVIJAY,MAGDALENA,10.43303399,-74.41251197,0.0,0.0,2,CRÍTICA,0.1516853932584269,0.1544376044451078,5.783688286469287,estable,MODERADA,3,2026-09-17,1
47570,PUEBLOVIEJO,MAGDALENA,10.84758901,-74.36057942,0.0,0.0,3,ALTA,0.0833333333333333,0.0669943072941258,1.987497783059066,estable,NORMAL,2,2026-09-17,1
47703,SAN ZENÓN,MAGDALENA,9.306869548,-74.35851644,0.0,0.0,3,MODERADA,0.0855949895615866,0.0685308064162378,2.2315343839287443,estable,NORMAL,1,2026-09-17,1
47980,ZONA BANANERA,MAGDALENA,10.79634658,-74.17798317,,,2,MODERADA,0.0825958702064896,0.05916212021353,1.4652485106217596,decreciente,MODERADA,1,2026-09-17,1
50001,VILLAVICENCIO,META,4.09166877,-73.49291595,0.0,0.0,4,ALTA,0.1797752808988764,0.1483838448372886,3.610561100552951,estable,SEVERA,2,2026-09-17,1
50110,BARRANCA DE UPÍA,META,4.519076127,-72.99548981,0.0,0.0,2,ALTA,0.0691823899371069,0.1136363636363636,1.6425619834710743,estable,NORMAL,2,2026-09-17,1
50124,CABUYARO,META,4.315244759,-72.95268896,0.0,0.0,2,ALTA,0.053639846743295,0.1261508872961211,2.509000980667297,creciente,MODERADA,2,2026-09-17,1
50245,EL CALVARIO,META,4.353769888,-73.71441684,,,2,BAJA,0.0571870170015456,0.0211143695014662,0.6545454545454545,estable,LEVE,0,2026-09-17,1
50270,EL DORADO,META,3.706969785,-73.83161892,,,1,BAJA,0.0559284116331096,0.0,,sin_datos,MODERADA,0,2026-09-17,1
50313,GRANADA,META,3.441051399,-73.7611547,0.0,0.0,3,CRÍTICA,0.1160220994475138,0.1119034620276438,6.014811083985859,decreciente,NORMAL,3,2026-09-17,1
50400,LEJANÍAS,META,3.614714873,-74.09628467,0.0,0.0,4,ALTA,0.2,0.0904048968435516,2.389833794820844,sin_datos,MODERADA,2,2026-09-17,1
50450,PUERTO CONCORDIA,META,2.752260112,-72.7210941,0.7999999999999999,0.6,3,ALTA,0.1162790697674418,0.1025641295944901,1.8205133003021996,estable,MODERADA,2,2026-09-17,0
50573,PUERTO LÓPEZ,META,4.014298921,-72.64570499,0.1,0.1,2,MODERADA,0.0543989254533243,0.0429779300747042,1.57585743607249,estable,SEVERA,1,2026-09-17,1
50577,PUERTO LLERAS,META,3.193092925,-73.23671436,0.30000000000000004,0.1,2,ALTA,0.3333333333333333,0.3333333333333333,1.0,insuficiente,MODERADA,2,2026-09-17,0
50606,RESTREPO,META,4.204310977,-73.50226037,0.0,0.0,6,CRÍTICA,0.1695906432748538,0.1593232140567344,7.102731671819579,estable,NORMAL,3,2026-09-17,1
50680,SAN CARLOS DE GUAROA,META,3.84761678,-73.27583401,0.0,0.0,2,ALTA,0.0744680851063829,0.1910794658490511,3.702164650825365,estable,NORMAL,2,2026-09-17,1
50683,SAN JUAN DE ARAMA,META,3.289851171,-73.81635243,0.30000000000000004,0.2,2,MODERADA,0.0586592178770949,0.0816209367877783,1.4762743349441647,decreciente,ALTA,1,2026-09-17,1
52001,PASTO,NARIÑO,1.083605497,-77.20610074,0.43333333333333335,0.2,6,CRÍTICA,0.1511627906976744,0.2894511842033943,13.000722650298204,creciente,MODERADA,3,2026-09-17,0
52022,ALDANA,NARIÑO,0.913431916,-77.69538731,0.37600000000000006,0.023,3,ALTA,0.1270491803278688,0.1007881075189658,5.872233422289224,decreciente,NORMAL,2,2026-09-17,0
52036,ANCUYA,NARIÑO,1.245254077,-77.53115777,,,2,BAJA,0.0537974683544303,0.0,,sin_datos,NORMAL,0,2026-09-17,0
52079,BARBACOAS,NARIÑO,1.44563774,-78.15621072,0.0,0.0,2,BAJA,0.0721311475409836,0.0683154265247685,0.9471002313661095,sin_datos,NORMAL,0,2026-09-17,0
52210,CONTADERO,NARIÑO,0.932667458,-77.52808731,,,2,MODERADA,0.0993589743589743,0.1028900016605472,2.5023624932159514,decreciente,MODERADA,1,2026-09-17,0
52224,CUASPUD CARLOSAMA,NARIÑO,0.875426999,-77.73591601,0.0,0.0,3,ALTA,0.1167728237791932,0.1037261212740247,12.810175977342055,decreciente,MODERADA,2,2026-09-17,0
52227,CUMBAL,NARIÑO,0.944223274,-77.95958446,,,1,BAJA,0.0,0.2,,estable,MODERADA,0,2026-09-17,0
52258,EL TABLÓN DE GÓMEZ,NARIÑO,1.409430207,-76.98526959,0.0,0.0,2,BAJA,0.056580565805658,0.0394511889133026,0.6972568823155441,estable,ALTA,0,2026-09-17,0
52354,IMUÉS,NARIÑO,1.07287697,-77.50150864,0.0,0.0,2,BAJA,0.0638977635782747,0.0505831042045522,0.984425027980902,estable,ALTA,0,2026-09-17,0
52390,LA TOLA,NARIÑO,2.56027333,-78.23506694,,,3,ALTA,0.0583456425406203,0.0562690396023729,3.4886804553471222,estable,NORMAL,2,2026-09-17,0
52399,LA UNIÓN,NARIÑO,1.619697376,-77.14284622,,,1,BAJA,0.0534246575342465,0.0,,sin_datos,MODERADA,0,2026-09-17,1
52405,LEIVA,NARIÑO,1.900862361,-77.31220073,,,2,ALTA,0.3333333333333333,0.0,,sin_datos,MODERADA,2,2026-09-17,1
52411,LINARES,NARIÑO,1.395173084,-77.52093774,0.0,0.0,2,MODERADA,0.0980392156862745,0.0941595441595441,1.7091383924717258,estable,SEVERA,1,2026-09-17,0
52435,MALLAMA,NARIÑO,1.155947016,-77.84664646,0.0,0.0,3,ALTA,0.119106699751861,0.1076649858929686,3.792883645886582,estable,SEVERA,2,2026-09-17,0
52473,MOSQUERA,NARIÑO,2.442493698,-78.438827,,,1,BAJA,0.0565770862800565,0.0,,sin_datos,NORMAL,0,2026-09-17,0
52480,NARIÑO,NARIÑO,1.286775273,-77.35220367,0.0,0.0,4,ALTA,0.0967741935483871,0.1139464448341251,10.445090776461468,estable,MODERADA,2,2026-09-17,0
52540,POLICARPA,NARIÑO,1.735354202,-77.48134359,,,2,MODERADA,0.0668523676880222,0.1037364309487045,2.364719096398879,estable,NORMAL,1,2026-09-17,1
52573,PUERRES,NARIÑO,0.854351651,-77.35032523,20.75,3.5,4,ALTA,0.09,0.286677731990232,5.194429352778234,creciente,LEVE,2,2026-09-17,0
52612,RICAURTE,NARIÑO,1.147671848,-78.05811118,0.20000000000000004,0.2,5,CRÍTICA,0.1111111111111111,0.3956122448979591,8.665792031098153,estable,NORMAL,3,2026-09-17,0
52683,SANDONÁ,NARIÑO,1.288105409,-77.45670068,,,1,BAJA,0.0531039640987284,0.0,,sin_datos,MODERADA,0,2026-09-17,0
52696,SANTA BÁRBARA,NARIÑO,2.494420411,-77.98256461,19.0,4.5,1,ALTA,0.0545454545454545,0.1792357642357642,3.2859890109890117,estable,NORMAL,2,2026-09-17,0
52786,TAMINANGO,NARIÑO,1.591661392,-77.32525316,,,4,ALTA,0.1174863387978142,0.1009589154037091,2.839738003483053,estable,SEVERA,2,2026-09-17,1
52788,TANGUA,NARIÑO,1.064078111,-77.35063491,0.0,0.0,3,ALTA,0.1333333333333333,0.054698166497944,1.0586741902827876,estable,NORMAL,2,2026-09-17,0
52835,SAN ANDRÉS DE TUMACO,NARIÑO,1.574550638,-78.61540963,0.1,0.2,7,CRÍTICA,0.5,0.180787037037037,3.444146264908977,creciente,NORMAL,3,2026-09-17,0
52838,TÚQUERRES,NARIÑO,1.134440523,-77.63073238,,,2,MODERADA,0.081159420289855,0.068650479923106,1.4946190200401952,estable,NORMAL,1,2026-09-17,0
52885,YACUANQUER,NARIÑO,1.125547916,-77.42467569,0.0,0.0,6,MODERADA,0.0672097759674134,0.0667067142666407,2.4395598360371475,decreciente,MODERADA,1,2026-09-17,0
54001,SAN JOSÉ DE CÚCUTA,NORTE DE SANTANDER,8.112041811,-72.48862641,0.0,0.0,2,MODERADA,0.089430894308943,0.0644165661615605,1.2927738450354571,estable,ALTA,1,2026-09-17,1
54003,ÁBREGO,NORTE DE SANTANDER,8.019834481,-73.15850485,,,2,BAJA,0.0576631259484066,0.0,,sin_datos,MODERADA,0,2026-09-17,1
54051,ARBOLEDAS,NORTE DE SANTANDER,7.586048164,-72.91705315,0.0,0.0,3,ALTA,0.1066666666666666,0.0470280028956335,2.5771345586807213,estable,MODERADA,2,2026-09-17,1
54109,BUCARASICA,NORTE DE SANTANDER,8.079802239,-72.92919926,,,1,BAJA,0.0589743589743589,0.0,,sin_datos,NORMAL,0,2026-09-17,0
54125,CÁCOTA,NORTE DE SANTANDER,7.270560088,-72.65212153,,,2,BAJA,0.0563002680965147,0.0562875296746264,1.0075467811758134,estable,ALTA,0,2026-09-17,1
54128,CÁCHIRA,NORTE DE SANTANDER,7.684188896,-73.12939481,0.0,0.0,2,MODERADA,0.0649350649350649,0.0860097626001665,1.863544856336942,estable,MODERADA,1,2026-09-17,1
54172,CHINÁCOTA,NORTE DE SANTANDER,7.583353136,-72.58390978,,,2,BAJA,0.0528455284552845,0.0,,sin_datos,NORMAL,0,2026-09-17,1
54223,CUCUTILLA,NORTE DE SANTANDER,7.502182366,-72.79703447,,,4,CRÍTICA,0.2,0.1739871351766513,3.501491095430108,sin_datos,NORMAL,3,2026-09-17,0
54239,DURANIA,NORTE DE SANTANDER,7.746993206,-72.67208072,0.0,0.0,3,ALTA,0.0943396226415094,0.1257110366485366,3.755617219875032,creciente,MODERADA,2,2026-09-17,1
54261,EL ZULIA,NORTE DE SANTANDER,8.081200092,-72.63152118,,,2,MODERADA,0.0977011494252873,0.0908053673348445,2.5652516272093577,decreciente,NORMAL,1,2026-09-17,1
54313,GRAMALOTE,NORTE DE SANTANDER,7.906522991,-72.80705582,,,4,MODERADA,0.0604026845637583,0.0635505369779563,1.2800893876988346,creciente,NORMAL,1,2026-09-17,0
54347,HERRÁN,NORTE DE SANTANDER,7.493955781,-72.49269998,0.5333333333333333,0.6,4,ALTA,0.0566037735849056,0.1499732307921963,2.9881601009600924,estable,NORMAL,2,2026-09-17,0
54377,LABATECA,NORTE DE SANTANDER,7.218372474,-72.48281514,,,3,BAJA,0.058411214953271,0.0,0.0,insuficiente,NORMAL,0,2026-09-17,1
54418,LOURDES,NORTE DE SANTANDER,7.963712759,-72.8467029,,,2,BAJA,0.0644216691068814,0.0317670834912214,1.044342869773904,estable,ALTA,0,2026-09-17,0
54480,MUTISCUA,NORTE DE SANTANDER,7.31694997,-72.76834584,1.2000000000000002,0.4,2,MODERADA,0.0845070422535211,0.0980482629676178,1.5796664589227314,estable,MODERADA,1,2026-09-17,0
54498,OCAÑA,NORTE DE SANTANDER,8.206637527,-73.33765033,0.0,0.0,4,CRÍTICA,0.1329787234042553,0.1389387698386,3.0894108577932617,estable,MODERADA,3,2026-09-17,1
54518,PAMPLONA,NORTE DE SANTANDER,7.379057623,-72.67590348,0.0,0.0,2,BAJA,0.0639730639730639,0.0543128364091049,1.090617612857283,estable,NORMAL,0,2026-09-17,1
54553,PUERTO SANTANDER,NORTE DE SANTANDER,8.329138642,-72.41119066,,,2,BAJA,0.0652173913043478,0.0,,sin_datos,NORMAL,0,2026-09-17,1
54660,SALAZAR,NORTE DE SANTANDER,7.772747824,-72.86769959,,,1,BAJA,0.0647482014388489,0.0,,sin_datos,MODERADA,0,2026-09-17,1
54670,SAN CALIXTO,NORTE DE SANTANDER,8.414441404,-73.2176038,,,1,BAJA,0.0681818181818181,0.0,,sin_datos,MODERADA,0,2026-09-17,1
54673,SAN CAYETANO,NORTE DE SANTANDER,7.847872195,-72.60971203,0.14500000000000002,0.05,7,CRÍTICA,0.1131284916201117,0.1396045294743123,5.091109862105772,estable,ALTA,3,2026-09-17,1
54720,SARDINATA,NORTE DE SANTANDER,8.215080767,-72.79580961,,,1,BAJA,0.1,0.0,,sin_datos,MODERADA,0,2026-09-17,1
54810,TIBÚ,NORTE DE SANTANDER,8.713507237,-72.79925855,,,2,ALTA,0.5,0.0,,sin_datos,MODERADA,2,2026-09-17,1
54820,TOLEDO,NORTE DE SANTANDER,7.225864961,-72.30593418,,,1,BAJA,0.0123456790123456,0.0,,sin_datos,ALTA,0,2026-09-17,1
54874,VILLA DEL ROSARIO,NORTE DE SANTANDER,7.718635863,-72.48361176,,,1,BAJA,0.0524017467248908,0.0,,sin_datos,ALTA,0,2026-09-17,0
63001,ARMENIA,QUINDÍO,4.499501128,-75.72489985,,,1,BAJA,0.0628930817610062,0.0,,sin_datos,MODERADA,0,2026-09-17,1
63111,BUENAVISTA,QUINDÍO,4.366632382,-75.74403734,,,4,BAJA,0.0685714285714285,0.0649320410758816,0.9469255990232732,sin_datos,NORMAL,0,2026-09-17,0
63130,CALARCÁ,QUINDÍO,4.467879428,-75.65674719,0.0,0.0,4,MODERADA,0.0853333333333333,0.1104915456973299,2.5038507897852558,estable,SEVERA,1,2026-09-17,1
63190,CIRCASIA,QUINDÍO,4.604845344,-75.66688449,0.0,0.0,2,MODERADA,0.0708661417322834,0.080037495360076,1.2805999257612162,estable,ALTA,1,2026-09-17,0
63272,FILANDIA,QUINDÍO,4.669325347,-75.67146941,0.0,0.0,2,CRÍTICA,0.2105263157894736,0.514666588632754,21.830441134505985,estable,MODERADA,3,2026-09-17,0
63302,GÉNOVA,QUINDÍO,4.180107773,-75.76056695,,,1,BAJA,0.0612813370473537,0.0,,sin_datos,NORMAL,0,2026-09-17,1
63401,LA TEBAIDA,QUINDÍO,4.426884849,-75.81927335,0.0,0.0,5,CRÍTICA,0.2248062015503876,0.2762087343020522,7.721289617989187,decreciente,ALTA,3,2026-09-17,1
63470,MONTENEGRO,QUINDÍO,4.521890945,-75.81806594,,,2,ALTA,0.2,0.0,,sin_datos,NORMAL,2,2026-09-17,1
63548,PIJAO,QUINDÍO,4.30397934,-75.68330417,0.0,0.0,4,MODERADA,0.0666666666666666,0.058253334437984,1.190957059621007,estable,ALTA,1,2026-09-17,1
63690,SALENTO,QUINDÍO,4.611314654,-75.53092112,0.0,0.0,4,MODERADA,0.067251461988304,0.0849270468198907,1.7383504895946382,sin_datos,ALTA,1,2026-09-17,0
66001,PEREIRA,RISARALDA,4.803662773,-75.79579093,0.0,0.0,4,MODERADA,0.0857142857142857,0.1060560320304944,3.6255450949683823,estable,MODERADA,1,2026-09-17,1
66045,APÍA,RISARALDA,5.139635357,-75.95353871,,,2,BAJA,0.0546623794212218,0.0,,sin_datos,MODERADA,0,2026-09-17,1
66075,BALBOA,RISARALDA,4.918349676,-75.94275386,,,1,BAJA,0.0833333333333333,0.0,,sin_datos,MODERADA,0,2026-09-17,1
66088,BELÉN DE UMBRÍA,RISARALDA,5.200398696,-75.86793893,,,2,CRÍTICA,0.1229050279329608,0.1395749113491049,3.196715711544016,estable,NORMAL,3,2026-09-17,1
66318,GUÁTICA,RISARALDA,5.320295966,-75.80436659,,,4,MODERADA,0.0561797752808988,0.0617880485527544,1.11218487394958,sin_datos,MODERADA,1,2026-09-17,0
66383,LA CELIA,RISARALDA,4.988127679,-76.00822678,,,1,BAJA,0.053030303030303,0.0,,sin_datos,NORMAL,0,2026-09-17,0
66400,LA VIRGINIA,RISARALDA,4.904704187,-75.85208162,0.0,0.0,3,ALTA,0.0920502092050209,0.1671809584134682,3.525428460544011,estable,SEVERA,2,2026-09-17,1
66440,MARSELLA,RISARALDA,4.942936185,-75.7532139,,,1,BAJA,0.0536451169188445,0.0,,sin_datos,ALTA,0,2026-09-17,1
66572,PUEBLO RICO,RISARALDA,5.286295408,-76.07359421,,,2,BAJA,0.0616113744075829,0.0117647058823529,0.2,estable,MODERADA,0,2026-09-17,1
66594,QUINCHÍA,RISARALDA,5.323906864,-75.71339683,,,2,BAJA,0.0737704918032786,0.0378787878787878,0.674931129476584,estable,ALTA,0,2026-09-17,1
66682,SANTA ROSA DE CABAL,RISARALDA,4.833789828,-75.54950174,0.0,0.0,5,CRÍTICA,0.2307692307692307,0.3480311355311355,6.768850452268821,estable,MODERADA,3,2026-09-17,1
68001,BUCARAMANGA,SANTANDER,7.155833544,-73.11156997,0.0,0.0,7,CRÍTICA,0.1948608137044968,0.2100713334081428,37.60276868005757,estable,NORMAL,3,2026-09-17,0
68081,BARRANCABERMEJA,SANTANDER,7.054074558,-73.78211646,0.06666666666666667,0.2,9,ALTA,0.0952380952380952,0.0881978025664247,4.94081289081289,creciente,NORMAL,2,2026-09-17,1
68092,BETULIA,SANTANDER,7.033255886,-73.37872388,,,1,CRÍTICA,0.1009174311926605,0.1367610789022986,1.3551779636682322,decreciente,ALTA,3,2026-09-17,1
68101,BOLÍVAR,SANTANDER,6.181715586,-73.92065703,0.0,0.0,1,ALTA,0.069069069069069,0.1016003422309736,1.4709962592571395,estable,MODERADA,2,2026-09-17,1
68132,CALIFORNIA,SANTANDER,7.331565443,-72.95131825,0.1,0.1,2,BAJA,0.0566967953985209,0.0,0.0,estable,MODERADA,0,2026-09-17,0
68147,CAPITANEJO,SANTANDER,6.520200095,-72.67435203,,,1,MODERADA,0.0683760683760683,0.0862202219699738,1.260970746310867,estable,MODERADA,1,2026-09-17,1
68152,CARCASÍ,SANTANDER,6.659675274,-72.56968434,,,1,MODERADA,0.0550688360450563,0.0690805354399824,1.2544397231033173,estable,NORMAL,1,2026-09-17,0
68162,CERRITO,SANTANDER,6.903923173,-72.64536324,,,2,CRÍTICA,0.1739130434782608,0.2069799632011613,4.261725372578701,estable,NORMAL,3,2026-09-17,1
68176,CHIMA,SANTANDER,6.361627641,-73.40172144,,,1,MODERADA,0.0679886685552408,0.0955851623345589,1.4058984293374703,estable,MODERADA,1,2026-09-17,1
68190,CIMITARRA,SANTANDER,6.40972961,-74.17030427,0.0,0.0,4,ALTA,0.0675324675324675,0.1828287505944052,5.256326579589151,creciente,ALTA,2,2026-09-17,1
68207,CONCEPCIÓN,SANTANDER,6.76062337,-72.61815735,,,1,MODERADA,0.0588235294117647,0.0690805354399824,1.1743691024797014,estable,NORMAL,1,2026-09-17,1
68209,CONFINES,SANTANDER,6.342314443,-73.25014013,,,4,ALTA,0.1371428571428571,0.1424417986251125,4.998031345875271,sin_datos,MODERADA,2,2026-09-17,0
68229,CURITÍ,SANTANDER,6.608966483,-73.05897888,,,1,MODERADA,0.0630372492836676,0.0746625617259424,1.1844197291979055,estable,NORMAL,1,2026-09-17,1
68235,EL CARMEN DE CHUCURÍ,SANTANDER,6.664260002,-73.56475288,,,2,ALTA,0.0821114369501466,0.1232851484270705,7.027253460343022,estable,MODERADA,2,2026-09-17,1
68264,ENCINO,SANTANDER,6.079061224,-73.06206665,,,2,CRÍTICA,0.132564841498559,0.144576149206668,4.953859230169655,estable,MODERADA,3,2026-09-17,1
68276,FLORIDABLANCA,SANTANDER,7.079704598,-73.0679925,0.0,0.0,7,MODERADA,0.09375,0.0966901440821738,2.198278863985894,sin_datos,NORMAL,1,2026-09-17,0
68298,GÁMBITA,SANTANDER,5.924383558,-73.31939934,,,1,MODERADA,0.0408163265306122,0.0489130434782608,1.1983695652173914,estable,MODERADA,1,2026-09-17,1
68307,GIRÓN,SANTANDER,6.976734127,-73.205267,0.3,0.1,6,CRÍTICA,0.1304347826086956,0.2380952380952381,1.928715111642582,estable,MODERADA,3,2026-09-17,1
68318,GUACA,SANTANDER,6.9434341,-72.82369873,,,1,BAJA,0.064516129032258,0.0216659684401619,0.3358225108225108,estable,ALTA,0,2026-09-17,0
68320,GUADALUPE,SANTANDER,6.233278248,-73.40977445,,,1,ALTA,0.0685714285714285,0.0918192966166675,1.339031408993068,estable,MODERADA,2,2026-09-17,1
68370,JORDÁN,SANTANDER,6.710814846,-73.1211236,,,1,BAJA,0.0346534653465346,0.0,,sin_datos,ALTA,0,2026-09-17,1
68406,LEBRIJA,SANTANDER,7.204060063,-73.29138097,0.0,0.0,2,MODERADA,0.0866141732283464,0.0963730658167157,1.224007594970466,estable,MODERADA,1,2026-09-17,1
68418,LOS SANTOS,SANTANDER,6.812162934,-73.10785086,,,2,BAJA,0.0572337042925278,0.0437192118226601,0.8394088669950739,estable,ALTA,0,2026-09-17,1
68432,MÁLAGA,SANTANDER,6.720222349,-72.73841091,,,1,MODERADA,0.0532081377151799,0.0943025612380451,1.7723334303267892,estable,NORMAL,1,2026-09-17,1
68464,MOGOTES,SANTANDER,6.492532315,-72.95834772,0.1,0.1,3,CRÍTICA,0.1235521235521235,0.1398490375082421,3.025292434655044,estable,NORMAL,3,2026-09-17,1
68498,OCAMONTE,SANTANDER,6.355368858,-73.12211833,,,2,MODERADA,0.0685714285714285,0.0895227562659399,1.305540195544958,sin_datos,NORMAL,1,2026-09-17,1
68500,OIBA,SANTANDER,6.225596216,-73.27961515,,,1,BAJA,0.0685714285714285,0.0689136308538589,1.004990449952109,estable,MODERADA,0,2026-09-17,1
68522,PALMAR,SANTANDER,6.525876964,-73.28247337,,,1,BAJA,0.0681818181818181,0.0689335179485632,1.0110249299122605,estable,MODERADA,0,2026-09-17,1
68524,PALMAS DEL SOCORRO,SANTANDER,6.391750107,-73.28273174,0.0,0.0,3,MODERADA,0.0836120401337792,0.086234997613381,2.4361386825780134,estable,NORMAL,1,2026-09-17,1
68533,PÁRAMO,SANTANDER,6.416631131,-73.17148232,0.0,0.0,3,MODERADA,0.0869565217391304,0.095158995651189,10.80054600640996,estable,NORMAL,1,2026-09-17,1
68547,PIEDECUESTA,SANTANDER,6.97082104,-73.01481196,,,2,MODERADA,0.0835654596100278,0.0979482406090033,2.617176989072569,estable,MODERADA,1,2026-09-17,1
68572,PUENTE NACIONAL,SANTANDER,5.831129906,-73.67841815,0.0,0.0,5,ALTA,0.1304347826086956,0.1120523340927654,3.799592783327412,estable,MODERADA,2,2026-09-17,1
68573,PUERTO PARRA,SANTANDER,6.685278856,-73.95761256,0.0,0.0,2,ALTA,0.0687679083094555,0.0790248778831833,1.1524461357964235,estable,MODERADA,2,2026-09-17,1
68575,PUERTO WILCHES,SANTANDER,7.398198257,-73.8354696,0.0,0.0,3,MODERADA,0.0659025787965616,0.0772301663555019,1.1718838286117477,estable,MODERADA,1,2026-09-17,1
68655,SABANA DE TORRES,SANTANDER,7.4065422,-73.57131807,0.0,0.0,2,MODERADA,0.0693069306930693,0.0826877571892249,1.5297235080006606,decreciente,MODERADA,1,2026-09-17,1
68679,SAN GIL,SANTANDER,6.550778765,-73.11887911,,,1,BAJA,0.0133000831255195,0.0,,sin_datos,MODERADA,0,2026-09-17,1
68689,SAN VICENTE DE CHUCURÍ,SANTANDER,6.894292346,-73.53900334,0.0,0.0,2,CRÍTICA,0.1185185185185185,0.1501987711491326,3.3069187071648023,decreciente,SEVERA,3,2026-09-17,1
68755,SOCORRO,SANTANDER,6.462088241,-73.24436001,,,2,BAJA,0.0528375733855185,0.0,,sin_datos,NORMAL,0,2026-09-17,1
68770,SUAITA,SANTANDER,6.101499739,-73.36225795,,,1,MODERADA,0.0685714285714285,0.0917365069025413,1.3378240589953951,estable,MODERADA,1,2026-09-17,1
68780,SURATÁ,SANTANDER,7.475402063,-72.98779966,0.0,0.0,2,MODERADA,0.0635451505016722,0.074325308122962,1.4523566965649075,estable,SEVERA,1,2026-09-17,0
68820,TONA,SANTANDER,7.170891099,-72.93970443,0.6666666666666666,0.6,6,MODERADA,0.084375,0.0848646272039414,1.9481423980198904,estable,MODERADA,1,2026-09-17,0
68861,VÉLEZ,SANTANDER,6.00741043,-73.69057256,,,1,BAJA,0.0588235294117647,0.0,,sin_datos,MODERADA,0,2026-09-17,1
68867,VETAS,SANTANDER,7.322219563,-72.88156901,0.1,0.1,3,MODERADA,0.0687679083094555,0.0993724210689711,1.5601132290648418,estable,NORMAL,1,2026-09-17,0
68895,ZAPATOCA,SANTANDER,6.813725566,-73.30975044,,,4,MODERADA,0.0626780626780626,0.101875662279792,1.6253798845548637,sin_datos,NORMAL,1,2026-09-17,1
70001,SINCELEJO,SUCRE,9.316673928,-75.43174967,0.0,0.0,3,MODERADA,0.0684104627766599,0.0507267292960887,1.9479064049698087,estable,NORMAL,1,2026-09-17,0
70110,BUENAVISTA,SUCRE,9.314972282,-74.98014057,0.0,0.0,3,MODERADA,0.0671296296296296,0.0571097743351334,1.4562992455459025,decreciente,NORMAL,1,2026-09-17,0
70221,COVEÑAS,SUCRE,9.394449802,-75.6574915,,,1,BAJA,0.0413380473211857,0.0,,sin_datos,ALTA,0,2026-09-17,1
70235,GALERAS,SUCRE,9.135169096,-74.98134706,0.0,0.0,3,ALTA,0.16,0.1442157659519665,11.777620886077266,decreciente,MODERADA,2,2026-09-17,1
70265,GUARANDA,SUCRE,8.337828523,-74.68734926,0.6666666666666666,0.1,6,CRÍTICA,0.1224489795918367,0.1402983906085643,3.180096853794124,decreciente,SEVERA,3,2026-09-17,1
70429,MAJAGUAL,SUCRE,8.546148134,-74.71037883,0.7000000000000001,0.1,4,ALTA,0.16,0.0503802425173392,2.317491155797608,estable,MODERADA,2,2026-09-17,1
70473,MORROA,SUCRE,9.392496685,-75.32718744,0.0,0.0,2,CRÍTICA,0.1103448275862069,0.1536410826602543,3.3957283354062984,estable,NORMAL,3,2026-09-17,0
70670,SAMPUÉS,SUCRE,9.165188649,-75.36027422,,,3,CRÍTICA,0.1377410468319559,0.1309847660592449,5.100700890071773,estable,ALTA,3,2026-09-17,0
70678,SAN BENITO ABAD,SUCRE,8.835634919,-74.96469398,0.0,0.0,3,MODERADA,0.06640625,0.0598193897821689,1.2025231176723192,estable,LEVE,1,2026-09-17,1
70708,SAN MARCOS,SUCRE,8.589220102,-75.17249955,0.0,0.0,5,CRÍTICA,0.1147540983606557,0.1329412906601846,2.876366107011268,estable,ALTA,3,2026-09-17,1
70717,SAN PEDRO,SUCRE,9.396835638,-75.03741815,0.0,0.0,3,ALTA,0.0597014925373134,0.0910142542845344,1.873822882328651,estable,NORMAL,2,2026-09-17,0
73001,IBAGUÉ,TOLIMA,4.451921427,-75.252591,0.0,0.0,12,ALTA,0.1377049180327869,0.1395775028763703,5.022239199818181,estable,SEVERA,2,2026-09-17,1
73024,ALPUJARRA,TOLIMA,3.390015064,-74.94078233,,,5,MODERADA,0.06,0.1273635095063666,4.648768096982383,creciente,NORMAL,1,2026-09-17,1
73030,AMBALEMA,TOLIMA,4.803365246,-74.80998676,,,2,MODERADA,0.0516221179351152,0.0467605311355311,4.301968864468865,estable,LEVE,1,2026-09-17,1
73043,ANZOÁTEGUI,TOLIMA,4.623390454,-75.20165423,,,3,MODERADA,0.0853658536585365,0.1062255620723362,2.117872143817205,estable,NORMAL,1,2026-09-17,0
73055,ARMERO,TOLIMA,5.006758956,-74.84750095,0.0,0.0,4,ALTA,0.1111111111111111,0.0652338647227685,1.034846308556647,estable,MODERADA,2,2026-09-17,1
73067,ATACO,TOLIMA,3.37749064,-75.61373257,0.0,0.0,7,MODERADA,0.0697674418604651,0.3857600732600732,5.863553113553113,decreciente,MODERADA,1,2026-09-17,1
73124,CAJAMARCA,TOLIMA,4.406971283,-75.49745918,,,2,ALTA,0.2033426183844011,0.1836165361311774,4.820196382780738,estable,MODERADA,2,2026-09-17,0
73168,CHAPARRAL,TOLIMA,3.743693084,-75.58986634,,,2,MODERADA,0.0835654596100278,0.0890560459337663,3.65129788328442,estable,NORMAL,1,2026-09-17,1
73226,CUNDAY,TOLIMA,3.98252395,-74.68936908,,,4,BAJA,0.0989010989010989,0.0,0.0,sin_datos,ALTA,0,2026-09-17,1
73236,DOLORES,TOLIMA,3.597863274,-74.80256674,,,4,MODERADA,0.086021505376344,0.1129273025824749,1.712730755834204,estable,ALTA,1,2026-09-17,1
73268,ESPINAL,TOLIMA,4.166476969,-74.89352941,0.0,0.0,2,CRÍTICA,0.1485411140583554,0.130903140675976,3.1855576790636664,estable,SEVERA,3,2026-09-17,1
73283,FRESNO,TOLIMA,5.186694812,-75.05228995,0.0,0.0,5,BAJA,0.0610820244328097,0.0364448385158154,0.7248473438145524,sin_datos,MODERADA,0,2026-09-17,1
73319,GUAMO,TOLIMA,4.076501341,-74.97657287,0.0,0.0,3,ALTA,0.0697674418604651,0.052110391548752,0.951014645764724,estable,SEVERA,2,2026-09-17,1
73347,HERVEO,TOLIMA,5.068553783,-75.24322959,,,2,BAJA,0.0509677419354838,0.0,,sin_datos,MODERADA,0,2026-09-17,1
73349,HONDA,TOLIMA,5.179416561,-74.78303094,,,1,BAJA,0.0510703363914373,0.0,,sin_datos,ALTA,0,2026-09-17,1
73408,LÉRIDA,TOLIMA,4.866034592,-74.92337178,0.0,0.0,4,ALTA,0.0744680851063829,0.0781975777607498,1.4506998908718411,estable,MODERADA,2,2026-09-17,1
73411,LÍBANO,TOLIMA,4.877936755,-75.04763076,,,4,MODERADA,0.0857142857142857,0.2596211520174654,13.630110480916931,sin_datos,NORMAL,1,2026-09-17,1
73443,SAN SEBASTIÁN DE MARIQUITA,TOLIMA,5.235322593,-74.90668089,0.0,0.0,6,ALTA,0.0761904761904762,0.0987481237147302,2.123084659866701,estable,MODERADA,2,2026-09-17,1
73449,MELGAR,TOLIMA,4.193215498,-74.60517497,0.0,0.0,3,ALTA,0.1067961165048543,0.0539915487168368,3.360973907623094,estable,ALTA,2,2026-09-17,1
73461,MURILLO,TOLIMA,4.826734468,-75.21993987,,,2,MODERADA,0.0716332378223495,0.0638106714691809,1.3091385703699996,estable,MODERADA,1,2026-09-17,1
73483,NATAGAIMA,TOLIMA,3.540518203,-75.12200999,,,2,BAJA,0.0516171185886965,0.0105606758832565,0.3960253456221197,estable,NORMAL,0,2026-09-17,1
73555,PLANADAS,TOLIMA,3.09897343,-75.81684413,0.0,0.0,6,MODERADA,0.0718336483931947,0.1095243668800544,8.068295026830679,estable,NORMAL,1,2026-09-17,1
73563,PRADO,TOLIMA,3.729166649,-74.87247706,,,2,CRÍTICA,0.2197802197802197,0.2719707526328918,5.763189758173184,estable,NORMAL,3,2026-09-17,1
73585,PURIFICACIÓN,TOLIMA,3.854281614,-74.87451155,,,2,MODERADA,0.0537679932260795,0.2352941176470588,4.37610004631774,estable,ALTA,1,2026-09-17,1
73622,RONCESVALLES,TOLIMA,4.097861181,-75.59428027,0.0,0.0,6,ALTA,0.2394366197183098,0.261347066911583,6.074397636084663,decreciente,NORMAL,2,2026-09-17,1
73624,ROVIRA,TOLIMA,4.216730954,-75.34758364,,,4,MODERADA,0.0568181818181818,0.1184308164953326,2.09227775808421,sin_datos,MODERADA,1,2026-09-17,1
73671,SALDAÑA,TOLIMA,3.912542787,-75.01859762,0.0,0.0,6,CRÍTICA,0.1538461538461538,0.2036713734294379,4.110458627394111,estable,SEVERA,3,2026-09-17,1
73675,SAN ANTONIO,TOLIMA,3.926088268,-75.50991004,0.0,0.0,6,ALTA,0.1875,0.1007916879235252,1.921761516408548,estable,MODERADA,2,2026-09-17,1
73686,SANTA ISABEL,TOLIMA,4.740827622,-75.20069946,0.0,0.0,1,BAJA,0.0726495726495726,0.0623054771128247,0.8576165673177057,estable,SEVERA,0,2026-09-17,0
73854,VALLE DE SAN JUAN,TOLIMA,4.182125647,-75.17148237,0.0,0.0,6,MODERADA,0.0909090909090909,0.1254402526105562,4.969254663087317,decreciente,SEVERA,1,2026-09-17,1
73870,VILLAHERMOSA,TOLIMA,4.965753461,-75.15592969,,,2,CRÍTICA,0.1382978723404255,0.1544578853046594,3.1316805247195734,estable,ALTA,3,2026-09-17,1
73873,VILLARRICA,TOLIMA,3.854384097,-74.61896623,,,2,MODERADA,0.0531986531986532,0.2445054945054944,4.596084295451384,estable,LEVE,1,2026-09-17,0
76001,CALI,VALLE DEL CAUCA,3.399043723,-76.57649259,0.0,0.0,10,CRÍTICA,0.1514285714285714,0.1562486962128539,5.385129483429058,creciente,SEVERA,3,2026-09-17,1
76020,ALCALÁ,VALLE DEL CAUCA,4.6788971,-75.78297932,,,1,BAJA,0.0554054054054054,0.0,,sin_datos,ALTA,0,2026-09-17,1
76054,ARGELIA,VALLE DEL CAUCA,4.704287864,-76.14164999,,,4,MODERADA,0.075075075075075,0.0523883214795339,1.1589318922423728,estable,ALTA,1,2026-09-17,1
76109,BUENAVENTURA,VALLE DEL CAUCA,3.493340766,-77.11872832,0.0,0.0,2,CRÍTICA,0.2,0.0587944219523166,3.399052519118308,estable,MODERADA,3,2026-09-17,1
76111,GUADALAJARA DE BUGA,VALLE DEL CAUCA,3.819854318,-75.98312419,0.0,0.0,3,MODERADA,0.0638297872340425,0.0960616195398804,2.30547886895713,estable,ALTA,1,2026-09-17,1
76113,BUGALAGRANDE,VALLE DEL CAUCA,4.196852991,-76.0896103,0.0,0.0,2,BAJA,0.0683760683760683,0.0084482758620689,0.5153448275862069,estable,MODERADA,0,2026-09-17,1
76122,CAICEDONIA,VALLE DEL CAUCA,4.308997973,-75.83672567,,,3,BAJA,0.0553250345781466,0.0,,sin_datos,NORMAL,0,2026-09-17,1
76130,CANDELARIA,VALLE DEL CAUCA,3.382091564,-76.38317663,0.0,0.0,1,BAJA,0.0445859872611464,0.0117939563942368,0.264521593413599,estable,ALTA,0,2026-09-17,1
76147,CARTAGO,VALLE DEL CAUCA,4.70684716,-75.91790846,0.05,0.1,4,ALTA,0.1059322033898305,0.106842519708899,2.477410925750096,estable,SEVERA,2,2026-09-17,1
76233,DAGUA,VALLE DEL CAUCA,3.649822218,-76.72039347,,,3,BAJA,0.0833333333333333,0.0,,sin_datos,NORMAL,0,2026-09-17,1
76248,EL CERRITO,VALLE DEL CAUCA,3.656072873,-76.30841784,0.0,0.0,1,MODERADA,0.0130861504907306,0.1006976206354843,7.694976510228264,decreciente,MODERADA,1,2026-09-17,1
76275,FLORIDA,VALLE DEL CAUCA,3.304104295,-76.16477307,0.0,0.0,3,MODERADA,0.0762711864406779,0.0836263473357619,1.8246994803917889,estable,SEVERA,1,2026-09-17,1
76306,GINEBRA,VALLE DEL CAUCA,3.74410441,-76.19082004,,,1,BAJA,0.0614250614250614,0.0,,sin_datos,MODERADA,0,2026-09-17,0
76318,GUACARÍ,VALLE DEL CAUCA,3.759414991,-76.34518277,,,1,BAJA,0.0526976160602258,0.0,,sin_datos,ALTA,0,2026-09-17,1
76364,JAMUNDÍ,VALLE DEL CAUCA,3.213892389,-76.62760418,0.0,0.0,5,ALTA,0.21875,0.1757364163614163,3.6676840970243743,sin_datos,NORMAL,2,2026-09-17,1
76377,LA CUMBRE,VALLE DEL CAUCA,3.694303106,-76.58989905,0.0,0.0,2,BAJA,0.0552325581395348,0.0506096400251531,0.9264375771271094,estable,ALTA,0,2026-09-17,1
76606,RESTREPO,VALLE DEL CAUCA,3.806494973,-76.53489853,,,2,BAJA,0.0533141210374639,0.0,,sin_datos,NORMAL,0,2026-09-17,0
76616,RIOFRÍO,VALLE DEL CAUCA,4.109500298,-76.37105443,0.0,0.0,2,MODERADA,0.0622710622710622,0.074027084027084,1.702622932622933,estable,MODERADA,1,2026-09-17,1
76670,SAN PEDRO,VALLE DEL CAUCA,3.98143244,-76.20836168,0.0,0.0,1,BAJA,0.0471698113207547,0.0501663250260725,1.0635260905527384,decreciente,ALTA,0,2026-09-17,1
76828,TRUJILLO,VALLE DEL CAUCA,4.233268116,-76.34292699,,,2,BAJA,0.0535557506584723,0.0,,sin_datos,MODERADA,0,2026-09-17,1
76845,ULLOA,VALLE DEL CAUCA,4.707718947,-75.77835903,0.0,0.0,3,ALTA,0.0534161490683229,0.1779674690388976,3.463917549554196,sin_datos,NORMAL,2,2026-09-17,1
76890,YOTOCO,VALLE DEL CAUCA,3.904130354,-76.39080435,0.0,0.0,1,MODERADA,0.0331753554502369,0.0851490056890236,2.566634314340571,estable,MODERADA,1,2026-09-17,1
76892,YUMBO,VALLE DEL CAUCA,3.595913669,-76.5109879,0.0,0.0,3,ALTA,0.1300448430493273,0.1006976206354843,0.884181478584529,decreciente,MODERADA,2,2026-09-17,1
76895,ZARZAL,VALLE DEL CAUCA,4.35359875,-76.05065336,0.0,0.0,1,BAJA,0.0959409594095941,0.0851490056890236,0.8875146362202083,estable,MODERADA,0,2026-09-17,1
81001,ARAUCA,ARAUCA,6.796280825,-70.50921153,0.0,0.0,3,BAJA,0.088235294117647,0.008823421841855,0.5999926852461415,estable,ALTA,0,2026-09-17,1
81065,ARAUQUITA,ARAUCA,6.799338394,-71.29827429,,,1,BAJA,0.0240384615384615,0.0,0.0,insuficiente,NORMAL,0,2026-09-17,1
81220,CRAVO NORTE,ARAUCA,6.39654349,-70.07381197,,,1,BAJA,0.0723404255319148,0.0,,sin_datos,NORMAL,0,2026-09-17,0
81300,FORTUL,ARAUCA,6.750907234,-71.79124241,,,1,ALTA,0.1666666666666666,0.0,,sin_datos,MODERADA,2,2026-09-17,1
81736,SARAVENA,ARAUCA,6.906941714,-71.85070757,0.0,0.0,3,CRÍTICA,0.1066666666666666,0.1481946812932221,5.730194343337923,estable,LEVE,3,2026-09-17,1
81794,TAME,ARAUCA,6.390650479,-71.79178647,,,1,BAJA,0.0705128205128205,0.0,,sin_datos,NORMAL,0,2026-09-17,1
85001,YOPAL,CASANARE,5.242744761,-72.25802857,0.0,0.0,5,ALTA,0.0786240786240786,0.0653973444244497,1.6785318402275424,estable,NORMAL,2,2026-09-17,1
85010,AGUAZUL,CASANARE,5.126121886,-72.54821017,,,4,ALTA,0.25,0.0494791666666666,3.195337995337995,estable,SEVERA,2,2026-09-17,1
85125,HATO COROZAL,CASANARE,6.03948032,-71.52445752,0.7000000000000001,0.4,4,CRÍTICA,0.1846153846153846,0.2169305418297353,4.714420085116643,estable,NORMAL,3,2026-09-17,1
85139,MANÍ,CASANARE,4.675769488,-72.21280273,,,2,MODERADA,0.0631364562118126,0.0438236568770495,1.163318891645315,estable,NORMAL,1,2026-09-17,1
85162,MONTERREY,CASANARE,4.841308642,-72.8473434,12.4,4.2,3,CRÍTICA,0.2,0.3100620339256703,6.387277898868809,estable,MODERADA,3,2026-09-17,1
85225,NUNCHÍA,CASANARE,5.529181235,-72.09251937,25.8,2.1,2,ALTA,0.0977242302543507,0.1200346851198522,5.451575282526621,decreciente,LEVE,2,2026-09-17,1
85230,OROCUÉ,CASANARE,4.915139133,-71.59873966,0.30000000000000004,0.1,10,CRÍTICA,0.3333333333333333,0.0627171264016551,2.054461019399672,estable,MODERADA,3,2026-09-17,1
85250,PAZ DE ARIPORO,CASANARE,5.779915281,-70.86947037,0.0,0.0,6,ALTA,0.0674157303370786,0.0851285027696318,1.663046107678164,insuficiente,NORMAL,2,2026-09-17,1
85263,PORE,CASANARE,5.663194953,-71.92580806,30.8,2.5,1,ALTA,0.1,0.2927857977046618,2.9278579770466178,estable,NORMAL,2,2026-09-17,1
85279,RECETOR,CASANARE,5.263068507,-72.77081831,,,1,BAJA,0.0277777777777777,0.0,,sin_datos,MODERADA,0,2026-09-17,1
85300,SABANALARGA,CASANARE,4.81119011,-72.99580655,,,1,BAJA,0.0444444444444444,0.0,,sin_datos,MODERADA,0,2026-09-17,1
85325,SAN LUIS DE PALENQUE,CASANARE,5.274955665,-71.81749276,2.1333333333333333,1.3,4,CRÍTICA,0.1011235955056179,0.174625677294353,11.234251905936713,estable,NORMAL,3,2026-09-17,1
85400,TÁMARA,CASANARE,5.878927424,-72.20067822,35.0,2.2,5,CRÍTICA,0.1383647798742138,0.1607476327585869,5.976889254387461,estable,NORMAL,3,2026-09-17,1
85440,VILLANUEVA,CASANARE,4.528307719,-72.82314281,0.0,0.0,1,CRÍTICA,0.3333333333333333,0.1136363636363636,0.3409090909090909,estable,NORMAL,3,2026-09-17,1
86001,MOCOA,PUTUMAYO,1.26070915,-76.66584349,4.9,1.5,7,CRÍTICA,0.2272727272727272,0.2844977081297408,7.868607664325198,estable,MODERADA,3,2026-09-17,0
86755,SAN FRANCISCO,PUTUMAYO,1.136071096,-76.84726661,,,2,ALTA,0.2,0.0,,sin_datos,MODERADA,2,2026-09-17,0
86760,SANTIAGO,PUTUMAYO,1.036021482,-76.97751684,5.2,1.0,2,ALTA,0.0826666666666666,0.0669291755480012,1.7066939764740312,estable,NORMAL,2,2026-09-17,0
86865,VALLE DEL GUAMUEZ,PUTUMAYO,0.42012589,-76.77067026,0.0,0.0,1,MODERADA,0.0113207547169811,0.6112860632468475,53.99693558680487,estable,MODERADA,1,2026-09-17,0
88001,SAN ANDRÉS,"ARCHIPIÉLAGO DE SAN ANDRÉS, PROVIDENCIA Y SANTA CATALINA",12.54311512,-81.71762382,3.1,0.4,7,CRÍTICA,0.180722891566265,0.1206145832831733,5.382984179860146,creciente,NORMAL,3,2026-09-17,0
88564,PROVIDENCIA,"ARCHIPIÉLAGO DE SAN ANDRÉS, PROVIDENCIA Y SANTA CATALINA",13.3511096,-81.37388549,0.0,0.0,4,MODERADA,0.0916666666666666,0.0923273741680566,4.0624044633944925,decreciente,NORMAL,1,2026-09-17,0
91001,LETICIA,AMAZONAS,-3.530058784,-70.04513691,6.199999999999999,2.9,4,CRÍTICA,0.2318181818181818,0.0505818178006025,3.3131090659394675,estable,NORMAL,3,2026-09-17,0
91407,LA PEDRERA,AMAZONAS,-1.550256503,-69.94602815,,,2,BAJA,0.0641509433962264,0.0,0.0,insuficiente,ALTA,0,2026-09-17,0
91540,PUERTO NARIÑO,AMAZONAS,-3.631323222,-70.47199039,4.2,1.9,3,ALTA,0.0604982206405693,0.040308534058534,1.0223710002119093,creciente,MODERADA,2,2026-09-17,0
94001,INÍRIDA,GUAINÍA,3.516363079,-68.00834728,0.1,0.1,4,CRÍTICA,0.1173184357541899,0.0979486616296102,2.735884207790704,estable,NORMAL,3,2026-09-17,0
94885,LA GUADALUPE,GUAINÍA,1.404540273,-67.001518,,,1,BAJA,0.0833333333333333,0.0,,sin_datos,ALTA,0,2026-09-17,0
97001,MITÚ,VAUPÉS,1.06148231,-70.46688401,4.6,1.4,3,CRÍTICA,0.111913357400722,0.1492825736346113,5.562158113941444,estable,NORMAL,3,2026-09-17,0
99001,PUERTO CARREÑO,VICHADA,5.836529669,-68.14122234,0.0,0.0,2,BAJA,0.073170731707317,0.0482986763004684,0.7566792620406718,decreciente,NORMAL,0,2026-09-17,0
99624,SANTA ROSALÍA,VICHADA,4.968581012,-70.65997097,0.0,0.0,2,BAJA,0.0653266331658291,0.0545180011775937,0.8359426847231034,estable,MODERADA,0,2026-09-17,0
