COD_MPIO,NOM_MPIO,NOM_DPTO,LATITUD,LONGITUD,tiene_paramo,nombre_paramo,tiene_bosque_seco,nombre_bosque_seco,tiene_humedal,nombre_humedal,tiene_reaa,nombre_reaa,tiene_ley2,nombre_ley2
5001,MEDELLÍN,ANTIOQUIA,6.257590259,-75.61103107,0,,0,,1,Magdalena Cauca,0,,0,
5002,ABEJORRAL,ANTIOQUIA,5.803728154,-75.43847353,0,,0,,0,,0,,0,
5004,ABRIAQUÍ,ANTIOQUIA,6.627569378,-76.08597756,0,,0,,1,Caribe,1,Zonificacion_Ley2da,1,Pacífico
5021,ALEJANDRÍA,ANTIOQUIA,6.365534125,-75.09059702,0,,0,,1,Magdalena Cauca,1,Omec,0,
5030,AMAGÁ,ANTIOQUIA,6.032921994,-75.7080031,0,,0,,0,,1,Omec,0,
5031,AMALFI,ANTIOQUIA,6.977788843,-74.9812393,0,,0,,1,Magdalena Cauca,1,PDET,0,
5034,ANDES,ANTIOQUIA,5.604993248,-75.94128391,0,,0,,0,,1,Omec,0,
5036,ANGELÓPOLIS,ANTIOQUIA,6.121430303,-75.71594966,0,,0,,0,,1,Omec,0,
5038,ANGOSTURA,ANTIOQUIA,6.861498764,-75.358316,0,,0,,1,Magdalena Cauca,0,,0,
5040,ANORÍ,ANTIOQUIA,7.193110778,-75.10848954,0,,0,,0,,0,,0,
5042,SANTA FÉ DE ANTIOQUIA,ANTIOQUIA,6.535711576,-75.90426658,0,,0,,1,Magdalena Cauca,0,,0,
5044,ANZÁ,ANTIOQUIA,6.293546613,-75.91736927,0,,0,,0,,0,,0,
5045,APARTADÓ,ANTIOQUIA,7.86047815,-76.58236264,0,,0,,1,Caribe,1,PDET,0,
5051,ARBOLETES,ANTIOQUIA,8.611395262,-76.41478317,0,,0,,1,Caribe,0,,0,
5055,ARGELIA,ANTIOQUIA,5.708114524,-75.09469795,0,,0,,1,Magdalena Cauca,1,Humedales V3,0,
5059,ARMENIA,ANTIOQUIA,6.163683758,-75.80995528,0,,0,,1,Magdalena Cauca,1,Omec,0,
5079,BARBOSA,ANTIOQUIA,6.443417935,-75.32924085,0,,0,,1,Magdalena Cauca,0,,0,
5086,BELMIRA,ANTIOQUIA,6.665853953,-75.68621659,0,,0,,1,Magdalena Cauca,0,,0,
5088,BELLO,ANTIOQUIA,6.358841086,-75.58973588,0,,0,,1,Magdalena Cauca,0,,0,
5091,BETANIA,ANTIOQUIA,5.727081285,-75.98689107,0,,0,,1,Magdalena Cauca,1,Omec,0,
5093,BETULIA,ANTIOQUIA,6.185783612,-75.95649246,0,,0,,0,,0,,0,
5101,CIUDAD BOLÍVAR,ANTIOQUIA,5.840995666,-76.01065253,0,,0,,1,Magdalena Cauca,1,Omec,0,
5107,BRICEÑO,ANTIOQUIA,7.111788462,-75.56223474,0,,0,,1,Magdalena Cauca,1,PDET,0,
5113,BURITICÁ,ANTIOQUIA,6.80906489,-75.91206595,0,,0,,1,Magdalena Cauca,0,,0,
5120,CÁCERES,ANTIOQUIA,7.665155105,-75.22369744,0,,0,,1,Magdalena Cauca,1,PDET,0,
5125,CAICEDO,ANTIOQUIA,6.423463639,-75.99351498,0,,0,,1,Magdalena Cauca,0,,0,
5129,CALDAS,ANTIOQUIA,6.054446841,-75.62642674,0,,0,,1,Magdalena Cauca,1,Humedales V3,0,
5134,CAMPAMENTO,ANTIOQUIA,7.036017478,-75.28766178,0,,0,,1,Magdalena Cauca,0,,0,
5138,CAÑASGORDAS,ANTIOQUIA,6.814950023,-76.02689632,0,,0,,1,Caribe,1,Zonificacion_Ley2da,1,Pacífico
5142,CARACOLÍ,ANTIOQUIA,6.33797388,-74.73354817,0,,0,,1,Magdalena Cauca,0,,0,
5145,CARAMANTA,ANTIOQUIA,5.555275296,-75.63082096,0,,0,,1,Magdalena Cauca,0,,0,
5147,CAREPA,ANTIOQUIA,7.757967437,-76.64374657,0,,0,,1,Caribe,1,"PDET,Humedales V3",0,
5148,EL CARMEN DE VIBORAL,ANTIOQUIA,5.978078841,-75.2635361,0,,0,,1,Magdalena Cauca,0,,0,
5150,CAROLINA,ANTIOQUIA,6.754821442,-75.30590654,0,,0,,1,Magdalena Cauca,0,,0,
5154,CAUCASIA,ANTIOQUIA,7.867941792,-75.03501824,0,,0,,1,Magdalena Cauca,1,PDET,0,
5172,CHIGORODÓ,ANTIOQUIA,7.631665644,-76.63964213,0,,0,,1,Caribe,1,PDET,0,
5190,CISNEROS,ANTIOQUIA,6.550065431,-75.08254116,0,,0,,1,Magdalena Cauca,0,,0,
5197,COCORNÁ,ANTIOQUIA,6.005593074,-75.16015403,0,,0,,1,Magdalena Cauca,1,Omec,0,
5206,CONCEPCIÓN,ANTIOQUIA,6.376106187,-75.21785901,0,,0,,1,Magdalena Cauca,1,Omec,0,
5209,CONCORDIA,ANTIOQUIA,6.057468678,-75.90014678,0,,0,,1,Magdalena Cauca,0,,0,
5212,COPACABANA,ANTIOQUIA,6.351882893,-75.50075633,0,,0,,1,Magdalena Cauca,0,,0,
5234,DABEIBA,ANTIOQUIA,6.992243782,-76.31426328,0,,0,,1,Caribe,1,PDET,0,
5237,DONMATÍAS,ANTIOQUIA,6.492403905,-75.42227687,0,,0,,1,Magdalena Cauca,1,Omec,0,
5240,EBÉJICO,ANTIOQUIA,6.326444922,-75.78331175,0,,0,,1,Magdalena Cauca,1,Omec,0,
5250,EL BAGRE,ANTIOQUIA,7.704633351,-74.66427726,0,,0,,1,Magdalena Cauca,1,"PDET,Zonificacion_Ley2da",1,Río Magdalena
5264,ENTRERRÍOS,ANTIOQUIA,6.594656004,-75.55913083,0,,0,,1,Magdalena Cauca,1,Omec,0,
5266,ENVIGADO,ANTIOQUIA,6.154394922,-75.54686779,0,,0,,1,Magdalena Cauca,0,,0,
5282,FREDONIA,ANTIOQUIA,5.887702934,-75.67926242,0,,0,,1,Magdalena Cauca,1,Omec,0,
5284,FRONTINO,ANTIOQUIA,6.691364773,-76.33199656,0,,0,,1,Caribe,0,,1,Pacífico
5306,GIRALDO,ANTIOQUIA,6.663095863,-75.94804663,0,,0,,1,Caribe,0,,0,
5308,GIRARDOTA,ANTIOQUIA,6.379745895,-75.44795744,0,,0,,1,Magdalena Cauca,0,,0,
5310,GÓMEZ PLATA,ANTIOQUIA,6.709562839,-75.19270291,0,,0,,1,Magdalena Cauca,0,,0,
5313,GRANADA,ANTIOQUIA,6.123380721,-75.12763646,0,,0,,1,Magdalena Cauca,1,Omec,0,
5315,GUADALUPE,ANTIOQUIA,6.861576325,-75.22591303,0,,0,,1,Magdalena Cauca,0,,0,
5318,GUARNE,ANTIOQUIA,6.266625703,-75.43730801,0,,0,,0,,0,,0,
5321,GUATAPÉ,ANTIOQUIA,6.236329826,-75.15651272,0,,0,,1,Magdalena Cauca,0,,0,
5347,HELICONIA,ANTIOQUIA,6.214511788,-75.74971002,0,,0,,1,Magdalena Cauca,1,Omec,0,
5353,HISPANIA,ANTIOQUIA,5.797039002,-75.90669203,0,,0,,1,Magdalena Cauca,1,Omec,0,
5360,ITAGÜÍ,ANTIOQUIA,6.179279438,-75.6142037,0,,0,,1,Magdalena Cauca,1,Humedales V3,0,
5361,ITUANGO,ANTIOQUIA,7.341549718,-75.67842277,0,,0,,0,,1,PDET,0,
5364,JARDÍN,ANTIOQUIA,5.574444339,-75.81842575,0,,0,,1,Magdalena Cauca,0,,0,
5368,JERICÓ,ANTIOQUIA,5.769820536,-75.76488256,0,,0,,1,Magdalena Cauca,0,,0,
5376,LA CEJA,ANTIOQUIA,5.992524843,-75.43086935,0,,0,,1,Magdalena Cauca,1,Omec,0,
5380,LA ESTRELLA,ANTIOQUIA,6.137595883,-75.64895499,0,,0,,1,Magdalena Cauca,0,,0,
5390,LA PINTADA,ANTIOQUIA,5.746583958,-75.60220206,0,,0,,1,Magdalena Cauca,1,Omec,0,
5400,LA UNIÓN,ANTIOQUIA,5.940434685,-75.35429023,0,,0,,1,Magdalena Cauca,0,,0,
5411,LIBORINA,ANTIOQUIA,6.723990935,-75.78300046,0,,0,,1,Magdalena Cauca,0,,0,
5425,MACEO,ANTIOQUIA,6.534573585,-74.71410854,0,,0,,1,Magdalena Cauca,0,,0,
5440,MARINILLA,ANTIOQUIA,6.18520515,-75.30487933,0,,0,,1,Magdalena Cauca,0,,0,
5467,MONTEBELLO,ANTIOQUIA,5.916853903,-75.51972693,0,,0,,1,Magdalena Cauca,0,,0,
5475,MURINDÓ,ANTIOQUIA,6.828773855,-76.70861349,0,,0,,1,Caribe,1,"PDET,Zonificacion_Ley2da,Humedales V3",1,Pacífico
5480,MUTATÁ,ANTIOQUIA,7.329557848,-76.4630657,0,,0,,1,Caribe,1,"PDET,Zonificacion_Ley2da",1,Pacífico
5483,NARIÑO,ANTIOQUIA,5.581275312,-75.19457019,0,,0,,1,Magdalena Cauca,1,Zonificacion_Ley2da,1,Central
5490,NECOCLÍ,ANTIOQUIA,8.493728551,-76.67699588,0,,0,,1,Caribe,1,PDET,0,
5495,NECHÍ,ANTIOQUIA,7.983477394,-74.65844186,0,,0,,1,Magdalena Cauca,1,"PDET,Zonificacion_Ley2da",1,Río Magdalena
5501,OLAYA,ANTIOQUIA,6.611418083,-75.77567097,0,,0,,1,Magdalena Cauca,0,,0,
5541,PEÑOL,ANTIOQUIA,6.232396368,-75.22350906,0,,0,,1,Magdalena Cauca,0,,0,
5543,PEQUE,ANTIOQUIA,7.044180058,-75.88968843,0,,0,,0,,0,,0,
5576,PUEBLORRICO,ANTIOQUIA,5.80970186,-75.86076667,0,,0,,1,Magdalena Cauca,0,,0,
5579,PUERTO BERRÍO,ANTIOQUIA,6.481922267,-74.5287421,0,,0,,1,Magdalena Cauca,1,CorredorManati,0,
5585,PUERTO NARE,ANTIOQUIA,6.126539139,-74.70317722,0,,0,,1,Magdalena Cauca,1,Omec,0,
5591,PUERTO TRIUNFO,ANTIOQUIA,5.954830151,-74.6861918,0,,0,,1,Magdalena Cauca,0,,0,
5604,REMEDIOS,ANTIOQUIA,6.997267375,-74.55865652,0,,0,,1,Magdalena Cauca,1,"PDET,Zonificacion_Ley2da,Humedales V3",1,Río Magdalena
5607,RETIRO,ANTIOQUIA,6.053444254,-75.51573805,0,,0,,1,Magdalena Cauca,0,,0,
5615,RIONEGRO,ANTIOQUIA,6.150785807,-75.41076052,0,,0,,1,Magdalena Cauca,0,,0,
5628,SABANALARGA,ANTIOQUIA,6.901000506,-75.79222754,0,,0,,1,Magdalena Cauca,0,,0,
5631,SABANETA,ANTIOQUIA,6.138305183,-75.60880599,0,,0,,1,Magdalena Cauca,0,,0,
5642,SALGAR,ANTIOQUIA,5.970502334,-75.98137251,0,,0,,1,Magdalena Cauca,1,Omec,0,
5647,SAN ANDRÉS DE CUERQUÍA,ANTIOQUIA,6.918427233,-75.6657758,0,,0,,1,Magdalena Cauca,0,,0,
5649,SAN CARLOS,ANTIOQUIA,6.193789659,-74.90732769,0,,0,,1,Magdalena Cauca,0,,0,
5652,SAN FRANCISCO,ANTIOQUIA,5.840093731,-74.98176334,0,,0,,1,Magdalena Cauca,0,,0,
5656,SAN JERÓNIMO,ANTIOQUIA,6.438300409,-75.70310727,0,,0,,0,,1,Omec,0,
5658,SAN JOSÉ DE LA MONTAÑA,ANTIOQUIA,6.823258913,-75.67770826,0,,0,,0,,0,,0,
5659,SAN JUAN DE URABÁ,ANTIOQUIA,8.707141583,-76.53248234,0,,0,,1,Caribe,0,,0,
5660,SAN LUIS,ANTIOQUIA,6.024205956,-75.0076674,0,,0,,1,Magdalena Cauca,0,,0,
5664,SAN PEDRO DE LOS MILAGROS,ANTIOQUIA,6.458666308,-75.5624839,0,,0,,1,Magdalena Cauca,1,Omec,0,
5665,SAN PEDRO DE URABÁ,ANTIOQUIA,8.37915695,-76.31664233,0,,0,,1,Caribe,1,"PDET,Humedales V3",0,
5667,SAN RAFAEL,ANTIOQUIA,6.31074453,-74.99858652,0,,0,,1,Magdalena Cauca,0,,0,
5670,SAN ROQUE,ANTIOQUIA,6.466165211,-74.9450732,0,,0,,1,Magdalena Cauca,0,,0,
5674,SAN VICENTE FERRER,ANTIOQUIA,6.310387522,-75.32740163,0,,0,,0,,0,,0,
5679,SANTA BÁRBARA,ANTIOQUIA,5.878984956,-75.58330371,0,,0,,1,Magdalena Cauca,1,Omec,0,
5686,SANTA ROSA DE OSOS,ANTIOQUIA,6.675827825,-75.43814333,0,,0,,0,,0,,0,
5690,SANTO DOMINGO,ANTIOQUIA,6.481044132,-75.14260097,0,,0,,1,Magdalena Cauca,0,,0,
5697,EL SANTUARIO,ANTIOQUIA,6.124209495,-75.25212278,0,,0,,1,Magdalena Cauca,0,,0,
5736,SEGOVIA,ANTIOQUIA,7.26692339,-74.62163926,0,,0,,1,Magdalena Cauca,1,"PDET,Zonificacion_Ley2da",1,Río Magdalena
5756,SONSÓN,ANTIOQUIA,5.826388779,-74.83637623,0,,0,,1,Magdalena Cauca,0,,0,
5761,SOPETRÁN,ANTIOQUIA,6.520164552,-75.74580903,0,,0,,1,Magdalena Cauca,0,,0,
5789,TÁMESIS,ANTIOQUIA,5.673758571,-75.70979974,0,,0,,1,Magdalena Cauca,0,,0,
5790,TARAZÁ,ANTIOQUIA,7.488875998,-75.40189438,0,,0,,1,Magdalena Cauca,1,PDET,0,
5792,TARSO,ANTIOQUIA,5.871064557,-75.82871144,0,,0,,1,Magdalena Cauca,0,,0,
5809,TITIRIBÍ,ANTIOQUIA,6.058349971,-75.79966005,0,,0,,1,Magdalena Cauca,1,Omec,0,
5819,TOLEDO,ANTIOQUIA,7.016397069,-75.71363382,0,,0,,1,Magdalena Cauca,0,,0,
5837,TURBO,ANTIOQUIA,8.173851745,-76.5740377,0,,0,,1,Caribe,1,PDET,0,
5842,URAMITA,ANTIOQUIA,6.913916924,-76.13318514,0,,0,,1,Caribe,0,,0,
5847,URRAO,ANTIOQUIA,6.33534134,-76.25906482,0,,0,,1,Caribe,1,Zonificacion_Ley2da,1,Pacífico
5854,VALDIVIA,ANTIOQUIA,7.265404213,-75.40094502,0,,0,,1,Magdalena Cauca,1,PDET,0,
5856,VALPARAÍSO,ANTIOQUIA,5.651937802,-75.63083412,0,,0,,1,Magdalena Cauca,0,,0,
5858,VEGACHÍ,ANTIOQUIA,6.836535122,-74.7540302,0,,0,,1,Magdalena Cauca,0,,0,
5861,VENECIA,ANTIOQUIA,5.956576355,-75.77722423,0,,0,,1,Magdalena Cauca,1,Omec,0,
5873,VIGÍA DEL FUERTE,ANTIOQUIA,6.453351334,-76.69504802,0,,0,,1,Caribe,1,"PDET,Zonificacion_Ley2da,Humedales V3",1,Pacífico
5885,YALÍ,ANTIOQUIA,6.716870679,-74.75565002,0,,0,,1,Magdalena Cauca,0,,0,
5887,YARUMAL,ANTIOQUIA,6.9881309,-75.45439957,0,,0,,0,,0,,0,
5890,YOLOMBÓ,ANTIOQUIA,6.64442786,-75.02990266,0,,0,,1,Magdalena Cauca,0,,0,
5893,YONDÓ,ANTIOQUIA,6.925159318,-74.15824041,0,,0,,1,Magdalena Cauca,1,PDET,0,
5895,ZARAGOZA,ANTIOQUIA,7.474004006,-74.85848326,0,,0,,1,Magdalena Cauca,1,"PDET,Zonificacion_Ley2da",1,Río Magdalena
8001,BARRANQUILLA,ATLÁNTICO,10.98152051,-74.82771544,0,,0,,1,Magdalena Cauca,0,,0,
8078,BARANOA,ATLÁNTICO,10.79329302,-74.92219491,0,,0,,1,Magdalena Cauca,0,,0,
8137,CAMPO DE LA CRUZ,ATLÁNTICO,10.38405079,-74.88466039,0,,0,,1,Magdalena Cauca,0,,0,
8141,CANDELARIA,ATLÁNTICO,10.48902047,-74.87756627,0,,0,,1,Magdalena Cauca,0,,0,
8296,GALAPA,ATLÁNTICO,10.89771991,-74.88708788,0,,0,,1,Magdalena Cauca,0,,0,
8372,JUAN DE ACOSTA,ATLÁNTICO,10.82306503,-75.07841904,0,,0,,1,Caribe,0,,0,
8421,LURUACO,ATLÁNTICO,10.63503116,-75.15402741,0,,0,,1,Caribe,0,,0,
8433,MALAMBO,ATLÁNTICO,10.84828864,-74.80617555,0,,0,,1,Magdalena Cauca,0,,0,
8436,MANATÍ,ATLÁNTICO,10.45414555,-74.98477367,0,,0,,1,Magdalena Cauca,0,,0,
8520,PALMAR DE VARELA,ATLÁNTICO,10.69481208,-74.7701509,0,,0,,1,Magdalena Cauca,0,,0,
8549,PIOJÓ,ATLÁNTICO,10.74078959,-75.14366034,0,,0,,1,Caribe,0,,0,
8558,POLONUEVO,ATLÁNTICO,10.76740141,-74.85414844,0,,0,,1,Magdalena Cauca,0,,0,
8560,PONEDERA,ATLÁNTICO,10.59465102,-74.79847316,0,,0,,1,Magdalena Cauca,0,,0,
8573,PUERTO COLOMBIA,ATLÁNTICO,11.0044226,-74.9074058,0,,0,,1,Caribe,0,,0,
8606,REPELÓN,ATLÁNTICO,10.50757051,-75.12188053,0,,0,,1,Magdalena Cauca,0,,0,
8634,SABANAGRANDE,ATLÁNTICO,10.79894015,-74.7687966,0,,0,,1,Magdalena Cauca,0,,0,
8638,SABANALARGA,ATLÁNTICO,10.62250777,-74.95510542,0,,0,,1,Magdalena Cauca,0,,0,
8675,SANTA LUCÍA,ATLÁNTICO,10.35364192,-74.96541179,0,,0,,1,Magdalena Cauca,0,,0,
8685,SANTO TOMÁS,ATLÁNTICO,10.75562656,-74.78726468,0,,0,,1,Magdalena Cauca,0,,0,
8758,SOLEDAD,ATLÁNTICO,10.9069066,-74.7784249,0,,0,,1,Magdalena Cauca,0,,0,
8770,SUAN,ATLÁNTICO,10.31085035,-74.90713308,0,,0,,1,Magdalena Cauca,0,,0,
8832,TUBARÁ,ATLÁNTICO,10.90721938,-74.98423293,0,,0,,1,Caribe,0,,0,
8849,USIACURÍ,ATLÁNTICO,10.74052266,-74.98267413,0,,0,,1,Magdalena Cauca,0,,0,
11001,"BOGOTÁ, D.C.","BOGOTÁ, D.C.",4.316107698,-74.1810727,1,Cruz Verde - Sumapaz,0,,1,Orinoco,1,"Omec,Paramos Delimitados",0,
13001,CARTAGENA DE INDIAS,BOLÍVAR,10.46343362,-75.45889915,0,,0,,1,Caribe,0,,0,
13006,ACHÍ,BOLÍVAR,8.622943262,-74.47805945,0,,0,,1,Magdalena Cauca,1,Zonificacion_Ley2da,1,Río Magdalena
13030,ALTOS DEL ROSARIO,BOLÍVAR,8.757468863,-74.19515811,0,,0,,1,Magdalena Cauca,1,Zonificacion_Ley2da,1,Río Magdalena
13042,ARENAL,BOLÍVAR,8.362996158,-74.10301905,0,,0,,1,Magdalena Cauca,1,PDET,0,
13052,ARJONA,BOLÍVAR,10.16422123,-75.37121788,0,,0,,1,Magdalena Cauca,0,,0,
13062,ARROYOHONDO,BOLÍVAR,10.24171805,-75.02690422,0,,0,,1,Magdalena Cauca,0,,0,
13074,BARRANCO DE LOBA,BOLÍVAR,8.837077654,-74.27966531,0,,0,,1,Magdalena Cauca,1,Omec,0,
13140,CALAMAR,BOLÍVAR,10.15517098,-74.99995949,0,,0,,1,Magdalena Cauca,0,,0,
13160,CANTAGALLO,BOLÍVAR,7.239229146,-74.10014043,0,,0,,1,Magdalena Cauca,1,"PDET,Zonificacion_Ley2da",1,Río Magdalena
13188,CICUCO,BOLÍVAR,9.235268598,-74.68840962,0,,0,,1,Magdalena Cauca,1,"Omec,Humedales V3",0,
13212,CÓRDOBA,BOLÍVAR,9.540047515,-74.89445635,0,,0,,1,Magdalena Cauca,1,PDET,0,
13222,CLEMENCIA,BOLÍVAR,10.55663696,-75.31446653,0,,0,,1,Caribe,0,,0,
13244,EL CARMEN DE BOLÍVAR,BOLÍVAR,9.699819876,-75.15793573,0,,0,,1,Magdalena Cauca,1,PDET,0,
13248,EL GUAMO,BOLÍVAR,10.03483672,-74.92811072,0,,0,,1,Magdalena Cauca,1,PDET,0,
13268,EL PEÑÓN,BOLÍVAR,8.864818786,-73.91230147,0,,0,,1,Magdalena Cauca,1,"Omec,Humedales V3",0,
13300,HATILLO DE LOBA,BOLÍVAR,8.981717133,-74.09071902,0,,0,,1,Magdalena Cauca,1,Omec,0,
13430,MAGANGUÉ,BOLÍVAR,9.053135895,-74.70539318,0,,0,,1,Magdalena Cauca,1,"Omec,Humedales V3",0,
13433,MAHATES,BOLÍVAR,10.17821391,-75.17978161,0,,0,,1,Magdalena Cauca,0,,0,
13440,MARGARITA,BOLÍVAR,9.054601889,-74.22584706,0,,0,,1,Magdalena Cauca,1,Omec,0,
13442,MARÍA LA BAJA,BOLÍVAR,9.976017168,-75.34380265,0,,0,,1,Magdalena Cauca,1,PDET,0,
13458,MONTECRISTO,BOLÍVAR,8.01710024,-74.46342911,0,,0,,1,Magdalena Cauca,1,Zonificacion_Ley2da,1,Río Magdalena
13468,SANTA CRUZ DE MOMPOX,BOLÍVAR,9.142512064,-74.54519906,0,,0,,1,Magdalena Cauca,1,"Omec,Humedales V3",0,
13473,MORALES,BOLÍVAR,8.253700061,-73.9713459,0,,0,,1,Magdalena Cauca,1,"Bosques de Paz,PDET",0,
13490,NOROSÍ,BOLÍVAR,8.50613476,-74.11588912,0,,0,,1,Magdalena Cauca,1,Zonificacion_Ley2da,1,Río Magdalena
13549,PINILLOS,BOLÍVAR,8.886315511,-74.40888476,0,,0,,1,Magdalena Cauca,1,Zonificacion_Ley2da,1,Río Magdalena
13580,REGIDOR,BOLÍVAR,8.672628558,-73.91450679,0,,0,,1,Magdalena Cauca,1,"Omec,Humedales V3",0,
13600,RÍO VIEJO,BOLÍVAR,8.559982465,-73.90298668,0,,0,,1,Magdalena Cauca,0,,0,
13620,SAN CRISTÓBAL,BOLÍVAR,10.36972087,-75.07333835,0,,0,,1,Magdalena Cauca,0,,0,
13647,SAN ESTANISLAO,BOLÍVAR,10.36468192,-75.20523487,0,,0,,1,Magdalena Cauca,0,,0,
13650,SAN FERNANDO,BOLÍVAR,9.081483143,-74.37186647,0,,0,,1,Magdalena Cauca,1,"Omec,Humedales V3",0,
13654,SAN JACINTO,BOLÍVAR,9.835362011,-75.10609201,0,,0,,1,Magdalena Cauca,1,PDET,0,
13655,SAN JACINTO DEL CAUCA,BOLÍVAR,8.212463202,-74.75082,0,,0,,1,Magdalena Cauca,1,"Omec,Humedales V3",0,
13657,SAN JUAN NEPOMUCENO,BOLÍVAR,9.967957823,-75.06571959,0,,0,,1,Magdalena Cauca,1,PDET,0,
13667,SAN MARTÍN DE LOBA,BOLÍVAR,8.816088444,-74.00599967,0,,0,,1,Magdalena Cauca,1,Omec,0,
13670,SAN PABLO,BOLÍVAR,7.507922612,-74.10356977000001,0,,0,,0,,1,"PDET,Zonificacion_Ley2da",1,Río Magdalena
13673,SANTA CATALINA,BOLÍVAR,10.64981278,-75.26548463,0,,0,,1,Caribe,0,,0,
13683,SANTA ROSA,BOLÍVAR,10.46920726,-75.36116053,0,,0,,1,Caribe,0,,0,
13688,SANTA ROSA DEL SUR,BOLÍVAR,7.772519173,-74.26272843,0,,0,,1,Magdalena Cauca,1,"PDET,Zonificacion_Ley2da",1,Río Magdalena
13744,SIMITÍ,BOLÍVAR,7.851315534,-73.98371609,0,,0,,1,Magdalena Cauca,1,PDET,0,
13760,SOPLAVIENTO,BOLÍVAR,10.33209031,-75.11699226,0,,0,,1,Magdalena Cauca,0,,0,
13780,TALAIGUA NUEVO,BOLÍVAR,9.269516705,-74.58695233,0,,0,,1,Magdalena Cauca,1,Omec,0,
13810,TIQUISIO,BOLÍVAR,8.492345176,-74.29676139,0,,0,,1,Magdalena Cauca,1,Zonificacion_Ley2da,1,Río Magdalena
13836,TURBACO,BOLÍVAR,10.35310756,-75.37971541,0,,0,,1,Magdalena Cauca,0,,0,
13838,TURBANÁ,BOLÍVAR,10.25276929,-75.43270299,0,,0,,1,Magdalena Cauca,0,,0,
13873,VILLANUEVA,BOLÍVAR,10.4449132,-75.26736275,0,,0,,1,Caribe,0,,0,
13894,ZAMBRANO,BOLÍVAR,9.745147021,-74.88067037,0,,0,,1,Magdalena Cauca,1,PDET,0,
15001,TUNJA,BOYACÁ,5.518472615,-73.37801856,0,,0,,0,,0,,0,
15022,ALMEIDA,BOYACÁ,4.954825081,-73.38813425,0,,0,,1,Orinoco,0,,0,
15047,AQUITANIA,BOYACÁ,5.437416373,-72.87149471,1,Tota - Bijagual - Mamapacha,0,,1,Orinoco,1,"Paramos Delimitados,Humedales V3",0,
15051,ARCABUCO,BOYACÁ,5.73526424,-73.42793109,1,Iguaque - Merchán,0,,1,Magdalena Cauca,1,"Paramos Delimitados,Humedales V3",0,
15087,BELÉN,BOYACÁ,6.005059265,-72.89369887,0,,0,,0,,0,,0,
15090,BERBEO,BOYACÁ,5.230936356,-73.12731944,0,,0,,1,Orinoco,0,,0,
15092,BETÉITIVA,BOYACÁ,5.920858933,-72.84857876,0,,0,,1,Magdalena Cauca,0,,0,
15097,BOAVITA,BOYACÁ,6.337515626,-72.62021239,0,,0,,1,Magdalena Cauca,0,,0,
15104,BOYACÁ,BOYACÁ,5.439856216,-73.38136994,0,,0,,1,Orinoco,0,,0,
15106,BRICEÑO,BOYACÁ,5.673229265,-73.92660705,0,,0,,1,Magdalena Cauca,1,Omec,0,
15109,BUENAVISTA,BOYACÁ,5.489399419,-73.95066255,0,,0,,1,Magdalena Cauca,1,Omec,0,
15114,BUSBANZÁ,BOYACÁ,5.843483731,-72.87574623,0,,0,,0,,0,,0,
15131,CALDAS,BOYACÁ,5.575990669,-73.88057508,0,,0,,1,Magdalena Cauca,1,Omec,0,
15135,CAMPOHERMOSO,BOYACÁ,5.006862536,-73.1446703,0,,0,,1,Orinoco,0,,0,
15162,CERINZA,BOYACÁ,5.962013698,-72.96447288,0,,0,,0,,0,,0,
15172,CHINAVITA,BOYACÁ,5.202971639,-73.34048074,0,,0,,1,Orinoco,0,,0,
15176,CHIQUINQUIRÁ,BOYACÁ,5.622488024,-73.80424531,0,,0,,1,Magdalena Cauca,0,,0,
15180,CHISCAS,BOYACÁ,6.68911806,-72.41795675,1,"Sierra Nevada del Cocuy
",0,,1,Orinoco,0,,1,Cocuy
15183,CHITA,BOYACÁ,6.091468485,-72.43903174,0,,0,,1,Magdalena Cauca,0,,0,
15185,CHITARAQUE,BOYACÁ,5.984394625,-73.42582375,0,,0,,0,,0,,0,
15187,CHIVATÁ,BOYACÁ,5.556830465,-73.26061715,0,,0,,1,Magdalena Cauca,0,,0,
15189,CIÉNEGA,BOYACÁ,5.393059633,-73.28205772,0,,0,,1,Orinoco,0,,0,
15204,CÓMBITA,BOYACÁ,5.667822366,-73.32137049,0,,0,,0,,0,,0,
15212,COPER,BOYACÁ,5.452461072,-74.05996578,0,,0,,0,,1,Omec,0,
15215,CORRALES,BOYACÁ,5.82454582,-72.84544845,0,,0,,0,,0,,0,
15218,COVARACHÍA,BOYACÁ,6.519521476,-72.74020421,0,,0,,1,Magdalena Cauca,0,,0,
15223,CUBARÁ,BOYACÁ,6.886954878,-72.18156285,0,,0,,1,Orinoco,0,,0,
15224,CUCAITA,BOYACÁ,5.527104109,-73.44598646,0,,0,,1,Magdalena Cauca,0,,0,
15226,CUÍTIVA,BOYACÁ,5.58775449,-72.93953686,0,,0,,1,Orinoco,0,,0,
15232,CHÍQUIZA,BOYACÁ,5.643075648,-73.44562391,0,,0,,1,Magdalena Cauca,0,,0,
15236,CHIVOR,BOYACÁ,4.871181606,-73.36142379,0,,0,,1,Orinoco,0,,0,
15238,DUITAMA,BOYACÁ,5.890602515,-73.06709484,1,Guantiva - La Rusia,0,,1,Magdalena Cauca,1,"Paramos Delimitados,Humedales V3",0,
15244,EL COCUY,BOYACÁ,6.353363177,-72.41923752,1,"Sierra Nevada del Cocuy
",0,,1,Magdalena Cauca,1,"Paramos Delimitados,Zonificacion_Ley2da,Humedales V3",1,Cocuy
15248,EL ESPINO,BOYACÁ,6.508240556,-72.48049625,0,,0,,1,Magdalena Cauca,1,"Zonificacion_Ley2da,Humedales V3",1,Cocuy
15272,FIRAVITOBA,BOYACÁ,5.67367659,-73.01983352,0,,0,,0,,0,,0,
15276,FLORESTA,BOYACÁ,5.85899211,-72.92499827,0,,0,,1,Magdalena Cauca,0,,0,
15293,GACHANTIVÁ,BOYACÁ,5.744105975,-73.5426552,0,,0,,1,Magdalena Cauca,0,,0,
15296,GÁMEZA,BOYACÁ,5.799050256,-72.72964765,0,,0,,1,Magdalena Cauca,0,,0,
15299,GARAGOA,BOYACÁ,5.089466651,-73.31430272,0,,0,,1,Orinoco,0,,0,
15317,GUACAMAYAS,BOYACÁ,6.445438546,-72.51635332,0,,0,,1,Magdalena Cauca,0,,0,
15322,GUATEQUE,BOYACÁ,5.01450831,-73.48812352,0,,0,,1,Orinoco,0,,0,
15325,GUAYATÁ,BOYACÁ,4.931424341,-73.49663372,0,,0,,1,Orinoco,0,,0,
15332,GÜICÁN DE LA SIERRA,BOYACÁ,6.566991765,-72.25599334,1,"Sierra Nevada del Cocuy
",0,,1,Orinoco,0,,1,Cocuy
15362,IZA,BOYACÁ,5.617366016,-72.96986504,0,,0,,1,Orinoco,0,,0,
15367,JENESANO,BOYACÁ,5.38916272,-73.40087021,0,,0,,1,Orinoco,0,,0,
15368,JERICÓ,BOYACÁ,6.155633662,-72.58523093,0,,0,,1,Magdalena Cauca,0,,0,
15377,LABRANZAGRANDE,BOYACÁ,5.541378132,-72.5903846,0,,0,,1,Orinoco,0,,0,
15380,LA CAPILLA,BOYACÁ,5.113167102,-73.45923708,0,,0,,1,Orinoco,0,,0,
15401,LA VICTORIA,BOYACÁ,5.507008121,-74.24162727,0,,0,,1,Magdalena Cauca,1,Omec,0,
15403,LA UVITA,BOYACÁ,6.265126191,-72.55551085,0,,0,,1,Magdalena Cauca,0,,0,
15407,VILLA DE LEYVA,BOYACÁ,5.665762424,-73.514948,0,,0,,1,Magdalena Cauca,0,,0,
15425,MACANAL,BOYACÁ,4.980176495,-73.29413695,0,,0,,1,Orinoco,0,,0,
15442,MARIPÍ,BOYACÁ,5.569810633,-74.02003127,0,,0,,0,,0,,0,
15455,MIRAFLORES,BOYACÁ,5.150953297,-73.17896722,0,,0,,1,Orinoco,0,,0,
15464,MONGUA,BOYACÁ,5.710937981,-72.63402875,0,,0,,1,Orinoco,0,,0,
15466,MONGUÍ,BOYACÁ,5.697352228,-72.83298664,1,Tota - Bijagual - Mamapacha,0,,1,Magdalena Cauca,0,,0,
15469,MONIQUIRÁ,BOYACÁ,5.863370485,-73.55852538,0,,0,,1,Magdalena Cauca,0,,0,
15476,MOTAVITA,BOYACÁ,5.606192449,-73.37734267,0,,0,,0,,0,,0,
15480,MUZO,BOYACÁ,5.539429272,-74.11177139,0,,0,,1,Magdalena Cauca,0,,0,
15491,NOBSA,BOYACÁ,5.778759851,-72.93268324,0,,0,,1,Magdalena Cauca,0,,0,
15494,NUEVO COLÓN,BOYACÁ,5.354701485,-73.44873424,0,,0,,0,,0,,0,
15500,OICATÁ,BOYACÁ,5.610787844,-73.27991905,0,,0,,1,Magdalena Cauca,0,,0,
15507,OTANCHE,BOYACÁ,5.753787787,-74.19719423,0,,0,,1,Magdalena Cauca,1,Omec,0,
15511,PACHAVITA,BOYACÁ,5.148323877,-73.39951219,0,,0,,1,Orinoco,0,,0,
15514,PÁEZ,BOYACÁ,5.095211035,-73.00435863,0,,0,,1,Orinoco,0,,0,
15516,PAIPA,BOYACÁ,5.762027786,-73.13777442,0,,0,,1,Magdalena Cauca,0,,0,
15518,PAJARITO,BOYACÁ,5.382328949,-72.69672674,0,,0,,1,Orinoco,0,,0,
15522,PANQUEBA,BOYACÁ,6.443299758,-72.46182431,0,,0,,1,Magdalena Cauca,1,"Zonificacion_Ley2da,Humedales V3",1,Cocuy
15531,PAUNA,BOYACÁ,5.688801559,-74.00504122,0,,0,,1,Magdalena Cauca,1,Omec,0,
15533,PAYA,BOYACÁ,5.621242742,-72.3692906,0,,0,,1,Orinoco,0,,0,
15537,PAZ DE RÍO,BOYACÁ,6.030008561,-72.75988018,0,,0,,1,Magdalena Cauca,0,,0,
15542,PESCA,BOYACÁ,5.498483324,-73.07837993,1,Tota - Bijagual - Mamapacha,0,,1,Magdalena Cauca,1,"Paramos Delimitados,Humedales V3",0,
15550,PISBA,BOYACÁ,5.768131812,-72.43993232,0,,0,,1,Orinoco,0,,0,
15572,PUERTO BOYACÁ,BOYACÁ,5.953466654,-74.4528581,0,,0,,1,Magdalena Cauca,0,,0,
15580,QUÍPAMA,BOYACÁ,5.595729831,-74.26857067,0,,0,,1,Magdalena Cauca,0,,0,
15599,RAMIRIQUÍ,BOYACÁ,5.319934092,-73.310779,1,Tota - Bijagual - Mamapacha,0,,0,,0,,0,
15600,RÁQUIRA,BOYACÁ,5.496268621,-73.62894438,0,,0,,1,Magdalena Cauca,0,,0,
15621,RONDÓN,BOYACÁ,5.379947879,-73.19650995,0,,0,,1,Orinoco,0,,0,
15632,SABOYÁ,BOYACÁ,5.699926051,-73.74799466,0,,0,,1,Magdalena Cauca,1,Omec,0,
15638,SÁCHICA,BOYACÁ,5.573464882,-73.543102,0,,0,,1,Magdalena Cauca,0,,0,
15646,SAMACÁ,BOYACÁ,5.47053997,-73.5211756,0,,0,,1,Magdalena Cauca,0,,0,
15660,SAN EDUARDO,BOYACÁ,5.234614686,-73.04914067,0,,0,,1,Orinoco,0,,0,
15664,SAN JOSÉ DE PARE,BOYACÁ,5.994154088,-73.54386522,0,,0,,1,Magdalena Cauca,0,,0,
15667,SAN LUIS DE GACENO,BOYACÁ,4.798203543,-73.13397018,0,,0,,1,Orinoco,0,,0,
15673,SAN MATEO,BOYACÁ,6.395388812,-72.55184862,0,,0,,1,Magdalena Cauca,0,,0,
15676,SAN MIGUEL DE SEMA,BOYACÁ,5.532326922,-73.74715898,0,,0,,1,Magdalena Cauca,1,Humedales V3,0,
15681,SAN PABLO DE BORBUR,BOYACÁ,5.677345066,-74.11403749,0,,0,,1,Magdalena Cauca,1,Omec,0,
15686,SANTANA,BOYACÁ,6.057614971,-73.48974828,0,,0,,1,Magdalena Cauca,0,,0,
15690,SANTA MARÍA,BOYACÁ,4.823002556,-73.25377506,0,,0,,1,Orinoco,0,,0,
15693,SANTA ROSA DE VITERBO,BOYACÁ,5.892950301,-72.9917278,0,,0,,1,Magdalena Cauca,0,,0,
15696,SANTA SOFÍA,BOYACÁ,5.731602716,-73.60366287,0,,0,,1,Magdalena Cauca,0,,0,
15720,SATIVANORTE,BOYACÁ,6.13211793,-72.73032415,0,,0,,1,Magdalena Cauca,0,,0,
15723,SATIVASUR,BOYACÁ,6.083405978,-72.72410815,0,,0,,1,Magdalena Cauca,0,,0,
15740,SIACHOQUE,BOYACÁ,5.498747701,-73.21681778,1,Tota - Bijagual - Mamapacha,0,,1,Magdalena Cauca,1,"Paramos Delimitados,Humedales V3",0,
15753,SOATÁ,BOYACÁ,6.323088045,-72.69604089,0,,0,,1,Magdalena Cauca,0,,0,
15755,SOCOTÁ,BOYACÁ,5.906513772,-72.53646361,0,,0,,1,Magdalena Cauca,0,,0,
15757,SOCHA,BOYACÁ,5.960498836,-72.68239784,0,,0,,1,Magdalena Cauca,0,,0,
15759,SOGAMOSO,BOYACÁ,5.646672053,-72.8709565,1,Tota - Bijagual - Mamapacha,0,,1,Orinoco,0,,0,
15761,SOMONDOCO,BOYACÁ,4.970974064,-73.42878785,0,,0,,1,Orinoco,0,,0,
15762,SORA,BOYACÁ,5.580573191,-73.44371838,0,,0,,0,,0,,0,
15763,SOTAQUIRÁ,BOYACÁ,5.763010553,-73.24352232,0,,0,,1,Magdalena Cauca,0,,0,
15764,SORACÁ,BOYACÁ,5.494890461,-73.31899997,0,,0,,0,,0,,0,
15774,SUSACÓN,BOYACÁ,6.215200578,-72.71575634,0,,0,,0,,0,,0,
15776,SUTAMARCHÁN,BOYACÁ,5.640030759,-73.62598773,0,,0,,1,Magdalena Cauca,0,,0,
15778,SUTATENZA,BOYACÁ,5.030711335,-73.41224401,0,,0,,1,Orinoco,0,,0,
15790,TASCO,BOYACÁ,5.882294313,-72.72626817,0,,0,,1,Magdalena Cauca,0,,0,
15798,TENZA,BOYACÁ,5.071413139,-73.42479699,0,,0,,1,Orinoco,0,,0,
15804,TIBANÁ,BOYACÁ,5.301116649,-73.3932521,0,,0,,1,Orinoco,0,,0,
15806,TIBASOSA,BOYACÁ,5.747329389,-73.01114724,0,,0,,1,Magdalena Cauca,0,,0,
15808,TINJACÁ,BOYACÁ,5.577566497,-73.67614572,0,,0,,1,Magdalena Cauca,0,,0,
15810,TIPACOQUE,BOYACÁ,6.42035349,-72.69463583,0,,0,,1,Magdalena Cauca,0,,0,
15814,TOCA,BOYACÁ,5.580254287,-73.1606969,0,,0,,1,Magdalena Cauca,0,,0,
15816,TOGÜÍ,BOYACÁ,5.921830062,-73.48921806,0,,0,,1,Magdalena Cauca,0,,0,
15820,TÓPAGA,BOYACÁ,5.765350303,-72.83672958,0,,0,,1,Magdalena Cauca,0,,0,
15822,TOTA,BOYACÁ,5.501297215,-72.99633297,1,Tota - Bijagual - Mamapacha,0,,1,Orinoco,1,"Paramos Delimitados,Humedales V3",0,
15832,TUNUNGUÁ,BOYACÁ,5.720301516,-73.94330927,0,,0,,1,Magdalena Cauca,1,Omec,0,
15835,TURMEQUÉ,BOYACÁ,5.305697418,-73.50908714,0,,0,,0,,0,,0,
15837,TUTA,BOYACÁ,5.678126998,-73.17343053,0,,0,,1,Magdalena Cauca,0,,0,
15839,TUTAZÁ,BOYACÁ,6.078051903,-72.85707832,1,Guantiva - La Rusia,0,,0,,1,"Paramos Delimitados,Humedales V3",0,
15842,ÚMBITA,BOYACÁ,5.217241368,-73.46338477,0,,0,,1,Orinoco,0,,0,
15861,VENTAQUEMADA,BOYACÁ,5.383385481,-73.52097942,0,,0,,1,Orinoco,0,,0,
15879,VIRACACHÁ,BOYACÁ,5.440558216,-73.26627456,0,,0,,1,Magdalena Cauca,0,,0,
15897,ZETAQUIRA,BOYACÁ,5.285635983,-73.16763091,0,,0,,1,Orinoco,0,,0,
17001,MANIZALES,CALDAS,5.08343301,-75.50727881,0,,0,,1,Magdalena Cauca,1,Omec,0,
17013,AGUADAS,CALDAS,5.616204006,-75.4554471,0,,0,,1,Magdalena Cauca,0,,0,
17042,ANSERMA,CALDAS,5.20029922,-75.75289078,0,,0,,1,Magdalena Cauca,0,,0,
17050,ARANZAZU,CALDAS,5.265539969,-75.47392619,0,,0,,0,,1,"Omec,Zonificacion_Ley2da",1,Central
17088,BELALCÁZAR,CALDAS,4.99467728,-75.81225989,0,,0,,1,Magdalena Cauca,0,,0,
17174,CHINCHINÁ,CALDAS,4.974340569,-75.65954686,0,,0,,1,Magdalena Cauca,0,,0,
17272,FILADELFIA,CALDAS,5.285743777,-75.58978784,0,,0,,1,Magdalena Cauca,1,Omec,0,
17380,LA DORADA,CALDAS,5.410515691,-74.72114262,0,,0,,1,Magdalena Cauca,0,,0,
17388,LA MERCED,CALDAS,5.393185716,-75.55791071,0,,0,,1,Magdalena Cauca,0,,0,
17433,MANZANARES,CALDAS,5.23295391,-75.15263447,0,,0,,1,Magdalena Cauca,0,,0,
17442,MARMATO,CALDAS,5.492632029,-75.60209955,0,,0,,1,Magdalena Cauca,0,,0,
17444,MARQUETALIA,CALDAS,5.309142491,-75.04117892,0,,0,,1,Magdalena Cauca,0,,0,
17446,MARULANDA,CALDAS,5.235585244,-75.28316648,0,,0,,0,,1,Zonificacion_Ley2da,1,Central
17486,NEIRA,CALDAS,5.183358589,-75.50692977,0,,0,,1,Magdalena Cauca,0,,0,
17495,NORCASIA,CALDAS,5.638062349,-74.85492707,0,,0,,1,Magdalena Cauca,0,,0,
17513,PÁCORA,CALDAS,5.500035035,-75.48245057,0,,0,,1,Magdalena Cauca,0,,0,
17524,PALESTINA,CALDAS,5.050342543,-75.66176266,0,,0,,1,Magdalena Cauca,0,,0,
17541,PENSILVANIA,CALDAS,5.407187836,-75.16683996,0,,0,,1,Magdalena Cauca,1,Zonificacion_Ley2da,1,Central
17614,RIOSUCIO,CALDAS,5.442275418,-75.75220499,0,,0,,1,Magdalena Cauca,0,,0,
17616,RISARALDA,CALDAS,5.097563816,-75.73335166,0,,0,,1,Magdalena Cauca,0,,0,
17653,SALAMINA,CALDAS,5.370332425,-75.40962177,0,,0,,1,Magdalena Cauca,1,"Omec,Zonificacion_Ley2da",1,Central
17662,SAMANÁ,CALDAS,5.519692873,-74.99718577,0,,0,,1,Magdalena Cauca,0,,0,
17665,SAN JOSÉ,CALDAS,5.083424513,-75.8101789,0,,0,,1,Magdalena Cauca,0,,0,
17777,SUPÍA,CALDAS,5.45295802,-75.64035705,0,,0,,1,Magdalena Cauca,0,,0,
17867,VICTORIA,CALDAS,5.447542859,-74.83622502,0,,0,,1,Magdalena Cauca,0,,0,
17873,VILLAMARÍA,CALDAS,4.940211591,-75.43544014,0,,0,,0,,0,,1,Central
17877,VITERBO,CALDAS,5.047822054,-75.879297,0,,0,,1,Magdalena Cauca,0,,0,
18001,FLORENCIA,CAQUETÁ,1.749138704,-75.55823906,0,,0,,1,Amazonas,1,"Omec,PDET",0,
18029,ALBANIA,CAQUETÁ,1.22786549,-75.88232651,0,,0,,1,Amazonas,1,PDET,0,
18094,BELÉN DE LOS ANDAQUÍES,CAQUETÁ,1.536174657,-75.90947504,0,,0,,1,Amazonas,1,"Omec,PDET",0,
18150,CARTAGENA DEL CHAIRÁ,CAQUETÁ,0.647693081,-74.27235499,0,,0,,1,Amazonas,1,"PDET,Zonificacion_Ley2da",1,Amazonía
18205,CURILLO,CAQUETÁ,1.115379292,-75.97328452,0,,0,,1,Amazonas,1,PDET,0,
18247,EL DONCELLO,CAQUETÁ,1.713734697,-75.26878109,0,,0,,1,Amazonas,1,"Omec,PDET",0,
18256,EL PAUJÍL,CAQUETÁ,1.476630016,-75.20231825,0,,0,,1,Amazonas,1,PDET,0,
18410,LA MONTAÑITA,CAQUETÁ,1.302860442,-75.23572732,0,,0,,1,Amazonas,1,PDET,0,
18460,MILÁN,CAQUETÁ,1.146692554,-75.38664764,0,,0,,1,Amazonas,1,"PDET,Humedales V3",0,
18479,MORELIA,CAQUETÁ,1.38299611,-75.67381123,0,,0,,1,Amazonas,1,PDET,0,
18592,PUERTO RICO,CAQUETÁ,2.018940891,-75.07308627,0,,0,,1,Amazonas,1,"Omec,PDET",0,
18610,SAN JOSÉ DEL FRAGUA,CAQUETÁ,1.304702314,-76.11000594,0,,0,,1,Amazonas,0,,1,Amazonía
18753,SAN VICENTE DEL CAGUÁN,CAQUETÁ,1.308465061,-74.19746971,0,,0,,1,Amazonas,1,"PDET,Zonificacion_Ley2da",1,Amazonía
18756,SOLANO,CAQUETÁ,0.096131862,-72.32036402,0,,0,,1,Amazonas,0,,1,Amazonía
18785,SOLITA,CAQUETÁ,0.943939454,-75.64668544,0,,0,,1,Amazonas,1,PDET,0,
18860,VALPARAÍSO,CAQUETÁ,1.07534915,-75.73779004,0,,0,,1,Amazonas,1,PDET,0,
19001,POPAYÁN,CAUCA,2.471704362,-76.59194419,0,,0,,1,Magdalena Cauca,0,,0,
19022,ALMAGUER,CAUCA,1.912440521,-76.83494519,0,,0,,1,Pacifico,1,"Omec,Zonificacion_Ley2da",1,Central
19050,ARGELIA,CAUCA,2.329337283,-77.26314906,0,,0,,1,Pacifico,1,PDET,0,
19075,BALBOA,CAUCA,2.084732945,-77.2088133,0,,0,,1,Pacifico,1,PDET,0,
19100,BOLÍVAR,CAUCA,1.853951938,-76.96337454,0,,0,,1,Pacifico,1,Omec,0,
19110,BUENOS AIRES,CAUCA,2.988923885,-76.62158951,0,,0,,1,Magdalena Cauca,1,PDET,0,
19130,CAJIBÍO,CAUCA,2.643209848,-76.70138914,0,,0,,1,Magdalena Cauca,1,PDET,0,
19137,CALDONO,CAUCA,2.803845691,-76.42719377,0,,0,,0,,1,PDET,0,
19142,CALOTO,CAUCA,3.062875557,-76.32127977,0,,0,,1,Magdalena Cauca,1,PDET,0,
19212,CORINTO,CAUCA,3.136753606,-76.20964569,0,,0,,1,Magdalena Cauca,1,PDET,0,
19256,EL TAMBO,CAUCA,2.534488312,-77.00511207,0,,0,,0,,1,"PDET,Zonificacion_Ley2da",1,Pacífico
19290,FLORENCIA,CAUCA,1.69453474,-77.08735723,0,,0,,1,Pacifico,1,Omec,0,
19300,GUACHENÉ,CAUCA,3.144389993,-76.39234811,0,,0,,1,Magdalena Cauca,0,,0,
19318,GUAPI,CAUCA,2.41326696,-77.69047531,0,,0,,1,Pacifico,1,PDET,0,
19355,INZÁ,CAUCA,2.499058783,-76.13762531,0,,0,,1,Magdalena Cauca,1,Zonificacion_Ley2da,1,Central
19364,JAMBALÓ,CAUCA,2.84981013,-76.31124919,0,,0,,1,Magdalena Cauca,1,"PDET,Zonificacion_Ley2da",1,Central
19392,LA SIERRA,CAUCA,2.187473572,-76.78228032,0,,0,,1,Pacifico,0,,0,
19397,LA VEGA,CAUCA,2.053933426,-76.7588062,0,,0,,0,,0,,0,
19418,LÓPEZ DE MICAY,CAUCA,2.95819877,-77.24212158,0,,0,,1,Pacifico,1,PDET,0,
19450,MERCADERES,CAUCA,1.793825164,-77.18060381,0,,0,,1,Pacifico,1,PDET,0,
19455,MIRANDA,CAUCA,3.228235212,-76.21670827,0,,0,,0,,1,PDET,0,
19473,MORALES,CAUCA,2.773663981,-76.74605152,0,,0,,1,Magdalena Cauca,1,PDET,0,
19513,PADILLA,CAUCA,3.194730618,-76.3362418,0,,0,,1,Magdalena Cauca,1,Humedales V3,0,
19517,PÁEZ,CAUCA,2.733887702,-75.99368264,0,,0,,1,Magdalena Cauca,0,,0,
19532,PATÍA,CAUCA,2.157983906,-77.0465762,0,,0,,1,Pacifico,1,"PDET,Humedales V3",0,
19533,PIAMONTE,CAUCA,1.054128816,-76.4443271,0,,0,,1,Amazonas,0,,0,
19548,PIENDAMÓ - TUNÍA,CAUCA,2.702420026,-76.53770455,0,,0,,0,,1,PDET,0,
19573,PUERTO TEJADA,CAUCA,3.266724205,-76.41846353,0,,0,,1,Magdalena Cauca,1,Humedales V3,0,
19585,PURACÉ,CAUCA,2.262153618,-76.44826938,0,,0,,1,Magdalena Cauca,1,Zonificacion_Ley2da,1,Central
19622,ROSAS,CAUCA,2.260421954,-76.74582033,0,,0,,1,Pacifico,0,,0,
19693,SAN SEBASTIÁN,CAUCA,1.856261815,-76.71652424,0,,0,,1,Amazonas,1,Zonificacion_Ley2da,1,Central
19698,SANTANDER DE QUILICHAO,CAUCA,2.984467338,-76.49873145,0,,0,,1,Magdalena Cauca,1,PDET,0,
19701,SANTA ROSA,CAUCA,1.52002179,-76.53876281,0,,0,,1,Amazonas,0,,0,
19743,SILVIA,CAUCA,2.651291894,-76.35057356,0,,0,,1,Magdalena Cauca,1,Zonificacion_Ley2da,1,Central
19760,SOTARÁ PAISPAMBA,CAUCA,2.231820541,-76.61146633,0,,0,,0,,0,,0,
19780,SUÁREZ,CAUCA,2.936865997,-76.7458243,0,,0,,1,Magdalena Cauca,1,PDET,0,
19785,SUCRE,CAUCA,2.057735184,-76.90993965,0,,0,,1,Pacifico,0,,0,
19807,TIMBÍO,CAUCA,2.369625312,-76.71051932,0,,0,,1,Pacifico,0,,0,
19809,TIMBIQUÍ,CAUCA,2.699475127,-77.49131577,0,,0,,1,Pacifico,1,"PDET,Humedales V3",0,
19821,TORIBÍO,CAUCA,2.975771999,-76.20331566,0,,0,,1,Magdalena Cauca,1,"PDET,Zonificacion_Ley2da",1,Central
19824,TOTORÓ,CAUCA,2.475213085,-76.39675937,0,,0,,0,,0,,0,
19845,VILLA RICA,CAUCA,3.180627317,-76.46445558,0,,0,,1,Magdalena Cauca,1,Humedales V3,0,
20001,VALLEDUPAR,CESAR,10.21890277,-73.45784764,0,,0,,1,Magdalena Cauca,1,"Omec,PDET",0,
20011,AGUACHICA,CESAR,8.248735219,-73.6227405,0,,0,,1,Magdalena Cauca,1,Omec,0,
20013,AGUSTÍN CODAZZI,CESAR,9.949215908,-73.22358244,0,,0,,1,Magdalena Cauca,1,PDET,0,
20032,ASTREA,CESAR,9.510727925,-73.94214641,0,,0,,1,Magdalena Cauca,0,,0,
20045,BECERRIL,CESAR,9.727732939,-73.25250522,0,,0,,1,Magdalena Cauca,1,PDET,0,
20060,BOSCONIA,CESAR,9.946391309,-73.86628815,0,,0,,1,Magdalena Cauca,1,Omec,0,
20175,CHIMICHAGUA,CESAR,9.27797765,-73.84697903,0,,0,,1,Magdalena Cauca,1,Omec,0,
20178,CHIRIGUANÁ,CESAR,9.426648354,-73.54797894,0,,0,,1,Magdalena Cauca,1,Omec,0,
20228,CURUMANÍ,CESAR,9.238771332,-73.48810861,0,,0,,1,Magdalena Cauca,1,Omec,0,
20238,EL COPEY,CESAR,10.19995356,-73.91282064,0,,0,,0,,1,Omec,0,
20250,EL PASO,CESAR,9.683474681,-73.73833778,0,,0,,1,Magdalena Cauca,0,,0,
20295,GAMARRA,CESAR,8.337726622,-73.70649199,0,,0,,1,Magdalena Cauca,0,,0,
20310,GONZÁLEZ,CESAR,8.405516522,-73.37537309,0,,0,,0,,1,"Omec,Zonificacion_Ley2da",1,Río Magdalena
20383,LA GLORIA,CESAR,8.588002247,-73.61602384,0,,0,,1,Magdalena Cauca,0,,0,
20400,LA JAGUA DE IBIRICO,CESAR,9.52099808,-73.32249338,0,,0,,1,Magdalena Cauca,1,PDET,0,
20443,MANAURE BALCÓN DEL CESAR,CESAR,10.38027852,-73.00706275,0,,0,,1,Magdalena Cauca,1,"PDET,Zonificacion_Ley2da",1,Serranía de los Motilones
20517,PAILITAS,CESAR,8.938916143,-73.57247213,0,,0,,1,Magdalena Cauca,1,"Omec,Zonificacion_Ley2da | Humedales V3",1,Río Magdalena
20550,PELAYA,CESAR,8.764116734,-73.63295546,0,,0,,1,Magdalena Cauca,0,,0,
20570,PUEBLO BELLO,CESAR,10.41736874,-73.61450632,0,,0,,1,Magdalena Cauca,1,"Omec,PDET,Zonificacion_Ley2da",1,Sierra Nevada de Santa Marta
20614,RÍO DE ORO,CESAR,8.201070245,-73.48750127,0,,0,,1,Magdalena Cauca,1,"Omec,Zonificacion_Ley2da",1,Río Magdalena
20621,LA PAZ,CESAR,10.24440562,-73.07824569,0,,0,,1,Magdalena Cauca,1,"PDET,Zonificacion_Ley2da",1,Serranía de los Motilones
20710,SAN ALBERTO,CESAR,7.769815987,-73.47218888,0,,0,,1,Magdalena Cauca,1,Humedales V3,0,
20750,SAN DIEGO,CESAR,10.16952712,-73.2879827,0,,0,,1,Magdalena Cauca,1,PDET,0,
20770,SAN MARTÍN,CESAR,7.937788454,-73.54436312,0,,0,,1,Magdalena Cauca,0,,0,
20787,TAMALAMEQUE,CESAR,8.902075012,-73.7633962,0,,0,,1,Magdalena Cauca,1,"RAMSAR,Omec | Humedales V3",0,
23001,MONTERÍA,CÓRDOBA,8.584698016,-75.95055079,0,,0,,1,Caribe,1,Omec,0,
23068,AYAPEL,CÓRDOBA,8.265768688,-75.04868436,0,,0,,1,Magdalena Cauca,0,,0,
23079,BUENAVISTA,CÓRDOBA,8.191397953,-75.43382532,0,,0,,1,Magdalena Cauca,1,Omec,0,
23090,CANALETE,CÓRDOBA,8.7240958,-76.23779081,0,,0,,1,Caribe,1,Omec,0,
23162,CERETÉ,CÓRDOBA,8.895667051,-75.87842391,0,,0,,1,Caribe,1,"Omec,Humedales V3",0,
23168,CHIMÁ,CÓRDOBA,9.11024941,-75.65237351,0,,0,,1,Caribe,0,,0,
23182,CHINÚ,CÓRDOBA,9.053287104,-75.37387363,0,,0,,1,Magdalena Cauca,1,Omec,0,
23189,CIÉNAGA DE ORO,CÓRDOBA,8.841811894,-75.60779829,0,,0,,1,Caribe,0,,0,
23300,COTORRA,CÓRDOBA,9.071460219,-75.75459276,0,,0,,1,Caribe,0,,0,
23350,LA APARTADA,CÓRDOBA,8.052218422,-75.28816022,0,,0,,1,Magdalena Cauca,0,,0,
23417,LORICA,CÓRDOBA,9.165034998,-75.90978124,0,,0,,1,Caribe,1,Omec,0,
23419,LOS CÓRDOBAS,CÓRDOBA,8.823307063,-76.3430552,0,,0,,1,Caribe,0,,0,
23464,MOMIL,CÓRDOBA,9.265461621,-75.65090876,0,,0,,1,Caribe,1,Omec,0,
23466,MONTELÍBANO,CÓRDOBA,7.866432635,-75.87533926,0,,0,,1,Magdalena Cauca,1,PDET,0,
23500,MOÑITOS,CÓRDOBA,9.190515343,-76.11931709,0,,0,,1,Caribe,0,,0,
23555,PLANETA RICA,CÓRDOBA,8.181108488,-75.68923803,0,,0,,1,Caribe,0,,0,
23570,PUEBLO NUEVO,CÓRDOBA,8.481339568,-75.40516154,0,,0,,1,Magdalena Cauca,1,"Omec,Humedales V3",0,
23574,PUERTO ESCONDIDO,CÓRDOBA,8.988667731,-76.19405912,0,,0,,1,Caribe,1,Omec,0,
23580,PUERTO LIBERTADOR,CÓRDOBA,7.711515736,-75.77123224,0,,0,,1,Magdalena Cauca,1,PDET,0,
23586,PURÍSIMA DE LA CONCEPCIÓN,CÓRDOBA,9.282386127,-75.72129392,0,,0,,1,Caribe,1,Omec,0,
23660,SAHAGÚN,CÓRDOBA,8.799007016,-75.42925664,0,,0,,1,Caribe,1,Omec,0,
23670,SAN ANDRÉS DE SOTAVENTO,CÓRDOBA,9.121296353,-75.52091711,0,,0,,1,Caribe,1,Omec,0,
23672,SAN ANTERO,CÓRDOBA,9.359667489,-75.78700252,0,,0,,1,Caribe,1,Omec,0,
23675,SAN BERNARDO DEL VIENTO,CÓRDOBA,9.330098329,-75.97623858,0,,0,,1,Caribe,1,"Omec,Humedales V3",0,
23678,SAN CARLOS,CÓRDOBA,8.706464263,-75.69251825,0,,0,,1,Caribe,1,Omec,0,
23682,SAN JOSÉ DE URÉ,CÓRDOBA,7.753054395,-75.5672474,0,,0,,1,Magdalena Cauca,1,PDET,0,
23686,SAN PELAYO,CÓRDOBA,8.987777392,-75.90958771,0,,0,,1,Caribe,0,,0,
23807,TIERRALTA,CÓRDOBA,7.813896829,-76.16846678,0,,0,,1,Caribe,0,,1,Pacífico
23815,TUCHÍN,CÓRDOBA,9.224630803,-75.54410593,0,,0,,1,Caribe,1,Omec,0,
23855,VALENCIA,CÓRDOBA,8.219904128,-76.2213286,0,,0,,1,Caribe,1,"Omec,PDET",0,
25001,AGUA DE DIOS,CUNDINAMARCA,4.372744676,-74.67111051,0,,0,,1,Magdalena Cauca,0,,0,
25019,ALBÁN,CUNDINAMARCA,4.891121638,-74.44278432,0,,0,,0,,0,,0,
25035,ANAPOIMA,CUNDINAMARCA,4.559962881,-74.5256953,0,,0,,1,Magdalena Cauca,0,,0,
25040,ANOLAIMA,CUNDINAMARCA,4.789313614,-74.46194256,0,,0,,0,,0,,0,
25053,ARBELÁEZ,CUNDINAMARCA,4.232786985,-74.39576291,0,,0,,0,,0,,0,
25086,BELTRÁN,CUNDINAMARCA,4.791721105,-74.71491399,0,,0,,1,Magdalena Cauca,0,,0,
25095,BITUIMA,CUNDINAMARCA,4.847821091,-74.52862766,0,,0,,0,,0,,0,
25099,BOJACÁ,CUNDINAMARCA,4.705576252,-74.3354077,0,,0,,1,Magdalena Cauca,0,,0,
25120,CABRERA,CUNDINAMARCA,3.91861924,-74.44615606,0,,0,,0,,0,,0,
25123,CACHIPAY,CUNDINAMARCA,4.723063341,-74.45919528,0,,0,,0,,0,,0,
25126,CAJICÁ,CUNDINAMARCA,4.930402779,-74.02985115,0,,0,,1,Magdalena Cauca,0,,0,
25148,CAPARRAPÍ,CUNDINAMARCA,5.381501399,-74.52123595,0,,0,,1,Magdalena Cauca,0,,0,
25151,CÁQUEZA,CUNDINAMARCA,4.402259457,-73.94482435,0,,0,,1,Orinoco,0,,0,
25154,CARMEN DE CARUPA,CUNDINAMARCA,5.338856556,-73.92614817,0,,0,,0,,1,Omec,0,
25168,CHAGUANÍ,CUNDINAMARCA,4.95425175,-74.63090139,0,,0,,0,,1,Omec,0,
25175,CHÍA,CUNDINAMARCA,4.857823671,-74.03809539,0,,0,,1,Magdalena Cauca,1,Humedales V3,0,
25178,CHIPAQUE,CUNDINAMARCA,4.463746629,-74.04605246,0,,0,,0,,0,,0,
25181,CHOACHÍ,CUNDINAMARCA,4.578183896,-73.95290054,0,,0,,0,,0,,0,
25183,CHOCONTÁ,CUNDINAMARCA,5.118419271,-73.68068583,0,,0,,0,,0,,0,
25200,COGUA,CUNDINAMARCA,5.103127532,-73.97536559,0,,0,,0,,0,,0,
25214,COTA,CUNDINAMARCA,4.76754674,-74.1415583,0,,0,,0,,0,,0,
25224,CUCUNUBÁ,CUNDINAMARCA,5.230308105,-73.78001885,0,,0,,0,,0,,0,
25245,EL COLEGIO,CUNDINAMARCA,4.556947085,-74.42658478,0,,0,,0,,0,,0,
25258,EL PEÑÓN,CUNDINAMARCA,5.261728244,-74.30830564,0,,0,,0,,0,,0,
25260,EL ROSAL,CUNDINAMARCA,4.879723016,-74.23802273,0,,0,,0,,0,,0,
25269,FACATATIVÁ,CUNDINAMARCA,4.834052334,-74.3380229,0,,0,,0,,0,,0,
25279,FÓMEQUE,CUNDINAMARCA,4.528568462,-73.79705267,1,Chingaza,0,,0,,0,,0,
25281,FOSCA,CUNDINAMARCA,4.316280072,-73.95286784,0,,0,,0,,0,,0,
25286,FUNZA,CUNDINAMARCA,4.743996711,-74.19865992,0,,0,,0,,0,,0,
25288,FÚQUENE,CUNDINAMARCA,5.416288902,-73.77059829,0,,0,,1,Magdalena Cauca,0,,0,
25290,FUSAGASUGÁ,CUNDINAMARCA,4.323534028,-74.38859114,0,,0,,0,,0,,0,
25293,GACHALÁ,CUNDINAMARCA,4.65495513,-73.51055381,0,,0,,1,Orinoco,0,,0,
25295,GACHANCIPÁ,CUNDINAMARCA,5.01001953,-73.87671759,0,,0,,0,,1,Humedales V3,0,
25297,GACHETÁ,CUNDINAMARCA,4.867551134,-73.61773287,0,,0,,0,,0,,0,
25299,GAMA,CUNDINAMARCA,4.723573464,-73.60054441,0,,0,,0,,0,,0,
25307,GIRARDOT,CUNDINAMARCA,4.338154518,-74.81143922,0,,0,,0,,0,,0,
25312,GRANADA,CUNDINAMARCA,4.523484884,-74.33724619,0,,0,,1,Magdalena Cauca,0,,0,
25317,GUACHETÁ,CUNDINAMARCA,5.387291542,-73.69328234,0,,0,,1,Magdalena Cauca,1,Omec,0,
25320,GUADUAS,CUNDINAMARCA,5.173554764,-74.64014651,0,,0,,1,Magdalena Cauca,0,,0,
25322,GUASCA,CUNDINAMARCA,4.801276832,-73.84643485,1,Chingaza,0,,1,Magdalena Cauca,0,,0,
25324,GUATAQUÍ,CUNDINAMARCA,4.516381655,-74.78257788,0,,0,,0,,0,,0,
25326,GUATAVITA,CUNDINAMARCA,4.91158717,-73.78648564,0,,0,,1,Magdalena Cauca,1,Omec,0,
25328,GUAYABAL DE SÍQUIMA,CUNDINAMARCA,4.866310254,-74.4767709,0,,0,,0,,0,,0,
25335,GUAYABETAL,CUNDINAMARCA,4.231875945,-73.83543981,0,,0,,1,Orinoco,0,,0,
25339,GUTIÉRREZ,CUNDINAMARCA,4.166089563,-74.0246527,0,,0,,1,Orinoco,0,,0,
25368,JERUSALÉN,CUNDINAMARCA,4.571350254,-74.68915854,0,,0,,1,Magdalena Cauca,0,,0,
25372,JUNÍN,CUNDINAMARCA,4.705170789,-73.69247873,0,,0,,1,Orinoco,0,,0,
25377,LA CALERA,CUNDINAMARCA,4.700785443,-73.92939921,0,,0,,0,,0,,0,
25386,LA MESA,CUNDINAMARCA,4.650773167,-74.47321717,0,,0,,0,,0,,0,
25394,LA PALMA,CUNDINAMARCA,5.333400646,-74.40807863,0,,0,,0,,0,,0,
25398,LA PEÑA,CUNDINAMARCA,5.20459882,-74.40786611,0,,0,,1,Magdalena Cauca,0,,0,
25402,LA VEGA,CUNDINAMARCA,4.978619842,-74.33936061,0,,0,,0,,0,,0,
25407,LENGUAZAQUE,CUNDINAMARCA,5.303637171,-73.68153228,0,,0,,1,Magdalena Cauca,1,Omec,0,
25426,MACHETÁ,CUNDINAMARCA,5.040349198,-73.61738241,0,,0,,1,Orinoco,0,,0,
25430,MADRID,CUNDINAMARCA,4.75156751,-74.2896305,0,,0,,1,Magdalena Cauca,0,,0,
25436,MANTA,CUNDINAMARCA,4.976881151,-73.56313741,0,,0,,1,Orinoco,0,,0,
25438,MEDINA,CUNDINAMARCA,4.484437919,-73.40598487,0,,0,,1,Orinoco,0,,0,
25473,MOSQUERA,CUNDINAMARCA,4.672714223,-74.23573194,0,,0,,1,Magdalena Cauca,0,,0,
25483,NARIÑO,CUNDINAMARCA,4.407952015,-74.80565317,0,,0,,1,Magdalena Cauca,1,Omec,0,
25486,NEMOCÓN,CUNDINAMARCA,5.093705358,-73.88380238,0,,0,,1,Magdalena Cauca,0,,0,
25488,NILO,CUNDINAMARCA,4.294780933,-74.614695,0,,0,,1,Magdalena Cauca,0,,0,
25489,NIMAIMA,CUNDINAMARCA,5.121445325,-74.39737048,0,,0,,1,Magdalena Cauca,0,,0,
25491,NOCAIMA,CUNDINAMARCA,5.066110761,-74.38975476,0,,0,,1,Magdalena Cauca,0,,0,
25506,VENECIA,CUNDINAMARCA,4.063342074,-74.45259796,0,,0,,1,Magdalena Cauca,0,,0,
25513,PACHO,CUNDINAMARCA,5.168367634,-74.16336544,0,,0,,1,Magdalena Cauca,0,,0,
25518,PAIME,CUNDINAMARCA,5.387647345,-74.16395696,0,,0,,1,Magdalena Cauca,1,Omec,0,
25524,PANDI,CUNDINAMARCA,4.180497268,-74.4711213,0,,0,,1,Magdalena Cauca,0,,0,
25530,PARATEBUENO,CUNDINAMARCA,4.368158959,-73.2416614,0,,0,,1,Orinoco,0,,0,
25535,PASCA,CUNDINAMARCA,4.293733611,-74.27396924,0,,0,,1,Magdalena Cauca,0,,0,
25572,PUERTO SALGAR,CUNDINAMARCA,5.619752748,-74.5801923,0,,0,,1,Magdalena Cauca,1,Omec,0,
25580,PULÍ,CUNDINAMARCA,4.691336253,-74.68074404,0,,0,,1,Magdalena Cauca,0,,0,
25592,QUEBRADANEGRA,CUNDINAMARCA,5.09998103,-74.4945107,0,,0,,1,Magdalena Cauca,0,,0,
25594,QUETAME,CUNDINAMARCA,4.334589044,-73.85264561,0,,0,,1,Orinoco,0,,0,
25596,QUIPILE,CUNDINAMARCA,4.726907976,-74.55359926,0,,0,,0,,1,Omec,0,
25599,APULO,CUNDINAMARCA,4.537711619,-74.59124656,0,,0,,1,Magdalena Cauca,0,,0,
25612,RICAURTE,CUNDINAMARCA,4.307363489,-74.72943403,0,,0,,1,Magdalena Cauca,0,,0,
25645,SAN ANTONIO DEL TEQUENDAMA,CUNDINAMARCA,4.599741357,-74.34490342,0,,0,,0,,0,,0,
25649,SAN BERNARDO,CUNDINAMARCA,4.140958464,-74.35397692,0,,0,,1,Magdalena Cauca,0,,0,
25653,SAN CAYETANO,CUNDINAMARCA,5.314600423,-74.07232077,0,,0,,1,Magdalena Cauca,1,Omec,0,
25658,SAN FRANCISCO,CUNDINAMARCA,4.964100703,-74.27217129,0,,0,,0,,0,,0,
25662,SAN JUAN DE RIOSECO,CUNDINAMARCA,4.814537831,-74.61525985,0,,0,,1,Magdalena Cauca,0,,0,
25718,SASAIMA,CUNDINAMARCA,4.946805263,-74.41230921,0,,0,,0,,0,,0,
25736,SESQUILÉ,CUNDINAMARCA,5.000633875,-73.77206544,0,,0,,1,Magdalena Cauca,0,,0,
25740,SIBATÉ,CUNDINAMARCA,4.465970004,-74.26328963,0,,0,,1,Magdalena Cauca,0,,0,
25743,SILVANIA,CUNDINAMARCA,4.436967141,-74.37050903,0,,0,,0,,0,,0,
25745,SIMIJACA,CUNDINAMARCA,5.509773128,-73.84519164,0,,0,,1,Magdalena Cauca,1,Humedales V3,0,
25754,SOACHA,CUNDINAMARCA,4.581866267,-74.24029696,0,,0,,1,Magdalena Cauca,0,,0,
25758,SOPÓ,CUNDINAMARCA,4.888060112,-73.96587528,0,,0,,1,Magdalena Cauca,1,Humedales V3,0,
25769,SUBACHOQUE,CUNDINAMARCA,4.970358034,-74.15689923,0,,0,,0,,0,,0,
25772,SUESCA,CUNDINAMARCA,5.122728461,-73.82427313,0,,0,,1,Magdalena Cauca,1,Omec,0,
25777,SUPATÁ,CUNDINAMARCA,5.061692703,-74.23138328,0,,0,,1,Magdalena Cauca,0,,0,
25779,SUSA,CUNDINAMARCA,5.440092358,-73.82392529,0,,0,,1,Magdalena Cauca,1,Omec,0,
25781,SUTATAUSA,CUNDINAMARCA,5.242909347,-73.85540343,0,,0,,1,Magdalena Cauca,1,Omec,0,
25785,TABIO,CUNDINAMARCA,4.951520046,-74.08449648,0,,0,,1,Magdalena Cauca,0,,0,
25793,TAUSA,CUNDINAMARCA,5.170527212,-73.95819594,0,,0,,1,Magdalena Cauca,0,,0,
25797,TENA,CUNDINAMARCA,4.666608192,-74.36764956,0,,0,,1,Magdalena Cauca,0,,0,
25799,TENJO,CUNDINAMARCA,4.838548601,-74.14680287,0,,0,,1,Magdalena Cauca,0,,0,
25805,TIBACUY,CUNDINAMARCA,4.321357899,-74.48667274,0,,0,,1,Magdalena Cauca,0,,0,
25807,TIBIRITA,CUNDINAMARCA,5.084102682,-73.51362546,0,,0,,1,Orinoco,0,,0,
25815,TOCAIMA,CUNDINAMARCA,4.452072974,-74.64864406,0,,1,Valle del río Magdalena,1,Magdalena Cauca,0,,0,
25817,TOCANCIPÁ,CUNDINAMARCA,4.968852913,-73.92887021,0,,0,,1,Magdalena Cauca,1,Humedales V3,0,
25823,TOPAIPÍ,CUNDINAMARCA,5.355688386,-74.28963994,0,,0,,0,,1,Omec,0,
25839,UBALÁ,CUNDINAMARCA,4.803805182,-73.47654604,0,,0,,0,,0,,0,
25841,UBAQUE,CUNDINAMARCA,4.500754182,-73.97564545,0,,0,,1,Orinoco,0,,0,
25843,VILLA DE SAN DIEGO DE UBATÉ,CUNDINAMARCA,5.316080652,-73.82010566,0,,0,,1,Magdalena Cauca,1,Omec,0,
25845,UNE,CUNDINAMARCA,4.244611163,-74.11187304,1,Cruz Verde - Sumapaz,0,,0,,1,Paramos Delimitados,0,
25851,ÚTICA,CUNDINAMARCA,5.192795708,-74.47780003,0,,0,,1,Magdalena Cauca,0,,0,
25862,VERGARA,CUNDINAMARCA,5.131267542,-74.30979229,0,,0,,0,,0,,0,
25867,VIANÍ,CUNDINAMARCA,4.914040619,-74.54936655,0,,0,,1,Magdalena Cauca,0,,0,
25871,VILLAGÓMEZ,CUNDINAMARCA,5.270694636,-74.19074375,0,,0,,1,Magdalena Cauca,1,Omec,0,
25873,VILLAPINZÓN,CUNDINAMARCA,5.227298709,-73.57725921,0,,0,,1,Magdalena Cauca,0,,0,
25875,VILLETA,CUNDINAMARCA,5.011670402,-74.48764746,0,,0,,1,Magdalena Cauca,0,,0,
25878,VIOTÁ,CUNDINAMARCA,4.436054105,-74.48543339,0,,0,,0,,0,,0,
25885,YACOPÍ,CUNDINAMARCA,5.591910157,-74.36480865,0,,0,,1,Magdalena Cauca,0,,0,
25898,ZIPACÓN,CUNDINAMARCA,4.75432173,-74.38673444,0,,0,,1,Magdalena Cauca,0,,0,
25899,ZIPAQUIRÁ,CUNDINAMARCA,5.06631685,-74.04960323,1,Guerrero,0,,1,Magdalena Cauca,0,,0,
27001,QUIBDÓ,CHOCÓ,5.7543229,-76.65015147,0,,0,,1,Caribe,1,Zonificacion_Ley2da,1,Pacífico
27006,ACANDÍ,CHOCÓ,8.383938499,-77.26560256,0,,0,,1,Caribe,0,,0,
27025,ALTO BAUDÓ,CHOCÓ,5.636740989,-77.0842154,0,,0,,1,Pacifico,1,Zonificacion_Ley2da,1,Pacífico
27050,ATRATO,CHOCÓ,5.525825084,-76.65064357,0,,0,,1,Caribe,1,"Zonificacion_Ley2da,Humedales V3",1,Pacífico
27073,BAGADÓ,CHOCÓ,5.503119772,-76.19796907,0,,0,,1,Caribe,0,,0,
27075,BAHÍA SOLANO,CHOCÓ,6.162762775,-77.41653534,0,,0,,1,Pacifico,0,,0,
27077,BAJO BAUDÓ,CHOCÓ,4.492865435,-77.08271352,0,,0,,1,Pacifico,1,Zonificacion_Ley2da,1,Pacífico
27099,BOJAYÁ,CHOCÓ,6.474666885,-77.09933025,0,,0,,1,Caribe,1,PDET,0,
27135,EL CANTÓN DEL SAN PABLO,CHOCÓ,5.359661967,-76.77255624,0,,0,,1,Caribe,1,Zonificacion_Ley2da,1,Pacífico
27150,CARMEN DEL DARIÉN,CHOCÓ,7.033646541,-76.97423016,0,,0,,1,Caribe,1,"PDET,Zonificacion_Ley2da,Humedales V3",1,Pacífico
27160,CÉRTEGUI,CHOCÓ,5.389828229,-76.52264237,0,,0,,1,Caribe,0,,0,
27205,CONDOTO,CHOCÓ,5.070586101,-76.50701751,0,,0,,1,Pacifico,1,PDET,0,
27245,EL CARMEN DE ATRATO,CHOCÓ,5.810938364,-76.19189442,0,,0,,1,Caribe,1,Zonificacion_Ley2da,1,Pacífico
27250,EL LITORAL DEL SAN JUAN,CHOCÓ,4.272940191,-76.98785828,0,,0,,1,Pacifico,1,"PDET,Zonificacion_Ley2da",1,Pacífico
27361,ISTMINA,CHOCÓ,4.586818665,-77.00090737,0,,0,,1,Pacifico,1,"PDET,Zonificacion_Ley2da",1,Pacífico
27372,JURADÓ,CHOCÓ,7.103338868,-77.67973662,0,,0,,1,Pacifico,0,,0,
27413,LLORÓ,CHOCÓ,5.585101179,-76.38544449,0,,0,,1,Caribe,0,,0,
27425,MEDIO ATRATO,CHOCÓ,6.033880098,-76.6734697,0,,0,,1,Caribe,1,"PDET,Zonificacion_Ley2da,Humedales V3",1,Pacífico
27430,MEDIO BAUDÓ,CHOCÓ,5.110392243,-76.99593075,0,,0,,1,Pacifico,1,Zonificacion_Ley2da,1,Pacífico
27450,MEDIO SAN JUAN,CHOCÓ,4.621182739,-76.80861843,0,,0,,1,Pacifico,1,"PDET,Zonificacion_Ley2da,Humedales V3",1,Pacífico
27491,NÓVITA,CHOCÓ,4.853386627,-76.61823669,0,,0,,1,Pacifico,1,"PDET,Zonificacion_Ley2da",1,Pacífico
27495,NUQUÍ,CHOCÓ,5.591359844,-77.33057439,0,,0,,1,Pacifico,0,,0,
27580,RÍO IRÓ,CHOCÓ,5.190995015,-76.41996151,0,,0,,1,Pacifico,0,,0,
27600,RÍO QUITO,CHOCÓ,5.567533337,-76.81157084,0,,0,,1,Caribe,1,Zonificacion_Ley2da,1,Pacífico
27615,RIOSUCIO,CHOCÓ,7.389887937,-77.24067483,0,,0,,1,Caribe,1,"PDET,Zonificacion_Ley2da",1,Pacífico
27660,SAN JOSÉ DEL PALMAR,CHOCÓ,4.958741345,-76.28002361,0,,0,,1,Pacifico,0,,0,
27745,SIPÍ,CHOCÓ,4.594415157,-76.54194459,0,,0,,1,Pacifico,1,"PDET,Zonificacion_Ley2da",1,Pacífico
27787,TADÓ,CHOCÓ,5.26610158,-76.33109547,0,,0,,1,Pacifico,0,,0,
27800,UNGUÍA,CHOCÓ,8.117281079,-77.10372723,0,,0,,1,Caribe,1,PDET,0,
27810,UNIÓN PANAMERICANA,CHOCÓ,5.281599258,-76.61962746,0,,0,,1,Pacifico,0,,0,
41001,NEIVA,HUILA,2.993360046,-75.27236232,0,,0,,1,Magdalena Cauca,1,Humedales V3,0,
41006,ACEVEDO,HUILA,1.709114446,-75.99664184,0,,0,,1,Magdalena Cauca,1,"Omec,Zonificacion_Ley2da",1,Amazonía
41013,AGRADO,HUILA,2.26975042,-75.71632236,0,,0,,1,Magdalena Cauca,0,,0,
41016,AIPE,HUILA,3.243441923,-75.27670655,0,,0,,1,Magdalena Cauca,0,,0,
41020,ALGECIRAS,HUILA,2.49785068,-75.29134946,0,,0,,0,,1,"PDET,Zonificacion_Ley2da",1,Amazonía
41026,ALTAMIRA,HUILA,2.07922808,-75.76858288,0,,0,,1,Magdalena Cauca,1,Zonificacion_Ley2da,1,Amazonía
41078,BARAYA,HUILA,3.135423634,-74.95797796,0,,0,,0,,0,,0,
41132,CAMPOALEGRE,HUILA,2.658666675,-75.32943803,0,,0,,1,Magdalena Cauca,1,"Zonificacion_Ley2da,Humedales V3",1,Amazonía
41206,COLOMBIA,HUILA,3.262763564,-74.78516117,0,,0,,1,Magdalena Cauca,1,Zonificacion_Ley2da,1,Amazonía
41244,ELÍAS,HUILA,2.022053305,-75.94430521,0,,0,,1,Magdalena Cauca,0,,0,
41298,GARZÓN,HUILA,2.172441496,-75.57131243,0,,0,,1,Magdalena Cauca,1,Zonificacion_Ley2da,1,Amazonía
41306,GIGANTE,HUILA,2.371781539,-75.51699754,0,,0,,1,Magdalena Cauca,1,Zonificacion_Ley2da,1,Amazonía
41319,GUADALUPE,HUILA,1.984394016,-75.69693549,0,,0,,1,Magdalena Cauca,1,"Omec,Zonificacion_Ley2da",1,Amazonía
41349,HOBO,HUILA,2.541654161,-75.44781083,0,,0,,1,Magdalena Cauca,0,,0,
41357,ÍQUIRA,HUILA,2.691517773,-75.67383141,1,Nevado del Huila - Moras,0,,0,,0,,0,
41359,ISNOS,HUILA,1.945591321,-76.18204722,0,,0,,1,Magdalena Cauca,0,,0,
41378,LA ARGENTINA,HUILA,2.156287619,-76.00679451,0,,0,,1,Magdalena Cauca,0,,0,
41396,LA PLATA,HUILA,2.328076586,-76.00117299,0,,0,,1,Magdalena Cauca,0,,0,
41483,NÁTAGA,HUILA,2.576066285,-75.78693757,0,,0,,1,Magdalena Cauca,0,,0,
41503,OPORAPA,HUILA,2.061191362,-76.04110289,0,,0,,1,Magdalena Cauca,0,,0,
41518,PAICOL,HUILA,2.40689827,-75.72803027,0,,0,,1,Magdalena Cauca,0,,0,
41524,PALERMO,HUILA,2.914491967,-75.44066118,0,,0,,1,Magdalena Cauca,0,,0,
41530,PALESTINA,HUILA,1.68458076,-76.1478559,0,,0,,0,,0,,1,Amazonía
41548,PITAL,HUILA,2.259601773,-75.8319516,0,,0,,1,Magdalena Cauca,0,,0,
41551,PITALITO,HUILA,1.848217185,-76.05217643,0,,0,,1,Magdalena Cauca,0,,0,
41615,RIVERA,HUILA,2.79286115,-75.23536868,0,,0,,1,Magdalena Cauca,0,,0,
41660,SALADOBLANCO,HUILA,2.100382849,-76.22897871,0,,0,,0,,0,,0,
41668,SAN AGUSTÍN,HUILA,1.924165493,-76.4165655,0,,0,,1,Magdalena Cauca,0,,0,
41676,SANTA MARÍA,HUILA,2.926265937,-75.63359786,0,,0,,0,,0,,0,
41770,SUAZA,HUILA,1.870992095,-75.80798471,0,,0,,1,Magdalena Cauca,1,"Omec,Zonificacion_Ley2da",1,Amazonía
41791,TARQUI,HUILA,2.130280544,-75.87534845,0,,0,,1,Magdalena Cauca,0,,0,
41797,TESALIA,HUILA,2.526855132,-75.68259642,0,,0,,1,Magdalena Cauca,0,,0,
41799,TELLO,HUILA,3.030611777,-75.08536553,0,,0,,1,Magdalena Cauca,0,,0,
41801,TERUEL,HUILA,2.851852692,-75.75988934,1,Nevado del Huila - Moras,0,,0,,0,,0,
41807,TIMANÁ,HUILA,1.950715226,-75.91757649,0,,0,,0,,1,Zonificacion_Ley2da,1,Amazonía
41872,VILLAVIEJA,HUILA,3.287057875,-75.13838292,0,,0,,0,,0,,0,
41885,YAGUARÁ,HUILA,2.646563339,-75.51592645,0,,0,,1,Magdalena Cauca,0,,0,
44001,RIOHACHA,LA GUAJIRA,11.24297214,-72.95876315,0,,0,,1,Caribe,1,Omec,0,
44035,ALBANIA,LA GUAJIRA,11.22869049,-72.53209657,0,,0,,1,Caribe,0,,0,
44078,BARRANCAS,LA GUAJIRA,10.94871677,-72.69696879,0,,0,,1,Caribe,0,,0,
44090,DIBULLA,LA GUAJIRA,11.09029715,-73.43568788,0,,0,,0,,0,,1,Sierra Nevada de Santa Marta
44098,DISTRACCIÓN,LA GUAJIRA,10.92505107,-72.94444027,0,,0,,1,Caribe,1,Omec,0,
44110,EL MOLINO,LA GUAJIRA,10.63669646,-72.8858431,0,,0,,1,Caribe,0,,0,
44279,FONSECA,LA GUAJIRA,10.8283716,-72.8018178,0,,0,,1,Caribe,1,PDET,0,
44378,HATONUEVO,LA GUAJIRA,11.09905582,-72.73842427,0,,0,,1,Caribe,1,Omec,0,
44420,LA JAGUA DEL PILAR,LA GUAJIRA,10.4580941,-73.07209193,0,,1,Caribe,0,,0,,0,
44430,MAICAO,LA GUAJIRA,11.38157764,-72.29500818,0,,0,,1,Caribe,0,,0,
44560,MANAURE,LA GUAJIRA,11.60554263,-72.57160392,0,,0,,0,,0,,0,
44650,SAN JUAN DEL CESAR,LA GUAJIRA,10.81311496,-73.08659986,0,,0,,1,Magdalena Cauca,1,"Omec,PDET",0,
44847,URIBIA,LA GUAJIRA,11.99971986,-71.74882662,0,,0,,1,Caribe,0,,0,
44855,URUMITA,LA GUAJIRA,10.4947021,-72.98623991,0,,0,,0,,0,,0,
44874,VILLANUEVA,LA GUAJIRA,10.58364755,-72.97520286,0,,0,,0,,0,,0,
47001,SANTA MARTA,MAGDALENA,11.12189436,-73.88527855,0,,0,,0,,0,,1,Sierra Nevada de Santa Marta
47030,ALGARROBO,MAGDALENA,10.25356475,-74.10323027,0,,0,,1,Magdalena Cauca,1,Humedales V3,0,
47053,ARACATACA,MAGDALENA,10.64490877,-73.87972257,0,,0,,0,,0,,0,
47058,ARIGUANÍ,MAGDALENA,9.834264955,-74.08460085,0,,0,,0,,0,,0,
47161,CERRO DE SAN ANTONIO,MAGDALENA,10.3132933,-74.80834413,0,,0,,0,,1,"RAMSAR,Omec",0,
47170,CHIVOLO,MAGDALENA,10.09951961,-74.52606667,0,,0,,0,,0,,0,
47189,CIÉNAGA,MAGDALENA,10.85754552,-74.02500493,0,,0,,0,,1,"Omec,PDET",0,
47205,CONCORDIA,MAGDALENA,10.23284801,-74.77810175,0,,0,,0,,1,"RAMSAR,Omec",0,
47245,EL BANCO,MAGDALENA,9.114930635,-73.98105491,0,,0,,0,,1,Omec,0,
47258,EL PIÑÓN,MAGDALENA,10.34310988,-74.67817756,0,,0,,0,,1,"RAMSAR,Omec",0,
47268,EL RETÉN,MAGDALENA,10.65961696,-74.3251597,0,,0,,0,,1,"RAMSAR,Omec,Humedales V3",0,
47288,FUNDACIÓN,MAGDALENA,10.45937818,-73.88406518,0,,0,,0,,1,"Omec,PDET,Zonificacion_Ley2da",1,Sierra Nevada de Santa Marta
47318,GUAMAL,MAGDALENA,9.248004673,-74.13968085,0,,0,,0,,0,,0,
47460,NUEVA GRANADA,MAGDALENA,9.735998134,-74.32840222,0,,0,,1,Magdalena Cauca,0,,0,
47541,PEDRAZA,MAGDALENA,10.15429546,-74.83178091,0,,0,,1,Magdalena Cauca,1,"RAMSAR,Omec",0,
47545,PIJIÑO DEL CARMEN,MAGDALENA,9.530748654,-74.1447657,0,,0,,1,Magdalena Cauca,0,,0,
47551,PIVIJAY,MAGDALENA,10.43303399,-74.41251197,0,,0,,1,Magdalena Cauca,0,,0,
47555,PLATO,MAGDALENA,9.76945611,-74.60181576,0,,0,,1,Magdalena Cauca,0,,0,
47570,PUEBLOVIEJO,MAGDALENA,10.84758901,-74.36057942,0,,0,,0,,1,"RAMSAR,Omec,Humedales V3",0,
47605,REMOLINO,MAGDALENA,10.64860351,-74.58106823,0,,0,,1,Magdalena Cauca,1,"RAMSAR,Omec,Humedales V3",0,
47660,SABANAS DE SAN ÁNGEL,MAGDALENA,10.10533028,-74.2644392,0,,0,,1,Magdalena Cauca,0,,0,
47675,SALAMINA,MAGDALENA,10.51538178,-74.72296972,0,,0,,1,Magdalena Cauca,1,"RAMSAR,Omec",0,
47692,SAN SEBASTIÁN DE BUENAVISTA,MAGDALENA,9.380680272,-74.19797988,0,,0,,1,Magdalena Cauca,1,Omec,0,
47703,SAN ZENÓN,MAGDALENA,9.306869548,-74.35851644,0,,0,,1,Magdalena Cauca,1,Omec,0,
47707,SANTA ANA,MAGDALENA,9.503097215,-74.44419381,0,,0,,1,Magdalena Cauca,0,,0,
47720,SANTA BÁRBARA DE PINTO,MAGDALENA,9.484388135,-74.66521178,0,,0,,1,Magdalena Cauca,1,Omec,0,
47745,SITIONUEVO,MAGDALENA,10.89027616,-74.62966038,0,,0,,1,Magdalena Cauca,1,"RAMSAR,Omec,MANGLARES,Humedales V3",0,
47798,TENERIFE,MAGDALENA,9.924701267,-74.73263001,0,,0,,1,Magdalena Cauca,0,,0,
47960,ZAPAYÁN,MAGDALENA,10.11779893,-74.69115456,0,,0,,1,Magdalena Cauca,0,,0,
47980,ZONA BANANERA,MAGDALENA,10.79634658,-74.17798317,0,,0,,1,Magdalena Cauca,1,"RAMSAR,Omec",0,
50001,VILLAVICENCIO,META,4.09166877,-73.49291595,0,,0,,1,Orinoco,0,,0,
50006,ACACÍAS,META,3.943383008,-73.57135162,0,,0,,1,Orinoco,1,Humedales V3,0,
50110,BARRANCA DE UPÍA,META,4.519076127,-72.99548981,0,,0,,1,Orinoco,0,,0,
50124,CABUYARO,META,4.315244759,-72.95268896,0,,0,,1,Orinoco,0,,0,
50150,CASTILLA LA NUEVA,META,3.805154089,-73.53886668,0,,0,,1,Orinoco,1,Humedales V3,0,
50223,CUBARRAL,META,3.834631516,-74.06232494,0,,0,,0,,0,,0,
50226,CUMARAL,META,4.232526389,-73.31477539,0,,0,,1,Orinoco,0,,0,
50245,EL CALVARIO,META,4.353769888,-73.71441684,0,,0,,1,Orinoco,0,,0,
50251,EL CASTILLO,META,3.60282633,-73.89445238,0,,0,,1,Orinoco,1,Omec,0,
50270,EL DORADO,META,3.706969785,-73.83161892,0,,0,,1,Orinoco,1,Omec,0,
50287,FUENTE DE ORO,META,3.382370124,-73.59625429,0,,0,,1,Orinoco,1,"Omec,Humedales V3",0,
50313,GRANADA,META,3.441051399,-73.7611547,0,,0,,1,Orinoco,0,,0,
50318,GUAMAL,META,3.947775585,-73.95983864,0,,0,,1,Orinoco,0,,0,
50325,MAPIRIPÁN,META,3.117523361,-71.93805692,0,,0,,1,Orinoco,1,"PDET,Humedales V3",0,
50330,MESETAS,META,3.154771201,-74.12454824,0,,0,,0,,0,,0,
50350,LA MACARENA,META,2.161863917,-74.09488076,0,,0,,1,Orinoco,1,"Omec,PDET",0,
50370,URIBE,META,3.047726858,-74.43066134,0,,0,,1,Orinoco,1,"Omec,PDET,Humedales V3",0,
50400,LEJANÍAS,META,3.614714873,-74.09628467,0,,0,,1,Orinoco,0,,0,
50450,PUERTO CONCORDIA,META,2.752260112,-72.7210941,0,,0,,1,Orinoco,1,"Omec,PDET,Humedales V3",0,
50568,PUERTO GAITÁN,META,4.005034467,-71.63157429,0,,0,,1,Orinoco,0,,0,
50573,PUERTO LÓPEZ,META,4.014298921,-72.64570499,0,,0,,1,Orinoco,1,Humedales V3,0,
50577,PUERTO LLERAS,META,3.193092925,-73.23671436,0,,0,,1,Orinoco,1,"PDET,Humedales V3",0,
50590,PUERTO RICO,META,2.758083657,-73.13780171,0,,0,,1,Orinoco,1,"Omec,PDET,Humedales V3",0,
50606,RESTREPO,META,4.204310977,-73.50226037,0,,0,,1,Orinoco,0,,0,
50680,SAN CARLOS DE GUAROA,META,3.84761678,-73.27583401,0,,0,,1,Orinoco,0,,0,
50683,SAN JUAN DE ARAMA,META,3.289851171,-73.81635243,0,,0,,1,Orinoco,1,Omec,0,
50686,SAN JUANITO,META,4.471346322,-73.66041355,0,,0,,1,Orinoco,0,,0,
50689,SAN MARTÍN,META,3.515860962,-72.65672742,0,,0,,1,Orinoco,0,,0,
50711,VISTAHERMOSA,META,2.811616698,-73.66652234,0,,0,,1,Orinoco,1,"Omec,PDET",0,
52001,PASTO,NARIÑO,1.083605497,-77.20610074,1,La Cocha Patascoy,0,,1,Pacifico,1,"Omec,Paramos Delimitados",0,
52019,ALBÁN,NARIÑO,1.469854084,-77.06880947,0,,0,,1,Pacifico,1,Omec,0,
52022,ALDANA,NARIÑO,0.913431916,-77.69538731,0,,0,,1,Pacifico,0,,0,
52036,ANCUYA,NARIÑO,1.245254077,-77.53115777,0,,0,,1,Pacifico,1,Omec,0,
52051,ARBOLEDA,NARIÑO,1.480051172,-77.12985001,0,,0,,1,Pacifico,1,Omec,0,
52079,BARBACOAS,NARIÑO,1.44563774,-78.15621072,0,,0,,1,Pacifico,1,"PDET,Zonificacion_Ley2da",1,Pacífico
52083,BELÉN,NARIÑO,1.593645287,-77.01999366,0,,0,,1,Pacifico,0,,0,
52110,BUESACO,NARIÑO,1.315215636,-77.1163664,0,,0,,0,,1,"Omec,Zonificacion_Ley2da",1,Central
52203,COLÓN,NARIÑO,1.636334379,-77.0473156,0,,0,,1,Pacifico,0,,0,
52207,CONSACÁ,NARIÑO,1.209066732,-77.44063921,0,,0,,1,Pacifico,0,,0,
52210,CONTADERO,NARIÑO,0.932667458,-77.52808731,0,,0,,1,Pacifico,1,Omec,0,
52215,CÓRDOBA,NARIÑO,0.78274688,-77.36805903,0,,0,,0,,0,,0,
52224,CUASPUD CARLOSAMA,NARIÑO,0.875426999,-77.73591601,0,,0,,1,Pacifico,1,Omec,0,
52227,CUMBAL,NARIÑO,0.944223274,-77.95958446,1,Chiles Cumbal,0,,1,Pacifico,1,"Paramos Delimitados,Zonificacion_Ley2da",1,Pacífico
52233,CUMBITARA,NARIÑO,1.72559011,-77.59281637,0,,0,,1,Pacifico,1,"PDET,Zonificacion_Ley2da",1,Pacífico
52240,CHACHAGÜÍ,NARIÑO,1.386497844,-77.26969022,0,,0,,1,Pacifico,1,Omec,0,
52250,EL CHARCO,NARIÑO,2.216382295,-77.99533234,0,,0,,1,Pacifico,1,"PDET,Zonificacion_Ley2da,Humedales V3",1,Pacífico
52254,EL PEÑOL,NARIÑO,1.512283967,-77.43050934,0,,0,,1,Pacifico,1,Omec,0,
52256,EL ROSARIO,NARIÑO,1.887689437,-77.48319589,0,,0,,1,Pacifico,1,"PDET,Zonificacion_Ley2da",1,Pacífico
52258,EL TABLÓN DE GÓMEZ,NARIÑO,1.409430207,-76.98526959,0,,0,,1,Pacifico,1,"Omec,Zonificacion_Ley2da",1,Central
52260,EL TAMBO,NARIÑO,1.43026376,-77.38311597,0,,0,,1,Pacifico,1,Omec,0,
52287,FUNES,NARIÑO,0.957786429,-77.39532781,1,La Cocha Patascoy,0,,1,Pacifico,1,"Omec,Paramos Delimitados",0,
52317,GUACHUCAL,NARIÑO,0.975037904,-77.73758941,0,,0,,0,,1,Omec,0,
52320,GUAITARILLA,NARIÑO,1.151366658,-77.53011336,0,,0,,1,Pacifico,0,,0,
52323,GUALMATÁN,NARIÑO,0.928642623,-77.58261883,0,,0,,1,Pacifico,0,,0,
52352,ILES,NARIÑO,0.980534037,-77.5186573,0,,0,,1,Pacifico,1,Omec,0,
52354,IMUÉS,NARIÑO,1.07287697,-77.50150864,0,,0,,1,Pacifico,0,,0,
52356,IPIALES,NARIÑO,0.497708465,-77.24047625,0,,0,,1,Amazonas,0,,0,
52378,LA CRUZ,NARIÑO,1.584175998,-76.92335262,0,,0,,0,,1,Zonificacion_Ley2da,1,Central
52381,LA FLORIDA,NARIÑO,1.338034371,-77.42293041,0,,0,,1,Pacifico,0,,0,
52385,LA LLANADA,NARIÑO,1.541847847,-77.61781608,0,,0,,0,,1,Zonificacion_Ley2da,1,Pacífico
52390,LA TOLA,NARIÑO,2.56027333,-78.23506694,0,,0,,1,Pacifico,0,,1,Pacífico
52399,LA UNIÓN,NARIÑO,1.619697376,-77.14284622,0,,0,,1,Pacifico,0,,0,
52405,LEIVA,NARIÑO,1.900862361,-77.31220073,0,,0,,1,Pacifico,1,PDET,0,
52411,LINARES,NARIÑO,1.395173084,-77.52093774,0,,0,,1,Pacifico,1,Omec,0,
52418,LOS ANDES,NARIÑO,1.672601269,-77.71054449,0,,0,,1,Pacifico,1,"PDET,Zonificacion_Ley2da",1,Pacífico
52427,MAGÜÍ,NARIÑO,1.906858429,-78.04473644,0,,0,,1,Pacifico,1,"PDET,Zonificacion_Ley2da",1,Pacífico
52435,MALLAMA,NARIÑO,1.155947016,-77.84664646,0,,0,,1,Pacifico,1,Zonificacion_Ley2da,1,Pacífico
52473,MOSQUERA,NARIÑO,2.442493698,-78.438827,0,,0,,1,Pacifico,0,,1,Pacífico
52480,NARIÑO,NARIÑO,1.286775273,-77.35220367,0,,0,,1,Pacifico,1,Humedales V3,0,
52490,OLAYA HERRERA,NARIÑO,2.287856547,-78.31219024,0,,0,,1,Pacifico,1,"PDET,Zonificacion_Ley2da,Humedales V3",1,Pacífico
52506,OSPINA,NARIÑO,1.029815854,-77.55234944,0,,0,,1,Pacifico,1,Omec,0,
52520,FRANCISCO PIZARRO,NARIÑO,2.088531925,-78.59193099,0,,0,,1,Pacifico,1,"PDET,Zonificacion_Ley2da,Humedales V3",1,Pacífico
52540,POLICARPA,NARIÑO,1.735354202,-77.48134359,0,,0,,1,Pacifico,1,PDET,0,
52560,POTOSÍ,NARIÑO,0.785841088,-77.52870407,0,,0,,1,Pacifico,0,,0,
52565,PROVIDENCIA,NARIÑO,1.232864821,-77.59844212,0,,0,,0,,0,,0,
52573,PUERRES,NARIÑO,0.854351651,-77.35032523,1,La Cocha Patascoy,0,,0,,1,Paramos Delimitados,0,
52585,PUPIALES,NARIÑO,0.916769831,-77.63336954,0,,0,,0,,0,,0,
52612,RICAURTE,NARIÑO,1.147671848,-78.05811118,0,,0,,1,Pacifico,1,"PDET,Zonificacion_Ley2da",1,Pacífico
52621,ROBERTO PAYÁN,NARIÑO,1.897581156,-78.3811163,0,,0,,1,Pacifico,1,"PDET,Zonificacion_Ley2da,Humedales V3",1,Pacífico
52678,SAMANIEGO,NARIÑO,1.430555262,-77.69179559,0,,0,,1,Pacifico,1,Zonificacion_Ley2da,1,Pacífico
52683,SANDONÁ,NARIÑO,1.288105409,-77.45670068,0,,0,,1,Pacifico,0,,0,
52685,SAN BERNARDO,NARIÑO,1.529782485,-77.02070663,0,,0,,1,Pacifico,1,Omec,0,
52687,SAN LORENZO,NARIÑO,1.542139582,-77.21872693,0,,0,,1,Pacifico,0,,0,
52693,SAN PABLO,NARIÑO,1.681576627,-76.97527979,0,,0,,1,Pacifico,0,,0,
52694,SAN PEDRO DE CARTAGO,NARIÑO,1.536823494,-77.10140325,0,,0,,1,Pacifico,0,,0,
52696,SANTA BÁRBARA,NARIÑO,2.494420411,-77.98256461,0,,0,,1,Pacifico,1,"PDET,Humedales V3",0,
52699,SANTACRUZ,NARIÑO,1.285179376,-77.7445744,0,,0,,1,Pacifico,1,Zonificacion_Ley2da,1,Pacífico
52720,SAPUYES,NARIÑO,1.045287475,-77.71810954,1,Chiles Cumbal,0,,1,Pacifico,1,"Omec,Paramos Delimitados",0,
52786,TAMINANGO,NARIÑO,1.591661392,-77.32525316,0,,0,,1,Pacifico,0,,0,
52788,TANGUA,NARIÑO,1.064078111,-77.35063491,1,La Cocha Patascoy,0,,1,Pacifico,0,,0,
52835,SAN ANDRÉS DE TUMACO,NARIÑO,1.574550638,-78.61540963,0,,0,,1,Pacifico,1,PDET,0,
52838,TÚQUERRES,NARIÑO,1.134440523,-77.63073238,0,,0,,1,Pacifico,1,Omec,0,
52885,YACUANQUER,NARIÑO,1.125547916,-77.42467569,0,,0,,1,Pacifico,0,,0,
54001,SAN JOSÉ DE CÚCUTA,NORTE DE SANTANDER,8.112041811,-72.48862641,0,,0,,1,Caribe,1,Omec,0,
54003,ÁBREGO,NORTE DE SANTANDER,8.019834481,-73.15850485,0,,0,,1,Caribe,0,,0,
54051,ARBOLEDAS,NORTE DE SANTANDER,7.586048164,-72.91705315,0,,0,,0,,1,Omec,0,
54099,BOCHALEMA,NORTE DE SANTANDER,7.608509339,-72.65951909,0,,0,,1,Caribe,1,Omec,0,
54109,BUCARASICA,NORTE DE SANTANDER,8.079802239,-72.92919926,0,,0,,0,,0,,0,
54125,CÁCOTA,NORTE DE SANTANDER,7.270560088,-72.65212153,0,,0,,1,Orinoco,0,,0,
54128,CÁCHIRA,NORTE DE SANTANDER,7.684188896,-73.12939481,0,,0,,1,Magdalena Cauca,0,,0,
54172,CHINÁCOTA,NORTE DE SANTANDER,7.583353136,-72.58390978,0,,0,,1,Caribe,1,Omec,0,
54174,CHITAGÁ,NORTE DE SANTANDER,7.05161677,-72.52544746,0,,0,,1,Orinoco,0,,0,
54206,CONVENCIÓN,NORTE DE SANTANDER,8.873159895,-73.20007769,0,,0,,1,Caribe,0,,0,
54223,CUCUTILLA,NORTE DE SANTANDER,7.502182366,-72.79703447,0,,0,,0,,1,Omec,0,
54239,DURANIA,NORTE DE SANTANDER,7.746993206,-72.67208072,0,,0,,1,Caribe,1,Omec,0,
54245,EL CARMEN,NORTE DE SANTANDER,8.867990035,-73.34585922,0,,0,,1,Caribe,1,"PDET,Zonificacion_Ley2da | Humedales V3",1,Serranía de los Motilones
54250,EL TARRA,NORTE DE SANTANDER,8.678263671,-73.0317597,0,,0,,1,Caribe,1,"Omec,PDET,Zonificacion_Ley2da",1,Serranía de los Motilones
54261,EL ZULIA,NORTE DE SANTANDER,8.081200092,-72.63152118,0,,0,,1,Caribe,1,Omec,0,
54313,GRAMALOTE,NORTE DE SANTANDER,7.906522991,-72.80705582,0,,0,,0,,1,Omec,0,
54344,HACARÍ,NORTE DE SANTANDER,8.361831987,-73.0782633,0,,0,,1,Caribe,1,PDET,0,
54347,HERRÁN,NORTE DE SANTANDER,7.493955781,-72.49269998,0,,0,,1,Caribe,1,Zonificacion_Ley2da,1,Cocuy
54377,LABATECA,NORTE DE SANTANDER,7.218372474,-72.48281514,0,,0,,1,Orinoco,1,"Zonificacion_Ley2da,Humedales V3",1,Cocuy
54385,LA ESPERANZA,NORTE DE SANTANDER,7.695233593,-73.36139672,0,,0,,1,Magdalena Cauca,0,,0,
54398,LA PLAYA,NORTE DE SANTANDER,8.256757875,-73.18789327,0,,0,,0,,0,,0,
54405,LOS PATIOS,NORTE DE SANTANDER,7.742291094,-72.52680784,0,,0,,1,Caribe,1,Omec,0,
54418,LOURDES,NORTE DE SANTANDER,7.963712759,-72.8467029,0,,0,,0,,0,,0,
54480,MUTISCUA,NORTE DE SANTANDER,7.31694997,-72.76834584,1,Jurisdicciones- Santurbán- Berlín,0,,1,Caribe,1,"Omec,Paramos Delimitados",0,
54498,OCAÑA,NORTE DE SANTANDER,8.206637527,-73.33765033,0,,0,,1,Caribe,1,Omec,0,
54518,PAMPLONA,NORTE DE SANTANDER,7.379057623,-72.67590348,0,,0,,1,Caribe,1,Omec,0,
54520,PAMPLONITA,NORTE DE SANTANDER,7.48287886,-72.63515401,0,,0,,1,Caribe,0,,0,
54553,PUERTO SANTANDER,NORTE DE SANTANDER,8.329138642,-72.41119066,0,,0,,1,Caribe,0,,0,
54599,RAGONVALIA,NORTE DE SANTANDER,7.595355974,-72.50756622,0,,0,,1,Caribe,1,Omec,0,
54660,SALAZAR,NORTE DE SANTANDER,7.772747824,-72.86769959,0,,0,,1,Caribe,1,Omec,0,
54670,SAN CALIXTO,NORTE DE SANTANDER,8.414441404,-73.2176038,0,,0,,1,Caribe,1,"Omec,PDET",0,
54673,SAN CAYETANO,NORTE DE SANTANDER,7.847872195,-72.60971203,0,,0,,1,Caribe,1,Omec,0,
54680,SANTIAGO,NORTE DE SANTANDER,7.889234454,-72.7182541,0,,0,,1,Caribe,1,Omec,0,
54720,SARDINATA,NORTE DE SANTANDER,8.215080767,-72.79580961,0,,0,,1,Caribe,1,PDET,0,
54743,SILOS,NORTE DE SANTANDER,7.180991879,-72.78617884,1,Jurisdicciones- Santurbán- Berlín,0,,1,Orinoco,1,"Paramos Delimitados,Humedales V3",0,
54800,TEORAMA,NORTE DE SANTANDER,8.760013794,-73.15714097,0,,0,,1,Caribe,1,"PDET,Zonificacion_Ley2da",1,Serranía de los Motilones
54810,TIBÚ,NORTE DE SANTANDER,8.713507237,-72.79925855,0,,0,,1,Caribe,1,PDET,0,
54820,TOLEDO,NORTE DE SANTANDER,7.225864961,-72.30593418,0,,0,,1,Orinoco,1,Zonificacion_Ley2da,1,Cocuy
54871,VILLA CARO,NORTE DE SANTANDER,7.936293173,-72.98759418,0,,0,,0,,0,,0,
54874,VILLA DEL ROSARIO,NORTE DE SANTANDER,7.718635863,-72.48361176,0,,0,,1,Caribe,1,Omec,0,
63001,ARMENIA,QUINDÍO,4.499501128,-75.72489985,0,,0,,1,Magdalena Cauca,0,,0,
63111,BUENAVISTA,QUINDÍO,4.366632382,-75.74403734,0,,0,,1,Magdalena Cauca,1,Omec,0,
63130,CALARCÁ,QUINDÍO,4.467879428,-75.65674719,0,,0,,1,Magdalena Cauca,1,"Omec,Zonificacion_Ley2da",1,Central
63190,CIRCASIA,QUINDÍO,4.604845344,-75.66688449,0,,0,,0,,0,,0,
63212,CÓRDOBA,QUINDÍO,4.395975176,-75.65132308,0,,0,,1,Magdalena Cauca,1,"Omec,Zonificacion_Ley2da",1,Central
63272,FILANDIA,QUINDÍO,4.669325347,-75.67146941,0,,0,,0,,1,Omec,0,
63302,GÉNOVA,QUINDÍO,4.180107773,-75.76056695,0,,0,,0,,1,"Omec,Zonificacion_Ley2da",1,Central
63401,LA TEBAIDA,QUINDÍO,4.426884849,-75.81927335,0,,0,,1,Magdalena Cauca,0,,0,
63470,MONTENEGRO,QUINDÍO,4.521890945,-75.81806594,0,,0,,1,Magdalena Cauca,0,,0,
63548,PIJAO,QUINDÍO,4.30397934,-75.68330417,0,,0,,1,Magdalena Cauca,1,"Omec,Zonificacion_Ley2da",1,Central
63594,QUIMBAYA,QUINDÍO,4.610273497,-75.79205087,0,,0,,1,Magdalena Cauca,1,Omec,0,
63690,SALENTO,QUINDÍO,4.611314654,-75.53092112,0,,0,,0,,0,,1,Central
66001,PEREIRA,RISARALDA,4.803662773,-75.79579093,0,,0,,1,Magdalena Cauca,1,Omec,0,
66045,APÍA,RISARALDA,5.139635357,-75.95353871,0,,0,,0,,0,,0,
66075,BALBOA,RISARALDA,4.918349676,-75.94275386,0,,0,,1,Magdalena Cauca,0,,0,
66088,BELÉN DE UMBRÍA,RISARALDA,5.200398696,-75.86793893,0,,0,,1,Magdalena Cauca,0,,0,
66170,DOSQUEBRADAS,RISARALDA,4.842021144,-75.66993655,0,,0,,1,Magdalena Cauca,0,,0,
66318,GUÁTICA,RISARALDA,5.320295966,-75.80436659,0,,0,,0,,0,,0,
66383,LA CELIA,RISARALDA,4.988127679,-76.00822678,0,,0,,0,,0,,0,
66400,LA VIRGINIA,RISARALDA,4.904704187,-75.85208162,0,,0,,1,Magdalena Cauca,0,,0,
66440,MARSELLA,RISARALDA,4.942936185,-75.7532139,0,,0,,1,Magdalena Cauca,0,,0,
66456,MISTRATÓ,RISARALDA,5.414078141,-75.96135387,0,,0,,1,Pacifico,1,Zonificacion_Ley2da,1,Pacífico
66572,PUEBLO RICO,RISARALDA,5.286295408,-76.07359421,0,,0,,0,,1,Zonificacion_Ley2da,1,Pacífico
66594,QUINCHÍA,RISARALDA,5.323906864,-75.71339683,0,,0,,1,Magdalena Cauca,0,,0,
66682,SANTA ROSA DE CABAL,RISARALDA,4.833789828,-75.54950174,0,,0,,1,Magdalena Cauca,0,,0,
66687,SANTUARIO,RISARALDA,5.076100313,-76.02286946,0,,0,,0,,0,,0,
68001,BUCARAMANGA,SANTANDER,7.155833544,-73.11156997,0,,1,Norandina,0,,0,,0,
68013,AGUADA,SANTANDER,6.182208476,-73.53038541,0,,0,,1,Magdalena Cauca,0,,0,
68020,ALBANIA,SANTANDER,5.788190519,-73.79236929,0,,0,,1,Magdalena Cauca,0,,0,
68051,ARATOCA,SANTANDER,6.716766585,-73.01162697,0,,0,,1,Magdalena Cauca,0,,0,
68077,BARBOSA,SANTANDER,5.955617327,-73.62345229,0,,0,,1,Magdalena Cauca,0,,0,
68079,BARICHARA,SANTANDER,6.647062543,-73.21518466,0,,0,,1,Magdalena Cauca,0,,0,
68081,BARRANCABERMEJA,SANTANDER,7.054074558,-73.78211646,0,,0,,1,Magdalena Cauca,0,,0,
68092,BETULIA,SANTANDER,7.033255886,-73.37872388,0,,0,,1,Magdalena Cauca,0,,0,
68101,BOLÍVAR,SANTANDER,6.181715586,-73.92065703,0,,0,,1,Magdalena Cauca,0,,1,Río Magdalena
68121,CABRERA,SANTANDER,6.562543673,-73.25034892,0,,0,,1,Magdalena Cauca,0,,0,
68132,CALIFORNIA,SANTANDER,7.331565443,-72.95131825,0,,0,,1,Magdalena Cauca,0,,0,
68147,CAPITANEJO,SANTANDER,6.520200095,-72.67435203,0,,0,,1,Magdalena Cauca,0,,0,
68152,CARCASÍ,SANTANDER,6.659675274,-72.56968434,0,,0,,0,,0,,0,
68160,CEPITÁ,SANTANDER,6.752465533,-72.92924629,0,,0,,1,Magdalena Cauca,0,,0,
68162,CERRITO,SANTANDER,6.903923173,-72.64536324,1,Almorzadero,0,,1,Magdalena Cauca,1,"Paramos Delimitados,Humedales V3",0,
68167,CHARALÁ,SANTANDER,6.35099819,-73.06101382,0,,0,,1,Magdalena Cauca,0,,0,
68169,CHARTA,SANTANDER,7.282973001,-72.97829057,0,,0,,0,,0,,0,
68176,CHIMA,SANTANDER,6.361627641,-73.40172144,0,,0,,1,Magdalena Cauca,0,,0,
68179,CHIPATÁ,SANTANDER,6.067944658,-73.63239132,0,,0,,1,Magdalena Cauca,0,,0,
68190,CIMITARRA,SANTANDER,6.40972961,-74.17030427,0,,0,,1,Magdalena Cauca,1,Omec,0,
68207,CONCEPCIÓN,SANTANDER,6.76062337,-72.61815735,1,Almorzadero,0,,1,Magdalena Cauca,1,"Paramos Delimitados,Humedales V3",0,
68209,CONFINES,SANTANDER,6.342314443,-73.25014013,0,,0,,0,,0,,0,
68211,CONTRATACIÓN,SANTANDER,6.303116611,-73.50211527,0,,0,,0,,0,,0,
68217,COROMORO,SANTANDER,6.234735779,-72.98176803,0,,0,,1,Magdalena Cauca,0,,0,
68229,CURITÍ,SANTANDER,6.608966483,-73.05897888,0,,0,,1,Magdalena Cauca,0,,0,
68235,EL CARMEN DE CHUCURÍ,SANTANDER,6.664260002,-73.56475288,0,,0,,0,,0,,0,
68245,EL GUACAMAYO,SANTANDER,6.236115743,-73.4977605,0,,0,,1,Magdalena Cauca,0,,0,
68250,EL PEÑÓN,SANTANDER,6.123389691,-74.00040397,0,,0,,1,Magdalena Cauca,0,,1,Río Magdalena
68255,EL PLAYÓN,SANTANDER,7.524284721,-73.18158192,0,,0,,1,Magdalena Cauca,0,,0,
68264,ENCINO,SANTANDER,6.079061224,-73.06206665,0,,0,,1,Magdalena Cauca,0,,0,
68266,ENCISO,SANTANDER,6.65824115,-72.68027939,0,,0,,1,Magdalena Cauca,0,,0,
68271,FLORIÁN,SANTANDER,5.801106291,-73.95524931,0,,0,,0,,1,Omec,0,
68276,FLORIDABLANCA,SANTANDER,7.079704598,-73.0679925,0,,0,,0,,0,,0,
68296,GALÁN,SANTANDER,6.671810994,-73.32467124,0,,0,,0,,0,,0,
68298,GÁMBITA,SANTANDER,5.924383558,-73.31939934,0,,0,,1,Magdalena Cauca,0,,0,
68307,GIRÓN,SANTANDER,6.976734127,-73.205267,0,,0,,1,Magdalena Cauca,0,,0,
68318,GUACA,SANTANDER,6.9434341,-72.82369873,0,,0,,0,,0,,0,
68320,GUADALUPE,SANTANDER,6.233278248,-73.40977445,0,,0,,1,Magdalena Cauca,0,,0,
68322,GUAPOTÁ,SANTANDER,6.319299865,-73.33115275,0,,0,,1,Magdalena Cauca,0,,0,
68324,GUAVATÁ,SANTANDER,5.944894844,-73.72173671,0,,0,,0,,0,,0,
68327,GÜEPSA,SANTANDER,6.04656148,-73.57847854,0,,0,,1,Magdalena Cauca,0,,0,
68344,HATO,SANTANDER,6.559878299,-73.36178841,0,,0,,0,,0,,0,
68368,JESÚS MARÍA,SANTANDER,5.872705896,-73.78997419,0,,0,,1,Magdalena Cauca,0,,0,
68370,JORDÁN,SANTANDER,6.710814846,-73.1211236,0,,0,,1,Magdalena Cauca,0,,0,
68377,LA BELLEZA,SANTANDER,5.895724341,-74.04676575,0,,0,,1,Magdalena Cauca,1,Omec,0,
68385,LANDÁZURI,SANTANDER,6.385234814,-73.78760899,0,,0,,0,,0,,1,Río Magdalena
68397,LA PAZ,SANTANDER,6.21737437,-73.62977195,0,,0,,1,Magdalena Cauca,1,Omec,0,
68406,LEBRIJA,SANTANDER,7.204060063,-73.29138097,0,,0,,1,Magdalena Cauca,0,,0,
68418,LOS SANTOS,SANTANDER,6.812162934,-73.10785086,0,,0,,1,Magdalena Cauca,0,,0,
68425,MACARAVITA,SANTANDER,6.513745303,-72.58536492,0,,0,,1,Magdalena Cauca,0,,0,
68432,MÁLAGA,SANTANDER,6.720222349,-72.73841091,0,,0,,1,Magdalena Cauca,0,,0,
68444,MATANZA,SANTANDER,7.348778319,-73.05438997,0,,0,,0,,0,,0,
68464,MOGOTES,SANTANDER,6.492532315,-72.95834772,0,,0,,1,Magdalena Cauca,0,,0,
68468,MOLAGAVITA,SANTANDER,6.643290559,-72.81916274,0,,0,,1,Magdalena Cauca,0,,0,
68498,OCAMONTE,SANTANDER,6.355368858,-73.12211833,0,,0,,1,Magdalena Cauca,0,,0,
68500,OIBA,SANTANDER,6.225596216,-73.27961515,0,,0,,1,Magdalena Cauca,0,,0,
68502,ONZAGA,SANTANDER,6.335194548,-72.81205838,0,,0,,0,,0,,0,
68522,PALMAR,SANTANDER,6.525876964,-73.28247337,0,,0,,1,Magdalena Cauca,0,,0,
68524,PALMAS DEL SOCORRO,SANTANDER,6.391750107,-73.28273174,0,,0,,1,Magdalena Cauca,0,,0,
68533,PÁRAMO,SANTANDER,6.416631131,-73.17148232,0,,0,,1,Magdalena Cauca,0,,0,
68547,PIEDECUESTA,SANTANDER,6.97082104,-73.01481196,0,,0,,0,,0,,0,
68549,PINCHOTE,SANTANDER,6.513892626,-73.17570986,0,,0,,1,Magdalena Cauca,0,,0,
68572,PUENTE NACIONAL,SANTANDER,5.831129906,-73.67841815,0,,0,,1,Magdalena Cauca,0,,0,
68573,PUERTO PARRA,SANTANDER,6.685278856,-73.95761256,0,,0,,1,Magdalena Cauca,1,"Omec,Zonificacion_Ley2da",1,Río Magdalena
68575,PUERTO WILCHES,SANTANDER,7.398198257,-73.8354696,0,,0,,1,Magdalena Cauca,0,,0,
68615,RIONEGRO,SANTANDER,7.474226085,-73.37246417,0,,0,,1,Magdalena Cauca,0,,0,
68655,SABANA DE TORRES,SANTANDER,7.4065422,-73.57131807,0,,0,,1,Magdalena Cauca,0,,0,
68669,SAN ANDRÉS,SANTANDER,6.796483063,-72.81613202,0,,0,,0,,0,,0,
68673,SAN BENITO,SANTANDER,6.076525355,-73.55295302,0,,0,,1,Magdalena Cauca,0,,0,
68679,SAN GIL,SANTANDER,6.550778765,-73.11887911,0,,0,,1,Magdalena Cauca,0,,0,
68682,SAN JOAQUÍN,SANTANDER,6.459879823,-72.85471883,0,,0,,0,,0,,0,
68684,SAN JOSÉ DE MIRANDA,SANTANDER,6.629400185,-72.73976423,0,,0,,1,Magdalena Cauca,0,,0,
68686,SAN MIGUEL,SANTANDER,6.568121541,-72.64322497,0,,0,,1,Magdalena Cauca,0,,0,
68689,SAN VICENTE DE CHUCURÍ,SANTANDER,6.894292346,-73.53900334,0,,0,,1,Magdalena Cauca,0,,0,
68705,SANTA BÁRBARA,SANTANDER,6.988084711,-72.89608933,0,,0,,1,Magdalena Cauca,0,,0,
68720,SANTA HELENA DEL OPÓN,SANTANDER,6.40890734,-73.58206609,0,,0,,1,Magdalena Cauca,0,,0,
68745,SIMACOTA,SANTANDER,6.494231551,-73.45910992,0,,0,,0,,0,,0,
68755,SOCORRO,SANTANDER,6.462088241,-73.24436001,0,,0,,1,Magdalena Cauca,0,,0,
68770,SUAITA,SANTANDER,6.101499739,-73.36225795,0,,0,,1,Magdalena Cauca,0,,0,
68773,SUCRE,SANTANDER,5.983203734,-73.95936235,0,,0,,1,Magdalena Cauca,1,"Omec,Zonificacion_Ley2da",1,Río Magdalena
68780,SURATÁ,SANTANDER,7.475402063,-72.98779966,0,,0,,1,Magdalena Cauca,0,,0,
68820,TONA,SANTANDER,7.170891099,-72.93970443,1,Jurisdicciones- Santurbán- Berlín,0,,1,Orinoco,1,"Paramos Delimitados,Humedales V3",0,
68855,VALLE DE SAN JOSÉ,SANTANDER,6.434578919,-73.10997171,0,,0,,1,Magdalena Cauca,0,,0,
68861,VÉLEZ,SANTANDER,6.00741043,-73.69057256,0,,0,,0,,1,Zonificacion_Ley2da,1,Río Magdalena
68867,VETAS,SANTANDER,7.322219563,-72.88156901,1,Jurisdicciones- Santurbán- Berlín,0,,1,Magdalena Cauca,1,Paramos Delimitados,0,
68872,VILLANUEVA,SANTANDER,6.685867326,-73.16396916,0,,0,,1,Magdalena Cauca,0,,0,
68895,ZAPATOCA,SANTANDER,6.813725566,-73.30975044,0,,0,,0,,0,,0,
70001,SINCELEJO,SUCRE,9.316673928,-75.43174967,0,,0,,1,Caribe,0,,0,
70110,BUENAVISTA,SUCRE,9.314972282,-74.98014057,0,,0,,1,Magdalena Cauca,1,Omec,0,
70124,CAIMITO,SUCRE,8.792311599,-75.13191063,0,,0,,1,Magdalena Cauca,1,Omec,0,
70204,COLOSÓ,SUCRE,9.494043427,-75.34528693,0,,0,,1,Caribe,1,PDET,0,
70215,COROZAL,SUCRE,9.160624283,-75.23858178,0,,0,,1,Magdalena Cauca,1,"Omec,Humedales V3",0,
70221,COVEÑAS,SUCRE,9.394449802,-75.6574915,0,,0,,1,Caribe,1,Humedales V3,0,
70230,CHALÁN,SUCRE,9.569584598,-75.32420908,0,,0,,1,Caribe,0,,0,
70233,EL ROBLE,SUCRE,9.036231591,-75.14575038,0,,0,,1,Magdalena Cauca,1,Omec,0,
70235,GALERAS,SUCRE,9.135169096,-74.98134706,0,,0,,1,Magdalena Cauca,1,Omec,0,
70265,GUARANDA,SUCRE,8.337828523,-74.68734926,0,,0,,1,Magdalena Cauca,1,Humedales V3,0,
70400,LA UNIÓN,SUCRE,8.811997799,-75.28322212,0,,0,,1,Magdalena Cauca,1,Omec,0,
70418,LOS PALMITOS,SUCRE,9.422380117,-75.21302191,0,,0,,1,Magdalena Cauca,1,"Omec,PDET",0,
70429,MAJAGUAL,SUCRE,8.546148134,-74.71037883,0,,0,,1,Magdalena Cauca,1,"Omec,Humedales V3",0,
70473,MORROA,SUCRE,9.392496685,-75.32718744,0,,0,,1,Caribe,1,PDET,0,
70508,OVEJAS,SUCRE,9.549655271,-75.18855916,0,,0,,1,Magdalena Cauca,1,PDET,0,
70523,PALMITO,SUCRE,9.334940293,-75.56199027,0,,0,,1,Caribe,1,"PDET,Humedales V3",0,
70670,SAMPUÉS,SUCRE,9.165188649,-75.36027422,0,,0,,1,Magdalena Cauca,1,Omec,0,
70678,SAN BENITO ABAD,SUCRE,8.835634919,-74.96469398,0,,0,,1,Magdalena Cauca,1,Omec,0,
70702,SAN JUAN DE BETULIA,SUCRE,9.292019071,-75.21363579,0,,0,,1,Magdalena Cauca,1,Omec,0,
70708,SAN MARCOS,SUCRE,8.589220102,-75.17249955,0,,0,,1,Magdalena Cauca,1,"Omec,Humedales V3",0,
70713,SAN ONOFRE,SUCRE,9.814599536,-75.50522919,0,,0,,1,Caribe,1,PDET,0,
70717,SAN PEDRO,SUCRE,9.396835638,-75.03741815,0,,0,,1,Magdalena Cauca,1,Omec,0,
70742,SAN LUIS DE SINCÉ,SUCRE,9.256299047,-75.09397089,0,,0,,1,Magdalena Cauca,1,Omec,0,
70771,SUCRE,SUCRE,8.814333477,-74.74753131,0,,0,,1,Magdalena Cauca,1,"Omec,Humedales V3",0,
70820,SANTIAGO DE TOLÚ,SUCRE,9.533810567,-75.53543469,0,,0,,1,Caribe,0,,0,
70823,SAN JOSÉ DE TOLUVIEJO,SUCRE,9.490297716,-75.44451115,0,,0,,1,Caribe,1,PDET,0,
73001,IBAGUÉ,TOLIMA,4.451921427,-75.252591,0,,0,,1,Magdalena Cauca,1,"Omec,Humedales V3",0,
73024,ALPUJARRA,TOLIMA,3.390015064,-74.94078233,0,,0,,0,,0,,0,
73026,ALVARADO,TOLIMA,4.582625784,-74.98630686,0,,0,,1,Magdalena Cauca,0,,0,
73030,AMBALEMA,TOLIMA,4.803365246,-74.80998676,0,,0,,1,Magdalena Cauca,0,,0,
73043,ANZOÁTEGUI,TOLIMA,4.623390454,-75.20165423,0,,0,,1,Magdalena Cauca,1,Omec,0,
73055,ARMERO,TOLIMA,5.006758956,-74.84750095,0,,0,,1,Magdalena Cauca,0,,0,
73067,ATACO,TOLIMA,3.37749064,-75.61373257,0,,0,,1,Magdalena Cauca,1,PDET,0,
73124,CAJAMARCA,TOLIMA,4.406971283,-75.49745918,0,,0,,0,,1,"Omec,Zonificacion_Ley2da",1,Central
73148,CARMEN DE APICALÁ,TOLIMA,4.123416795,-74.74700246,0,,0,,1,Magdalena Cauca,0,,0,
73152,CASABIANCA,TOLIMA,5.007003948,-75.19457703,0,,0,,1,Magdalena Cauca,1,"Omec,Zonificacion_Ley2da",1,Central
73168,CHAPARRAL,TOLIMA,3.743693084,-75.58986634,0,,0,,1,Magdalena Cauca,1,PDET,0,
73200,COELLO,TOLIMA,4.315603867,-74.91470256,0,,0,,1,Magdalena Cauca,0,,0,
73217,COYAIMA,TOLIMA,3.775490271,-75.14720213,0,,0,,1,Magdalena Cauca,0,,0,
73226,CUNDAY,TOLIMA,3.98252395,-74.68936908,0,,0,,1,Magdalena Cauca,0,,0,
73236,DOLORES,TOLIMA,3.597863274,-74.80256674,0,,0,,1,Magdalena Cauca,0,,0,
73268,ESPINAL,TOLIMA,4.166476969,-74.89352941,0,,0,,1,Magdalena Cauca,0,,0,
73270,FALAN,TOLIMA,5.079256598,-74.95703372,0,,0,,0,,0,,0,
73275,FLANDES,TOLIMA,4.242813257,-74.83708638,0,,0,,1,Magdalena Cauca,0,,0,
73283,FRESNO,TOLIMA,5.186694812,-75.05228995,0,,0,,1,Magdalena Cauca,1,Omec,0,
73319,GUAMO,TOLIMA,4.076501341,-74.97657287,0,,0,,1,Magdalena Cauca,0,,0,
73347,HERVEO,TOLIMA,5.068553783,-75.24322959,0,,0,,0,,1,"Omec,Zonificacion_Ley2da",1,Central
73349,HONDA,TOLIMA,5.179416561,-74.78303094,0,,0,,1,Magdalena Cauca,0,,0,
73352,ICONONZO,TOLIMA,4.133276369,-74.53964257,0,,0,,1,Magdalena Cauca,0,,0,
73408,LÉRIDA,TOLIMA,4.866034592,-74.92337178,0,,0,,1,Magdalena Cauca,0,,0,
73411,LÍBANO,TOLIMA,4.877936755,-75.04763076,0,,0,,1,Magdalena Cauca,1,Omec,0,
73443,SAN SEBASTIÁN DE MARIQUITA,TOLIMA,5.235322593,-74.90668089,0,,0,,1,Magdalena Cauca,1,Omec,0,
73449,MELGAR,TOLIMA,4.193215498,-74.60517497,0,,0,,1,Magdalena Cauca,0,,0,
73461,MURILLO,TOLIMA,4.826734468,-75.21993987,0,,0,,1,Magdalena Cauca,1,Omec,0,
73483,NATAGAIMA,TOLIMA,3.540518203,-75.12200999,0,,0,,1,Magdalena Cauca,0,,0,
73504,ORTEGA,TOLIMA,3.937793962,-75.27824314,0,,0,,1,Magdalena Cauca,0,,0,
73520,PALOCABILDO,TOLIMA,5.094035737,-75.0184505,0,,0,,1,Magdalena Cauca,0,,0,
73547,PIEDRAS,TOLIMA,4.433764446,-74.99879938,0,,0,,1,Magdalena Cauca,0,,0,
73555,PLANADAS,TOLIMA,3.09897343,-75.81684413,0,,0,,1,Magdalena Cauca,1,PDET,0,
73563,PRADO,TOLIMA,3.729166649,-74.87247706,0,,0,,1,Magdalena Cauca,0,,0,
73585,PURIFICACIÓN,TOLIMA,3.854281614,-74.87451155,0,,0,,1,Magdalena Cauca,0,,0,
73616,RIOBLANCO,TOLIMA,3.468077548,-75.85481103,0,,0,,0,,0,,0,
73622,RONCESVALLES,TOLIMA,4.097861181,-75.59428027,0,,0,,1,Magdalena Cauca,0,,0,
73624,ROVIRA,TOLIMA,4.216730954,-75.34758364,0,,0,,1,Magdalena Cauca,0,,0,
73671,SALDAÑA,TOLIMA,3.912542787,-75.01859762,0,,0,,1,Magdalena Cauca,0,,0,
73675,SAN ANTONIO,TOLIMA,3.926088268,-75.50991004,0,,0,,1,Magdalena Cauca,0,,0,
73678,SAN LUIS,TOLIMA,4.057271684,-75.16320806,0,,0,,1,Magdalena Cauca,0,,0,
73686,SANTA ISABEL,TOLIMA,4.740827622,-75.20069946,1,Los Nevados,0,,1,Magdalena Cauca,1,"RAMSAR,Paramos Delimitados",0,
73770,SUÁREZ,TOLIMA,3.969210629,-74.84448738,0,,0,,1,Magdalena Cauca,0,,0,
73854,VALLE DE SAN JUAN,TOLIMA,4.182125647,-75.17148237,0,,0,,1,Magdalena Cauca,0,,0,
73861,VENADILLO,TOLIMA,4.70988172,-74.92089886,0,,0,,1,Magdalena Cauca,1,Omec,0,
73870,VILLAHERMOSA,TOLIMA,4.965753461,-75.15592969,0,,0,,1,Magdalena Cauca,0,,0,
73873,VILLARRICA,TOLIMA,3.854384097,-74.61896623,0,,0,,0,,0,,0,
76001,CALI,VALLE DEL CAUCA,3.399043723,-76.57649259,0,,0,,0,,0,,0,
76020,ALCALÁ,VALLE DEL CAUCA,4.6788971,-75.78297932,0,,0,,1,Magdalena Cauca,0,,0,
76036,ANDALUCÍA,VALLE DEL CAUCA,4.153314228,-76.16063341,0,,0,,1,Magdalena Cauca,0,,0,
76041,ANSERMANUEVO,VALLE DEL CAUCA,4.795927292,-76.02963049,0,,0,,1,Magdalena Cauca,0,,0,
76054,ARGELIA,VALLE DEL CAUCA,4.704287864,-76.14164999,0,,0,,1,Pacifico,1,Zonificacion_Ley2da,1,Pacífico
76100,BOLÍVAR,VALLE DEL CAUCA,4.393118861,-76.34982039,0,,0,,1,Pacifico,1,Zonificacion_Ley2da,1,Pacífico
76109,BUENAVENTURA,VALLE DEL CAUCA,3.493340766,-77.11872832,0,,0,,1,Pacifico,1,"PDET,Zonificacion_Ley2da",1,Pacífico
76111,GUADALAJARA DE BUGA,VALLE DEL CAUCA,3.819854318,-75.98312419,0,,0,,1,Magdalena Cauca,1,Zonificacion_Ley2da,1,Central
76113,BUGALAGRANDE,VALLE DEL CAUCA,4.196852991,-76.0896103,0,,0,,1,Magdalena Cauca,0,,0,
76122,CAICEDONIA,VALLE DEL CAUCA,4.308997973,-75.83672567,0,,0,,1,Magdalena Cauca,1,Omec,0,
76126,CALIMA,VALLE DEL CAUCA,3.923271619,-76.64260484,0,,0,,1,Pacifico,0,,1,Pacífico
76130,CANDELARIA,VALLE DEL CAUCA,3.382091564,-76.38317663,0,,0,,1,Magdalena Cauca,0,,0,
76147,CARTAGO,VALLE DEL CAUCA,4.70684716,-75.91790846,0,,0,,1,Magdalena Cauca,0,,0,
76233,DAGUA,VALLE DEL CAUCA,3.649822218,-76.72039347,0,,0,,1,Pacifico,1,Zonificacion_Ley2da,1,Pacífico
76243,EL ÁGUILA,VALLE DEL CAUCA,4.917562873,-76.06601001,0,,0,,1,Magdalena Cauca,0,,0,
76246,EL CAIRO,VALLE DEL CAUCA,4.756063701,-76.21502826,0,,0,,1,Pacifico,0,,1,Pacífico
76248,EL CERRITO,VALLE DEL CAUCA,3.656072873,-76.30841784,0,,0,,0,,0,,0,
76250,EL DOVIO,VALLE DEL CAUCA,4.539979729,-76.28762701,0,,0,,1,Pacifico,1,Zonificacion_Ley2da,1,Pacífico
76275,FLORIDA,VALLE DEL CAUCA,3.304104295,-76.16477307,0,,0,,0,,1,"PDET,Zonificacion_Ley2da",1,Central
76306,GINEBRA,VALLE DEL CAUCA,3.74410441,-76.19082004,0,,0,,1,Magdalena Cauca,0,,0,
76318,GUACARÍ,VALLE DEL CAUCA,3.759414991,-76.34518277,0,,0,,1,Magdalena Cauca,0,,0,
76364,JAMUNDÍ,VALLE DEL CAUCA,3.213892389,-76.62760418,0,,0,,1,Magdalena Cauca,0,,0,
76377,LA CUMBRE,VALLE DEL CAUCA,3.694303106,-76.58989905,0,,0,,1,Pacifico,1,Zonificacion_Ley2da,1,Pacífico
76400,LA UNIÓN,VALLE DEL CAUCA,4.537937391,-76.10328983,0,,0,,1,Magdalena Cauca,0,,0,
76403,LA VICTORIA,VALLE DEL CAUCA,4.483511142,-75.96677303,0,,0,,1,Magdalena Cauca,0,,0,
76497,OBANDO,VALLE DEL CAUCA,4.597588666,-75.9491997,0,,0,,1,Magdalena Cauca,0,,0,
76520,PALMIRA,VALLE DEL CAUCA,3.558392876,-76.22779972,0,,0,,1,Magdalena Cauca,0,,0,
76563,PRADERA,VALLE DEL CAUCA,3.42063665,-76.17841841,0,,0,,0,,1,PDET,0,
76606,RESTREPO,VALLE DEL CAUCA,3.806494973,-76.53489853,0,,0,,1,Pacifico,0,,0,
76616,RIOFRÍO,VALLE DEL CAUCA,4.109500298,-76.37105443,0,,0,,1,Magdalena Cauca,0,,0,
76622,ROLDANILLO,VALLE DEL CAUCA,4.443571848,-76.16824249,0,,0,,1,Magdalena Cauca,0,,0,
76670,SAN PEDRO,VALLE DEL CAUCA,3.98143244,-76.20836168,0,,0,,1,Magdalena Cauca,1,Humedales V3,0,
76736,SEVILLA,VALLE DEL CAUCA,4.193411919,-75.88818163,0,,0,,1,Magdalena Cauca,0,,0,
76823,TORO,VALLE DEL CAUCA,4.638421279,-76.08106176,0,,0,,1,Magdalena Cauca,0,,0,
76828,TRUJILLO,VALLE DEL CAUCA,4.233268116,-76.34292699,0,,0,,0,,0,,0,
76834,TULUÁ,VALLE DEL CAUCA,4.02840797,-76.03250379,0,,0,,0,,0,,0,
76845,ULLOA,VALLE DEL CAUCA,4.707718947,-75.77835903,0,,0,,1,Magdalena Cauca,0,,0,
76863,VERSALLES,VALLE DEL CAUCA,4.644242641,-76.25924483,0,,0,,1,Pacifico,0,,1,Pacífico
76869,VIJES,VALLE DEL CAUCA,3.74365889,-76.47064718,0,,0,,1,Magdalena Cauca,1,Zonificacion_Ley2da,1,Pacífico
76890,YOTOCO,VALLE DEL CAUCA,3.904130354,-76.39080435,0,,0,,1,Magdalena Cauca,1,Humedales V3,0,
76892,YUMBO,VALLE DEL CAUCA,3.595913669,-76.5109879,0,,0,,1,Magdalena Cauca,0,,0,
76895,ZARZAL,VALLE DEL CAUCA,4.35359875,-76.05065336,0,,0,,1,Magdalena Cauca,0,,0,
81001,ARAUCA,ARAUCA,6.796280825,-70.50921153,0,,1,Llanos,1,Orinoco,0,,0,
81065,ARAUQUITA,ARAUCA,6.799338394,-71.29827429,0,,0,,1,Orinoco,1,"PDET,Humedales V3",0,
81220,CRAVO NORTE,ARAUCA,6.39654349,-70.07381197,0,,0,,1,Orinoco,1,Humedales V3,0,
81300,FORTUL,ARAUCA,6.750907234,-71.79124241,0,,0,,1,Orinoco,1,"PDET,Humedales V3",0,
81591,PUERTO RONDÓN,ARAUCA,6.411761829,-70.96678964,0,,0,,1,Orinoco,1,Humedales V3,0,
81736,SARAVENA,ARAUCA,6.906941714,-71.85070757,0,,0,,1,Orinoco,1,"PDET,Humedales V3",0,
81794,TAME,ARAUCA,6.390650479,-71.79178647,0,,0,,1,Orinoco,1,"PDET,Zonificacion_Ley2da,Humedales V3",1,Cocuy
85001,YOPAL,CASANARE,5.242744761,-72.25802857,0,,0,,1,Orinoco,1,Humedales V3,0,
85010,AGUAZUL,CASANARE,5.126121886,-72.54821017,0,,0,,1,Orinoco,0,,0,
85015,CHÁMEZA,CASANARE,5.228453404,-72.86496804,0,,0,,1,Orinoco,0,,0,
85125,HATO COROZAL,CASANARE,6.03948032,-71.52445752,0,,0,,1,Orinoco,1,Humedales V3,0,
85136,LA SALINA,CASANARE,6.178282373,-72.34693377,0,,0,,1,Orinoco,0,,0,
85139,MANÍ,CASANARE,4.675769488,-72.21280273,0,,0,,1,Orinoco,1,Humedales V3,0,
85162,MONTERREY,CASANARE,4.841308642,-72.8473434,0,,0,,1,Orinoco,0,,0,
85225,NUNCHÍA,CASANARE,5.529181235,-72.09251937,0,,0,,1,Orinoco,0,,0,
85230,OROCUÉ,CASANARE,4.915139133,-71.59873966,0,,0,,1,Orinoco,1,Humedales V3,0,
85250,PAZ DE ARIPORO,CASANARE,5.779915281,-70.86947037,0,,0,,1,Orinoco,1,Humedales V3,0,
85263,PORE,CASANARE,5.663194953,-71.92580806,0,,0,,1,Orinoco,1,Humedales V3,0,
85279,RECETOR,CASANARE,5.263068507,-72.77081831,0,,0,,1,Orinoco,0,,0,
85300,SABANALARGA,CASANARE,4.81119011,-72.99580655,0,,0,,1,Orinoco,0,,0,
85315,SÁCAMA,CASANARE,6.049906435,-72.21076163,0,,0,,1,Orinoco,0,,0,
85325,SAN LUIS DE PALENQUE,CASANARE,5.274955665,-71.81749276,0,,0,,1,Orinoco,1,Humedales V3,0,
85400,TÁMARA,CASANARE,5.878927424,-72.20067822,0,,0,,1,Orinoco,0,,0,
85410,TAURAMENA,CASANARE,4.697463691,-72.62922436,0,,0,,1,Orinoco,1,Humedales V3,0,
85430,TRINIDAD,CASANARE,5.354527091,-71.25479519,0,,0,,1,Orinoco,1,Humedales V3,0,
85440,VILLANUEVA,CASANARE,4.528307719,-72.82314281,0,,0,,1,Orinoco,1,Humedales V3,0,
86001,MOCOA,PUTUMAYO,1.26070915,-76.66584349,0,,0,,1,Amazonas,1,PDET,0,
86219,COLÓN,PUTUMAYO,1.204815876,-76.97376805,0,,0,,1,Amazonas,1,Zonificacion_Ley2da,1,Central
86320,ORITO,PUTUMAYO,0.673756323,-76.94313923,0,,0,,1,Amazonas,1,PDET,0,
86568,PUERTO ASÍS,PUTUMAYO,0.433884539,-76.52158203,0,,0,,1,Amazonas,1,"PDET,Humedales V3",0,
86569,PUERTO CAICEDO,PUTUMAYO,0.70416861,-76.49864415,0,,0,,1,Amazonas,1,PDET,0,
86571,PUERTO GUZMÁN,PUTUMAYO,0.746432215,-75.88022979,0,,0,,1,Amazonas,1,"PDET,Humedales V3",0,
86573,PUERTO LEGUÍZAMO,PUTUMAYO,0.05947197,-75.06479327,0,,0,,1,Amazonas,0,,1,Amazonía
86749,SIBUNDOY,PUTUMAYO,1.228746922,-76.91307585,0,,0,,1,Amazonas,1,Zonificacion_Ley2da,1,Central
86755,SAN FRANCISCO,PUTUMAYO,1.136071096,-76.84726661,0,,0,,1,Amazonas,0,,0,
86757,SAN MIGUEL,PUTUMAYO,0.272449048,-76.84510459,0,,0,,1,Amazonas,1,PDET,0,
86760,SANTIAGO,PUTUMAYO,1.036021482,-76.97751684,1,La Cocha Patascoy,0,,1,Amazonas,1,Paramos Delimitados,0,
86865,VALLE DEL GUAMUEZ,PUTUMAYO,0.42012589,-76.77067026,0,,0,,1,Amazonas,1,PDET,0,
86885,VILLAGARZÓN,PUTUMAYO,0.911149515,-76.74495447,0,,0,,1,Amazonas,1,PDET,0,
88001,SAN ANDRÉS,"ARCHIPIÉLAGO DE SAN ANDRÉS, PROVIDENCIA Y SANTA CATALINA",12.54311512,-81.71762382,0,,0,,0,,0,,0,
88564,PROVIDENCIA,"ARCHIPIÉLAGO DE SAN ANDRÉS, PROVIDENCIA Y SANTA CATALINA",13.3511096,-81.37388549,0,,0,,0,,0,,0,
91001,LETICIA,AMAZONAS,-3.530058784,-70.04513691,0,,0,,1,Amazonas,0,,1,Amazonía
91263,EL ENCANTO,AMAZONAS,-1.997234795,-72.72361566,0,,0,,0,,1,Zonificacion_Ley2da,1,Amazonía
91405,LA CHORRERA,AMAZONAS,-1.509799605,-72.44442966,0,,0,,0,,1,Zonificacion_Ley2da,1,Amazonía
91407,LA PEDRERA,AMAZONAS,-1.550256503,-69.94602815,0,,0,,1,Amazonas,1,Zonificacion_Ley2da,1,Amazonía
91430,LA VICTORIA,AMAZONAS,-0.125016381,-71.10487805,0,,0,,1,Amazonas,1,Zonificacion_Ley2da,1,Amazonía
91460,MIRITÍ - PARANÁ,AMAZONAS,-0.687037553,-71.1855046,0,,0,,1,Amazonas,1,Zonificacion_Ley2da,1,Amazonía
91530,PUERTO ALEGRÍA,AMAZONAS,-0.952145073,-73.75722748,0,,0,,1,Amazonas,1,"Zonificacion_Ley2da,Humedales V3",1,Amazonía
91536,PUERTO ARICA,AMAZONAS,-1.91085406,-71.1484049,0,,0,,1,Amazonas,1,Zonificacion_Ley2da,1,Amazonía
91540,PUERTO NARIÑO,AMAZONAS,-3.631323222,-70.47199039,0,,0,,1,Amazonas,1,Zonificacion_Ley2da,1,Amazonía
91669,PUERTO SANTANDER,AMAZONAS,-1.101032624,-71.93893358,0,,0,,1,Amazonas,1,Zonificacion_Ley2da,1,Amazonía
91798,TARAPACÁ,AMAZONAS,-2.451794264,-70.00651535,0,,0,,1,Amazonas,1,"Zonificacion_Ley2da,Humedales V3",1,Amazonía
94001,INÍRIDA,GUAINÍA,3.516363079,-68.00834728,0,,0,,1,Orinoco,1,"Zonificacion_Ley2da,Humedales V3",1,Amazonía
94343,BARRANCOMINAS,GUAINÍA,3.140558454,-69.69713423,0,,0,,1,Orinoco,1,"Zonificacion_Ley2da,Humedales V3",1,Amazonía
94883,SAN FELIPE,GUAINÍA,2.312179782,-67.52060569,0,,0,,0,,1,"Zonificacion_Ley2da,Humedales V3",1,Amazonía
94884,PUERTO COLOMBIA,GUAINÍA,2.582829542,-68.25799033,0,,0,,1,Amazonas,1,"Zonificacion_Ley2da,Humedales V3",1,Amazonía
94885,LA GUADALUPE,GUAINÍA,1.404540273,-67.001518,0,,0,,1,Amazonas,1,"Zonificacion_Ley2da,Humedales V3",1,Amazonía
94886,CACAHUAL,GUAINÍA,3.38616245,-67.58507998,0,,0,,1,Orinoco,1,"Zonificacion_Ley2da,Humedales V3",1,Amazonía
94887,PANA PANA,GUAINÍA,1.981055294,-69.11440036,0,,0,,1,Amazonas,0,,1,Amazonía
94888,MORICHAL,GUAINÍA,2.421444806,-69.84001585,0,,0,,1,Orinoco,1,"Zonificacion_Ley2da,Humedales V3",1,Amazonía
95001,SAN JOSÉ DEL GUAVIARE,GUAVIARE,2.484286091,-71.91916993,0,,0,,1,Orinoco,1,"PDET,Zonificacion_Ley2da,Humedales V3",1,Amazonía
95015,CALAMAR,GUAVIARE,1.613634284,-73.0342639,0,,0,,1,Amazonas,0,,1,Amazonía
95025,EL RETORNO,GUAVIARE,2.143447362,-72.24364869,0,,0,,1,Orinoco,1,"PDET,Zonificacion_Ley2da,Humedales V3",1,Amazonía
95200,MIRAFLORES,GUAVIARE,1.363974932,-72.01810951,0,,0,,1,Amazonas,1,"PDET,Zonificacion_Ley2da,Humedales V3",1,Amazonía
97001,MITÚ,VAUPÉS,1.06148231,-70.46688401,0,,0,,1,Amazonas,1,"Zonificacion_Ley2da,Humedales V3",1,Amazonía
97161,CARURÚ,VAUPÉS,1.052762314,-71.33093035,0,,0,,1,Amazonas,1,"Zonificacion_Ley2da,Humedales V3",1,Amazonía
97511,PACOA,VAUPÉS,-0.00834364,-70.5433061,0,,0,,1,Amazonas,1,Zonificacion_Ley2da,1,Amazonía
97666,TARAIRA,VAUPÉS,-0.719822209,-69.90776202,0,,0,,1,Amazonas,0,,1,Amazonía
97777,PAPUNAHUA,VAUPÉS,1.569312273,-70.91166315,0,,0,,1,Amazonas,1,"Zonificacion_Ley2da,Humedales V3",1,Amazonía
97889,YAVARATÉ,VAUPÉS,0.833312241,-69.61867754,0,,0,,1,Amazonas,1,"Zonificacion_Ley2da,Humedales V3",1,Amazonía
99001,PUERTO CARREÑO,VICHADA,5.836529669,-68.14122234,0,,0,,1,Orinoco,1,"RAMSAR,Omec,Humedales V3",0,
99524,LA PRIMAVERA,VICHADA,5.517593607,-69.62044054,0,,0,,1,Orinoco,1,"RAMSAR,Omec,Humedales V3",0,
99624,SANTA ROSALÍA,VICHADA,4.968581012,-70.65997097,0,,0,,1,Orinoco,0,,0,
99773,CUMARIBO,VICHADA,4.262454746,-69.52140484,0,,0,,1,Orinoco,0,,0,
