fecha_hora,lat,lon,fuente,temp_c,confianza,captura,municipio,departamento,cod_mpio
2026-04-20 00:23,5.54334,-68.05336,VIIRS-Suomi-NPP,32.5,Nominal,N,,,
2026-04-20 00:23,5.54708,-68.06116,VIIRS-Suomi-NPP,30.6,Nominal,N,,,
2026-04-20 00:23,5.54639,-68.05606,VIIRS-Suomi-NPP,35.9,Nominal,N,,,
2026-04-20 00:23,5.55041,-68.05759,VIIRS-Suomi-NPP,31.2,Nominal,N,,,
2026-04-20 00:40,11.13576,-72.57142,VIIRS-NOAA-20,29.3,Nominal,N,,,
2026-04-20 00:40,11.13634,-72.57611,VIIRS-NOAA-20,27.5,Nominal,N,,,
2026-04-20 00:40,11.13733,-72.57527,VIIRS-NOAA-20,29.1,Nominal,N,,,
2026-04-20 00:40,10.32001,-75.49262,VIIRS-NOAA-20,36.3,Nominal,N,,,
2026-04-20 00:40,10.32298,-75.49361,VIIRS-NOAA-20,36.9,Nominal,N,,,
2026-04-20 00:42,4.48727,-72.04158,VIIRS-NOAA-20,45.1,Nominal,N,,,
2026-04-20 00:42,5.54814,-68.05917,VIIRS-NOAA-20,51.0,Nominal,N,,,
2026-04-20 00:42,4.49214,-72.03738,VIIRS-NOAA-20,47.3,Nominal,N,,,
2026-04-20 00:42,4.49118,-72.03062,VIIRS-NOAA-20,53.7,Nominal,N,,,
2026-04-20 00:42,4.49166,-72.034,VIIRS-NOAA-20,35.5,Nominal,N,,,
2026-04-20 00:42,4.4907,-72.02724,VIIRS-NOAA-20,35.8,Nominal,N,,,
2026-04-20 00:42,4.49021,-72.02387,VIIRS-NOAA-20,36.4,Nominal,N,,,
2026-04-20 00:42,4.48973,-72.02051,VIIRS-NOAA-20,40.7,Nominal,N,,,
2026-04-20 00:42,4.48775,-72.04497,VIIRS-NOAA-20,48.6,Nominal,N,,,
2026-04-20 01:29,7.88848,-72.57185,VIIRS-NOAA-21,28.4,Nominal,N,,,
2026-04-20 01:29,7.37952,-73.45871,VIIRS-NOAA-21,35.3,Nominal,N,,,
2026-04-20 01:29,4.49186,-72.03053,VIIRS-NOAA-21,57.3,Nominal,N,,,
2026-04-20 01:29,4.49117,-72.02628,VIIRS-NOAA-21,42.8,Nominal,N,,,
2026-04-20 01:29,4.49048,-72.02203,VIIRS-NOAA-21,38.7,Nominal,N,,,
2026-04-20 01:29,4.48959,-72.03962,VIIRS-NOAA-21,49.5,Nominal,N,,,
2026-04-20 01:29,4.4889,-72.03537,VIIRS-NOAA-21,52.8,Nominal,N,,,
2026-04-20 01:29,4.48615,-72.01836,VIIRS-NOAA-21,50.9,Nominal,N,,,
2026-04-20 01:29,4.48664,-72.04445,VIIRS-NOAA-21,35.2,Nominal,N,,,
2026-04-20 01:29,4.48595,-72.04021,VIIRS-NOAA-21,30.1,Nominal,N,,,
2026-04-20 01:29,4.483,-72.04504,VIIRS-NOAA-21,31.6,Nominal,N,,,
2026-04-20 01:29,4.89189,-75.31978,VIIRS-NOAA-21,28.6,Nominal,N,,,
2026-04-20 01:29,11.13644,-72.57359,VIIRS-NOAA-21,39.6,Nominal,N,,,
2026-04-20 01:29,11.07923,-72.68234,VIIRS-NOAA-21,38.2,Nominal,N,,,
2026-04-20 01:29,11.03064,-72.6573,VIIRS-NOAA-21,34.5,Nominal,N,,,
2026-04-20 01:29,11.02789,-72.66151,VIIRS-NOAA-21,46.2,Nominal,N,,,
2026-04-20 01:31,10.31841,-75.48712,VIIRS-NOAA-21,43.8,Nominal,N,,,
2026-04-20 01:31,3.56299,-76.48844,VIIRS-NOAA-21,28.8,Nominal,N,,,
2026-04-20 02:01,11.08184,-72.68228,VIIRS-Suomi-NPP,32.7,Nominal,N,,,
2026-04-20 02:01,11.02899,-72.66604,VIIRS-Suomi-NPP,32.6,Nominal,N,,,
2026-04-20 02:01,11.028,-72.66081,VIIRS-Suomi-NPP,29.4,Nominal,N,,,
2026-04-20 02:01,11.02944,-72.66165,VIIRS-Suomi-NPP,44.7,Nominal,N,,,
2026-04-20 02:01,10.97668,-72.72719,VIIRS-Suomi-NPP,30.0,Nominal,N,,,
2026-04-20 02:01,10.31664,-75.48366,VIIRS-Suomi-NPP,66.9,Nominal,N,,,
2026-04-20 02:01,7.38153,-73.45954,VIIRS-Suomi-NPP,31.0,Nominal,N,,,
2026-04-20 02:01,7.96603,-72.47157,VIIRS-Suomi-NPP,27.8,Nominal,N,,,
2026-04-20 02:01,7.96762,-72.47115,VIIRS-Suomi-NPP,27.7,Nominal,N,,,
2026-04-20 02:01,7.96924,-72.45096,VIIRS-Suomi-NPP,28.4,Nominal,N,,,
2026-04-20 02:01,4.49346,-72.03562,VIIRS-Suomi-NPP,29.0,Nominal,N,,,
2026-04-20 02:01,4.4928,-72.03184,VIIRS-Suomi-NPP,29.3,Nominal,N,,,
2026-04-20 02:01,4.49214,-72.02802,VIIRS-Suomi-NPP,35.4,Nominal,N,,,
2026-04-20 02:01,4.49082,-72.02041,VIIRS-Suomi-NPP,33.4,Nominal,N,,,
2026-04-20 02:01,4.48915,-72.04419,VIIRS-Suomi-NPP,41.9,Nominal,N,,,
2026-04-20 02:01,4.48849,-72.04041,VIIRS-Suomi-NPP,42.1,Nominal,N,,,
2026-04-20 02:01,4.48783,-72.03661,VIIRS-Suomi-NPP,33.3,Nominal,N,,,
2026-04-20 02:01,4.48353,-72.04518,VIIRS-Suomi-NPP,27.4,Nominal,N,,,
2026-04-20 02:01,5.7725,-72.87572,VIIRS-Suomi-NPP,23.4,Nominal,N,,,
2026-04-20 02:01,5.76621,-72.93273,VIIRS-Suomi-NPP,23.9,Nominal,N,,,
2026-04-20 02:03,3.56235,-76.49181,VIIRS-Suomi-NPP,28.8,Nominal,N,,,
2026-04-20 02:20,11.03214,-72.66094,VIIRS-NOAA-20,30.1,Nominal,N,,,
2026-04-20 02:20,11.02837,-72.66351,VIIRS-NOAA-20,30.5,Nominal,N,,,
2026-04-20 02:20,10.32347,-75.48594,VIIRS-NOAA-20,47.4,Nominal,N,,,
2026-04-20 02:20,10.31742,-75.48719,VIIRS-NOAA-20,40.7,Nominal,N,,,
2026-04-20 08:57,5.81724,-68.83635,MODIS-Terra,41.1,Alta,D,,,
2026-04-20 08:57,3.99485,-71.90652,MODIS-Terra,50.6,Alta,D,,,
2026-04-20 08:57,5.77801,-72.8784,MODIS-Terra,50.8,Alta,D,,,
2026-04-20 12:32,1.66277,-72.58761,VIIRS-NOAA-21,55.3,Nominal,D,,,
2026-04-20 12:32,1.36838,-73.94545,VIIRS-NOAA-21,59.9,Nominal,D,,,
2026-04-20 12:34,7.78591,-73.83935,VIIRS-NOAA-21,66.9,Nominal,D,,,
2026-04-20 12:34,7.98326,-73.90683,VIIRS-NOAA-21,57.1,Nominal,D,,,
2026-04-20 12:34,8.0398,-73.99572,VIIRS-NOAA-21,82.4,Nominal,D,,,
2026-04-20 12:34,8.03826,-73.99553,VIIRS-NOAA-21,81.4,Nominal,D,,,
2026-04-20 12:34,7.91031,-74.98431,VIIRS-NOAA-21,69.9,Nominal,D,,,
2026-04-20 12:34,7.84563,-75.72372,VIIRS-NOAA-21,78.8,Nominal,D,,,
2026-04-20 12:34,8.21035,-74.73302,VIIRS-NOAA-21,62.3,Nominal,D,,,
2026-04-20 12:34,8.20504,-74.76196,VIIRS-NOAA-21,60.9,Nominal,D,,,
2026-04-20 12:34,8.39598,-73.74618,VIIRS-NOAA-21,53.5,Nominal,D,,,
2026-04-20 12:34,8.39751,-73.74374,VIIRS-NOAA-21,67.9,Nominal,D,,,
2026-04-20 12:34,8.21018,-74.73341,VIIRS-NOAA-21,61.1,Nominal,D,,,
2026-04-20 12:34,8.20467,-74.76228,VIIRS-NOAA-21,61.8,Nominal,D,,,
2026-04-20 12:34,8.47301,-73.98374,VIIRS-NOAA-21,60.0,Nominal,D,,,
2026-04-20 12:34,8.4654,-74.02588,VIIRS-NOAA-21,81.1,Nominal,D,,,
2026-04-20 12:34,8.37688,-74.51431,VIIRS-NOAA-21,57.0,Nominal,D,,,
2026-04-20 12:34,8.07366,-75.92955,VIIRS-NOAA-21,62.1,Nominal,D,,,
2026-04-20 12:34,8.47244,-73.98356,VIIRS-NOAA-21,62.2,Nominal,D,,,
2026-04-20 12:34,8.46451,-74.02571,VIIRS-NOAA-21,77.1,Nominal,D,,,
2026-04-20 12:34,8.43644,-74.2725,VIIRS-NOAA-21,75.5,Nominal,D,,,
2026-04-20 12:34,8.29437,-75.44258,VIIRS-NOAA-21,63.4,Nominal,D,,,
2026-04-20 12:34,8.29573,-75.44463,VIIRS-NOAA-21,53.8,Nominal,D,,,
2026-04-20 12:34,8.63705,-73.87391,VIIRS-NOAA-21,69.5,Nominal,D,,,
2026-04-20 12:34,8.73103,-74.30997,VIIRS-NOAA-21,71.8,Nominal,D,,,
2026-04-20 12:34,8.73022,-74.31441,VIIRS-NOAA-21,63.7,Nominal,D,,,
2026-04-20 12:34,8.72883,-74.30972,VIIRS-NOAA-21,58.4,Nominal,D,,,
2026-04-20 12:34,8.75362,-74.37354,VIIRS-NOAA-21,61.2,Nominal,D,,,
2026-04-20 12:34,8.77332,-74.70228,VIIRS-NOAA-21,68.9,Nominal,D,,,
2026-04-20 12:34,8.77481,-74.69949,VIIRS-NOAA-21,55.0,Nominal,D,,,
2026-04-20 12:34,8.8591,-74.35324,VIIRS-NOAA-21,70.2,Nominal,D,,,
2026-04-20 12:34,8.84837,-74.47565,VIIRS-NOAA-21,66.5,Nominal,D,,,
2026-04-20 12:34,8.89553,-74.35518,VIIRS-NOAA-21,60.8,Nominal,D,,,
2026-04-20 12:34,8.89506,-74.42382,VIIRS-NOAA-21,69.3,Nominal,D,,,
2026-04-20 12:34,8.89424,-74.42827,VIIRS-NOAA-21,69.7,Nominal,D,,,
2026-04-20 12:34,9.00235,-74.52723,VIIRS-NOAA-21,63.4,Nominal,D,,,
2026-04-20 12:34,9.00497,-74.52719,VIIRS-NOAA-21,58.6,Nominal,D,,,
2026-04-20 12:34,9.1492,-74.63051,VIIRS-NOAA-21,93.9,Alta,D,,,
2026-04-20 12:34,9.14834,-74.63506,VIIRS-NOAA-21,60.4,Nominal,D,,,
2026-04-20 12:34,2.51784,-72.20641,VIIRS-NOAA-21,56.3,Nominal,D,,,
2026-04-20 12:34,2.52359,-72.2072,VIIRS-NOAA-21,61.4,Nominal,D,,,
2026-04-20 12:34,3.3129,-67.36723,VIIRS-NOAA-21,66.7,Nominal,D,,,
2026-04-20 12:34,2.51903,-72.20752,VIIRS-NOAA-21,93.9,Alta,D,,,
2026-04-20 12:34,3.21644,-68.22913,VIIRS-NOAA-21,61.5,Nominal,D,,,
2026-04-20 12:34,2.71448,-72.13869,VIIRS-NOAA-21,93.9,Alta,D,,,
2026-04-20 12:34,2.73376,-72.60103,VIIRS-NOAA-21,54.9,Nominal,D,,,
2026-04-20 12:34,3.04827,-71.6908,VIIRS-NOAA-21,57.7,Nominal,D,,,
2026-04-20 12:34,3.0512,-71.67535,VIIRS-NOAA-21,54.8,Nominal,D,,,
2026-04-20 12:34,3.04329,-71.72227,VIIRS-NOAA-21,61.4,Nominal,D,,,
2026-04-20 12:34,3.04881,-71.72311,VIIRS-NOAA-21,93.9,Alta,D,,,
2026-04-20 12:34,3.0567,-71.67625,VIIRS-NOAA-21,77.8,Nominal,D,,,
2026-04-20 12:34,3.06544,-71.79315,VIIRS-NOAA-21,93.9,Alta,D,,,
2026-04-20 12:34,3.06606,-71.78946,VIIRS-NOAA-21,66.9,Nominal,D,,,
2026-04-20 12:34,3.06483,-71.79683,VIIRS-NOAA-21,81.2,Nominal,D,,,
2026-04-20 12:34,3.80974,-67.65259,VIIRS-NOAA-21,56.5,Nominal,D,,,
2026-04-20 12:34,3.10118,-72.61869,VIIRS-NOAA-21,57.3,Nominal,D,,,
2026-04-20 12:34,3.10046,-72.61938,VIIRS-NOAA-21,62.0,Nominal,D,,,
2026-04-20 12:34,3.40292,-71.45932,VIIRS-NOAA-21,63.2,Nominal,D,,,
2026-04-20 12:34,3.40038,-71.4589,VIIRS-NOAA-21,68.9,Nominal,D,,,
2026-04-20 12:34,3.68793,-71.19653,VIIRS-NOAA-21,68.3,Nominal,D,,,
2026-04-20 12:34,3.6932,-71.1973,VIIRS-NOAA-21,56.0,Nominal,D,,,
2026-04-20 12:34,3.68496,-72.22876,VIIRS-NOAA-21,79.3,Nominal,D,,,
2026-04-20 12:34,3.68433,-72.23257,VIIRS-NOAA-21,80.1,Nominal,D,,,
2026-04-20 12:34,3.68815,-72.2308,VIIRS-NOAA-21,62.9,Nominal,D,,,
2026-04-20 12:34,3.76126,-72.70467,VIIRS-NOAA-21,73.1,Nominal,D,,,
2026-04-20 12:34,4.43038,-69.28808,VIIRS-NOAA-21,73.5,Nominal,D,,,
2026-04-20 12:34,4.43651,-69.27933,VIIRS-NOAA-21,56.6,Nominal,D,,,
2026-04-20 12:34,4.43573,-69.28405,VIIRS-NOAA-21,73.1,Nominal,D,,,
2026-04-20 12:34,4.45855,-69.28762,VIIRS-NOAA-21,68.3,Nominal,D,,,
2026-04-20 12:34,4.45778,-69.29229,VIIRS-NOAA-21,62.9,Nominal,D,,,
2026-04-20 12:34,4.46311,-69.28831,VIIRS-NOAA-21,93.9,Alta,D,,,
2026-04-20 12:34,4.46466,-69.27889,VIIRS-NOAA-21,65.6,Nominal,D,,,
2026-04-20 12:34,4.46389,-69.28362,VIIRS-NOAA-21,76.6,Nominal,D,,,
2026-04-20 12:34,4.46234,-69.29301,VIIRS-NOAA-21,59.1,Nominal,D,,,
2026-04-20 12:34,4.47,-69.27489,VIIRS-NOAA-21,78.1,Nominal,D,,,
2026-04-20 12:34,4.46691,-69.29369,VIIRS-NOAA-21,68.6,Nominal,D,,,
2026-04-20 12:34,4.47302,-69.28501,VIIRS-NOAA-21,68.2,Nominal,D,,,
2026-04-20 12:34,4.47225,-69.28971,VIIRS-NOAA-21,59.6,Nominal,D,,,
2026-04-20 12:34,4.47834,-69.28103,VIIRS-NOAA-21,93.9,Alta,D,,,
2026-04-20 12:34,4.47758,-69.28572,VIIRS-NOAA-21,74.1,Nominal,D,,,
2026-04-20 12:34,4.47681,-69.29041,VIIRS-NOAA-21,64.9,Nominal,D,,,
2026-04-20 12:34,4.79215,-68.52272,VIIRS-NOAA-21,61.6,Nominal,D,,,
2026-04-20 12:34,4.59902,-70.10705,VIIRS-NOAA-21,76.5,Nominal,D,,,
2026-04-20 12:34,4.59816,-70.11235,VIIRS-NOAA-21,77.5,Nominal,D,,,
2026-04-20 12:34,4.60298,-70.11311,VIIRS-NOAA-21,72.2,Nominal,D,,,
2026-04-20 12:34,4.59815,-70.10839,VIIRS-NOAA-21,70.2,Nominal,D,,,
2026-04-20 12:34,4.59725,-70.11366,VIIRS-NOAA-21,74.0,Nominal,D,,,
2026-04-20 12:34,4.60208,-70.11442,VIIRS-NOAA-21,74.1,Nominal,D,,,
2026-04-20 12:34,4.96086,-68.20793,VIIRS-NOAA-21,66.4,Nominal,D,,,
2026-04-20 12:34,4.72189,-69.83636,VIIRS-NOAA-21,60.9,Nominal,D,,,
2026-04-20 12:34,4.72661,-69.83711,VIIRS-NOAA-21,66.0,Nominal,D,,,
2026-04-20 12:34,4.87513,-69.39109,VIIRS-NOAA-21,66.2,Nominal,D,,,
2026-04-20 12:34,4.96737,-69.54511,VIIRS-NOAA-21,62.1,Nominal,D,,,
2026-04-20 12:34,4.97198,-69.5458,VIIRS-NOAA-21,70.4,Nominal,D,,,
2026-04-20 12:34,4.88756,-70.52534,VIIRS-NOAA-21,61.2,Nominal,D,,,
2026-04-20 12:34,5.44628,-67.74342,VIIRS-NOAA-21,61.0,Nominal,D,,,
2026-04-20 12:34,5.44974,-67.74761,VIIRS-NOAA-21,93.9,Alta,D,,,
2026-04-20 12:34,5.4532,-67.75181,VIIRS-NOAA-21,81.1,Nominal,D,,,
2026-04-20 12:34,5.59716,-67.94653,VIIRS-NOAA-21,77.4,Nominal,D,,,
2026-04-20 12:34,5.60183,-67.9435,VIIRS-NOAA-21,70.5,Nominal,D,,,
2026-04-20 12:34,5.60125,-67.94717,VIIRS-NOAA-21,68.7,Nominal,D,,,
2026-04-20 12:34,5.60592,-67.94413,VIIRS-NOAA-21,57.9,Nominal,D,,,
2026-04-20 12:34,5.6015,-67.94302,VIIRS-NOAA-21,63.0,Nominal,D,,,
2026-04-20 12:34,5.60089,-67.94667,VIIRS-NOAA-21,81.7,Nominal,D,,,
2026-04-20 12:34,5.60559,-67.94365,VIIRS-NOAA-21,60.6,Nominal,D,,,
2026-04-20 12:34,5.28605,-70.2944,VIIRS-NOAA-21,63.3,Nominal,D,,,
2026-04-20 12:34,5.28222,-70.43735,VIIRS-NOAA-21,76.6,Nominal,D,,,
2026-04-20 12:34,5.30925,-70.42497,VIIRS-NOAA-21,62.4,Nominal,D,,,
2026-04-20 12:34,5.28582,-70.43562,VIIRS-NOAA-21,73.0,Nominal,D,,,
2026-04-20 12:34,5.29163,-70.43098,VIIRS-NOAA-21,57.9,Nominal,D,,,
2026-04-20 12:34,5.2965,-70.43175,VIIRS-NOAA-21,57.7,Nominal,D,,,
2026-04-20 12:34,5.30717,-70.42788,VIIRS-NOAA-21,68.5,Nominal,D,,,
2026-04-20 12:34,5.31203,-70.42865,VIIRS-NOAA-21,57.9,Nominal,D,,,
2026-04-20 12:34,5.55289,-69.73625,VIIRS-NOAA-21,57.5,Nominal,D,,,
2026-04-20 12:34,5.51864,-70.08186,VIIRS-NOAA-21,68.0,Nominal,D,,,
2026-04-20 12:34,5.52422,-70.07754,VIIRS-NOAA-21,67.0,Nominal,D,,,
2026-04-20 12:34,5.53389,-70.19516,VIIRS-NOAA-21,69.1,Nominal,D,,,
2026-04-20 12:34,5.4486,-70.76913,VIIRS-NOAA-21,70.2,Nominal,D,,,
2026-04-20 12:34,5.82229,-68.83319,VIIRS-NOAA-21,67.6,Nominal,D,,,
2026-04-20 12:34,5.82159,-68.83736,VIIRS-NOAA-21,69.3,Nominal,D,,,
2026-04-20 12:34,5.69844,-70.24284,VIIRS-NOAA-21,69.7,Nominal,D,,,
2026-04-20 12:34,5.70322,-70.24361,VIIRS-NOAA-21,73.4,Nominal,D,,,
2026-04-20 12:34,5.70234,-70.24881,VIIRS-NOAA-21,59.5,Nominal,D,,,
2026-04-20 12:34,5.83872,-69.52184,VIIRS-NOAA-21,70.8,Nominal,D,,,
2026-04-20 12:34,5.82203,-69.7067,VIIRS-NOAA-21,58.4,Nominal,D,,,
2026-04-20 12:34,5.65532,-70.76575,VIIRS-NOAA-21,57.4,Nominal,D,,,
2026-04-20 12:34,5.66027,-70.76655,VIIRS-NOAA-21,57.8,Nominal,D,,,
2026-04-20 12:34,5.6598,-70.76936,VIIRS-NOAA-21,60.9,Nominal,D,,,
2026-04-20 12:34,6.18978,-68.15672,VIIRS-NOAA-21,59.0,Nominal,D,,,
2026-04-20 12:34,6.09948,-69.53728,VIIRS-NOAA-21,57.2,Nominal,D,,,
2026-04-20 12:34,6.097,-69.536,VIIRS-NOAA-21,64.9,Nominal,D,,,
2026-04-20 12:34,6.04242,-70.79689,VIIRS-NOAA-21,63.9,Nominal,D,,,
2026-04-20 12:34,6.48628,-70.91267,VIIRS-NOAA-21,74.3,Nominal,D,,,
2026-04-20 12:34,6.41048,-73.05898,VIIRS-NOAA-21,53.5,Nominal,D,,,
2026-04-20 12:34,6.36506,-75.84795,VIIRS-NOAA-21,61.3,Nominal,D,,,
2026-04-20 12:34,7.06307,-75.79598,VIIRS-NOAA-21,56.7,Nominal,D,,,
2026-04-20 12:34,7.06715,-75.794,VIIRS-NOAA-21,55.4,Nominal,D,,,
2026-04-20 12:34,7.75561,-73.77634,VIIRS-NOAA-21,65.8,Nominal,D,,,
2026-04-20 12:34,7.75509,-73.7776,VIIRS-NOAA-21,59.7,Nominal,D,,,
2026-04-20 12:34,7.76518,-73.91945,VIIRS-NOAA-21,55.7,Nominal,D,,,
2026-04-20 12:37,9.16885,-74.70054,VIIRS-NOAA-21,60.3,Nominal,D,,,
2026-04-20 12:37,9.47058,-74.39429,VIIRS-NOAA-21,57.0,Nominal,D,,,
2026-04-20 12:37,9.46856,-74.39613,VIIRS-NOAA-21,60.6,Nominal,D,,,
2026-04-20 12:37,9.31881,-75.71157,VIIRS-NOAA-21,59.5,Nominal,D,,,
2026-04-20 12:37,9.9706,-74.34801,VIIRS-NOAA-21,65.1,Nominal,D,,,
2026-04-20 12:37,10.04441,-74.72349,VIIRS-NOAA-21,61.1,Nominal,D,,,
2026-04-20 12:37,10.13406,-75.15652,VIIRS-NOAA-21,62.1,Nominal,D,,,
2026-04-20 13:04,1.51383,-73.92366,VIIRS-Suomi-NPP,52.3,Nominal,D,,,
2026-04-20 13:04,1.54272,-73.95969,VIIRS-Suomi-NPP,53.1,Nominal,D,,,
2026-04-20 13:06,6.17785,-70.32101,VIIRS-Suomi-NPP,67.3,Nominal,D,,,
2026-04-20 13:06,6.17633,-70.32006,VIIRS-Suomi-NPP,73.9,Nominal,D,,,
2026-04-20 13:06,5.77545,-72.87995,VIIRS-Suomi-NPP,70.3,Nominal,D,,,
2026-04-20 13:06,6.51054,-75.6862,VIIRS-Suomi-NPP,66.3,Nominal,D,,,
2026-04-20 13:06,6.50622,-75.6851,VIIRS-Suomi-NPP,58.1,Nominal,D,,,
2026-04-20 13:06,6.36565,-75.84785,VIIRS-Suomi-NPP,63.2,Nominal,D,,,
2026-04-20 13:06,6.36647,-75.84307,VIIRS-Suomi-NPP,75.2,Nominal,D,,,
2026-04-20 13:06,6.36126,-75.8468,VIIRS-Suomi-NPP,64.8,Nominal,D,,,
2026-04-20 13:06,6.36363,-75.84469,VIIRS-Suomi-NPP,93.9,Alta,D,,,
2026-04-20 13:06,6.26156,-75.85372,VIIRS-Suomi-NPP,66.4,Nominal,D,,,
2026-04-20 13:06,6.26296,-75.8548,VIIRS-Suomi-NPP,70.5,Nominal,D,,,
2026-04-20 13:06,4.12599,-74.99319,VIIRS-Suomi-NPP,56.3,Nominal,D,,,
2026-04-20 13:06,4.97343,-69.54459,VIIRS-Suomi-NPP,62.1,Nominal,D,,,
2026-04-20 13:06,4.13593,-74.84758,VIIRS-Suomi-NPP,53.5,Baja,D,,,
2026-04-20 13:06,4.85282,-69.20261,VIIRS-Suomi-NPP,70.4,Nominal,D,,,
2026-04-20 13:06,4.72588,-69.83736,VIIRS-Suomi-NPP,68.8,Nominal,D,,,
2026-04-20 13:06,4.79903,-69.20417,VIIRS-Suomi-NPP,76.8,Nominal,D,,,
2026-04-20 13:06,4.59522,-70.10609,VIIRS-Suomi-NPP,61.5,Nominal,D,,,
2026-04-20 13:06,4.59076,-70.11267,VIIRS-Suomi-NPP,72.9,Nominal,D,,,
2026-04-20 13:06,4.59131,-70.10912,VIIRS-Suomi-NPP,72.9,Nominal,D,,,
2026-04-20 13:06,4.65671,-69.44776,VIIRS-Suomi-NPP,58.8,Nominal,D,,,
2026-04-20 13:06,4.65724,-69.44429,VIIRS-Suomi-NPP,61.8,Nominal,D,,,
2026-04-20 13:06,4.79132,-68.52199,VIIRS-Suomi-NPP,58.8,Nominal,D,,,
2026-04-20 13:06,4.57911,-69.20515,VIIRS-Suomi-NPP,63.8,Nominal,D,,,
2026-04-20 13:06,4.47835,-69.28835,VIIRS-Suomi-NPP,65.4,Nominal,D,,,
2026-04-20 13:06,4.47888,-69.28489,VIIRS-Suomi-NPP,59.6,Nominal,D,,,
2026-04-20 13:06,4.47994,-69.27796,VIIRS-Suomi-NPP,57.1,Nominal,D,,,
2026-04-20 13:06,4.47449,-69.29131,VIIRS-Suomi-NPP,65.6,Nominal,D,,,
2026-04-20 13:06,4.47502,-69.28785,VIIRS-Suomi-NPP,75.5,Nominal,D,,,
2026-04-20 13:06,4.47117,-69.29081,VIIRS-Suomi-NPP,80.5,Nominal,D,,,
2026-04-20 13:06,4.46731,-69.29376,VIIRS-Suomi-NPP,61.6,Nominal,D,,,
2026-04-20 13:06,4.47049,-69.27298,VIIRS-Suomi-NPP,73.3,Nominal,D,,,
2026-04-20 13:06,4.46398,-69.29326,VIIRS-Suomi-NPP,66.9,Nominal,D,,,
2026-04-20 13:06,4.46717,-69.27248,VIIRS-Suomi-NPP,62.5,Nominal,D,,,
2026-04-20 13:06,4.46278,-69.27889,VIIRS-Suomi-NPP,58.7,Nominal,D,,,
2026-04-20 13:06,3.44062,-75.7654,VIIRS-Suomi-NPP,66.0,Nominal,D,,,
2026-04-20 13:06,3.33247,-76.31304,VIIRS-Suomi-NPP,54.2,Nominal,D,,,
2026-04-20 13:06,4.43512,-69.28178,VIIRS-Suomi-NPP,61.0,Nominal,D,,,
2026-04-20 13:06,4.43565,-69.27831,VIIRS-Suomi-NPP,63.5,Nominal,D,,,
2026-04-20 13:06,4.22542,-70.25597,VIIRS-Suomi-NPP,76.8,Nominal,D,,,
2026-04-20 13:06,3.42423,-75.11373,VIIRS-Suomi-NPP,51.9,Nominal,D,,,
2026-04-20 13:06,4.06745,-70.73522,VIIRS-Suomi-NPP,64.1,Nominal,D,,,
2026-04-20 13:06,3.8405,-72.12054,VIIRS-Suomi-NPP,70.0,Nominal,D,,,
2026-04-20 13:06,3.84053,-72.12151,VIIRS-Suomi-NPP,72.9,Nominal,D,,,
2026-04-20 13:06,3.68213,-72.22919,VIIRS-Suomi-NPP,81.2,Nominal,D,,,
2026-04-20 13:06,3.77031,-71.3158,VIIRS-Suomi-NPP,65.3,Nominal,D,,,
2026-04-20 13:06,3.69139,-71.19688,VIIRS-Suomi-NPP,67.4,Nominal,D,,,
2026-04-20 13:06,3.68788,-71.19636,VIIRS-Suomi-NPP,63.2,Nominal,D,,,
2026-04-20 13:06,3.68438,-71.19582,VIIRS-Suomi-NPP,65.7,Nominal,D,,,
2026-04-20 13:06,3.9593,-68.37012,VIIRS-Suomi-NPP,57.7,Nominal,D,,,
2026-04-20 13:06,3.98176,-68.02058,VIIRS-Suomi-NPP,59.3,Nominal,D,,,
2026-04-20 13:06,2.70694,-75.35204,VIIRS-Suomi-NPP,58.2,Nominal,D,,,
2026-04-20 13:06,2.69257,-75.38271,VIIRS-Suomi-NPP,67.6,Nominal,D,,,
2026-04-20 13:06,2.69405,-75.37362,VIIRS-Suomi-NPP,60.0,Nominal,D,,,
2026-04-20 13:06,2.68798,-75.38203,VIIRS-Suomi-NPP,54.1,Nominal,D,,,
2026-04-20 13:06,3.06758,-71.79734,VIIRS-Suomi-NPP,69.9,Nominal,D,,,
2026-04-20 13:06,3.06395,-71.79678,VIIRS-Suomi-NPP,62.3,Nominal,D,,,
2026-04-20 13:06,3.06032,-71.79623,VIIRS-Suomi-NPP,76.7,Nominal,D,,,
2026-04-20 13:06,3.05334,-71.67632,VIIRS-Suomi-NPP,61.3,Baja,D,,,
2026-04-20 13:06,3.04417,-71.68759,VIIRS-Suomi-NPP,57.7,Nominal,D,,,
2026-04-20 13:06,3.04656,-71.6887,VIIRS-Suomi-NPP,61.5,Nominal,D,,,
2026-04-20 13:06,3.00013,-71.63099,VIIRS-Suomi-NPP,57.8,Nominal,D,,,
2026-04-20 13:06,3.00076,-71.62689,VIIRS-Suomi-NPP,60.5,Nominal,D,,,
2026-04-20 13:06,2.87768,-72.03893,VIIRS-Suomi-NPP,61.0,Nominal,D,,,
2026-04-20 13:06,2.71167,-72.1433,VIIRS-Suomi-NPP,57.4,Nominal,D,,,
2026-04-20 13:06,2.71236,-72.13892,VIIRS-Suomi-NPP,76.0,Nominal,D,,,
2026-04-20 13:06,2.52011,-72.20715,VIIRS-Suomi-NPP,56.9,Nominal,D,,,
2026-04-20 13:06,2.05374,-74.58896,VIIRS-Suomi-NPP,66.5,Nominal,D,,,
2026-04-20 13:06,2.05387,-74.58957,VIIRS-Suomi-NPP,69.8,Nominal,D,,,
2026-04-20 13:06,6.03765,-70.79276,VIIRS-Suomi-NPP,64.2,Baja,D,,,
2026-04-20 13:06,6.00498,-70.66167,VIIRS-Suomi-NPP,68.0,Nominal,D,,,
2026-04-20 13:06,6.09655,-69.53463,VIIRS-Suomi-NPP,74.0,Nominal,D,,,
2026-04-20 13:06,5.89275,-70.5775,VIIRS-Suomi-NPP,63.6,Baja,D,,,
2026-04-20 13:06,5.89049,-70.56981,VIIRS-Suomi-NPP,71.2,Nominal,D,,,
2026-04-20 13:06,5.82643,-70.60399,VIIRS-Suomi-NPP,64.1,Nominal,D,,,
2026-04-20 13:06,5.82699,-70.6004,VIIRS-Suomi-NPP,60.6,Baja,D,,,
2026-04-20 13:06,5.82361,-70.59988,VIIRS-Suomi-NPP,65.6,Baja,D,,,
2026-04-20 13:06,5.82417,-70.59629,VIIRS-Suomi-NPP,57.2,Baja,D,,,
2026-04-20 13:06,5.8411,-70.34347,VIIRS-Suomi-NPP,58.3,Nominal,D,,,
2026-04-20 13:06,6.24272,-67.595,VIIRS-Suomi-NPP,58.4,Baja,D,,,
2026-04-20 13:06,5.82055,-69.70757,VIIRS-Suomi-NPP,78.7,Nominal,D,,,
2026-04-20 13:06,5.83877,-69.52194,VIIRS-Suomi-NPP,71.8,Nominal,D,,,
2026-04-20 13:06,5.83545,-69.52144,VIIRS-Suomi-NPP,59.0,Nominal,D,,,
2026-04-20 13:06,5.65853,-70.60352,VIIRS-Suomi-NPP,61.4,Nominal,D,,,
2026-04-20 13:06,5.71532,-70.23632,VIIRS-Suomi-NPP,59.9,Baja,D,,,
2026-04-20 13:06,5.63328,-70.74391,VIIRS-Suomi-NPP,61.5,Baja,D,,,
2026-04-20 13:06,5.70971,-70.22822,VIIRS-Suomi-NPP,69.8,Nominal,D,,,
2026-04-20 13:06,5.64951,-70.59474,VIIRS-Suomi-NPP,59.8,Nominal,D,,,
2026-04-20 13:06,5.70363,-70.24538,VIIRS-Suomi-NPP,74.0,Baja,D,,,
2026-04-20 13:06,5.70581,-70.23124,VIIRS-Suomi-NPP,93.9,Alta,D,,,
2026-04-20 13:06,5.70246,-70.23071,VIIRS-Suomi-NPP,73.1,Nominal,D,,,
2026-04-20 13:06,4.95792,-74.85527,VIIRS-Suomi-NPP,55.0,Nominal,D,,,
2026-04-20 13:06,5.82519,-68.83443,VIIRS-Suomi-NPP,62.3,Nominal,D,,,
2026-04-20 13:06,5.82572,-68.83095,VIIRS-Suomi-NPP,59.6,Nominal,D,,,
2026-04-20 13:06,5.82186,-68.83392,VIIRS-Suomi-NPP,78.4,Nominal,D,,,
2026-04-20 13:06,5.55683,-70.36023,VIIRS-Suomi-NPP,75.9,Nominal,D,,,
2026-04-20 13:06,5.53319,-70.19251,VIIRS-Suomi-NPP,63.6,Baja,D,,,
2026-04-20 13:06,5.53373,-70.18899,VIIRS-Suomi-NPP,62.7,Baja,D,,,
2026-04-20 13:06,5.52929,-70.19553,VIIRS-Suomi-NPP,57.1,Baja,D,,,
2026-04-20 13:06,5.52323,-70.0791,VIIRS-Suomi-NPP,66.5,Nominal,D,,,
2026-04-20 13:06,5.51934,-70.0821,VIIRS-Suomi-NPP,73.9,Nominal,D,,,
2026-04-20 13:06,5.51988,-70.07859,VIIRS-Suomi-NPP,74.6,Nominal,D,,,
2026-04-20 13:06,5.516,-70.08159,VIIRS-Suomi-NPP,74.5,Nominal,D,,,
2026-04-20 13:06,4.74672,-74.90777,VIIRS-Suomi-NPP,70.5,Nominal,D,,,
2026-04-20 13:06,5.55214,-69.73613,VIIRS-Suomi-NPP,57.7,Baja,D,,,
2026-04-20 13:06,5.31273,-70.42741,VIIRS-Suomi-NPP,80.5,Nominal,D,,,
2026-04-20 13:06,5.30936,-70.4269,VIIRS-Suomi-NPP,75.2,Nominal,D,,,
2026-04-20 13:06,5.30599,-70.42638,VIIRS-Suomi-NPP,74.8,Nominal,D,,,
2026-04-20 13:06,5.30206,-70.42944,VIIRS-Suomi-NPP,57.7,Baja,D,,,
2026-04-20 13:06,5.29869,-70.42892,VIIRS-Suomi-NPP,64.2,Baja,D,,,
2026-04-20 13:06,5.29531,-70.4284,VIIRS-Suomi-NPP,64.6,Baja,D,,,
2026-04-20 13:06,5.29389,-70.43172,VIIRS-Suomi-NPP,60.6,Baja,D,,,
2026-04-20 13:06,5.29444,-70.42814,VIIRS-Suomi-NPP,63.4,Baja,D,,,
2026-04-20 13:06,5.29052,-70.4312,VIIRS-Suomi-NPP,71.9,Nominal,D,,,
2026-04-20 13:06,5.28549,-70.44142,VIIRS-Suomi-NPP,57.9,Baja,D,,,
2026-04-20 13:06,5.28604,-70.43784,VIIRS-Suomi-NPP,77.4,Nominal,D,,,
2026-04-20 13:06,5.28659,-70.43426,VIIRS-Suomi-NPP,64.4,Nominal,D,,,
2026-04-20 13:06,5.28715,-70.43068,VIIRS-Suomi-NPP,60.0,Baja,D,,,
2026-04-20 13:06,5.28212,-70.4409,VIIRS-Suomi-NPP,69.8,Nominal,D,,,
2026-04-20 13:06,5.28267,-70.43732,VIIRS-Suomi-NPP,67.4,Nominal,D,,,
2026-04-20 13:06,5.28322,-70.43374,VIIRS-Suomi-NPP,63.5,Nominal,D,,,
2026-04-20 13:06,5.27875,-70.44038,VIIRS-Suomi-NPP,57.8,Baja,D,,,
2026-04-20 13:06,5.2793,-70.4368,VIIRS-Suomi-NPP,83.0,Nominal,D,,,
2026-04-20 13:06,5.28727,-70.29552,VIIRS-Suomi-NPP,63.6,Baja,D,,,
2026-04-20 13:06,5.60126,-67.94615,VIIRS-Suomi-NPP,69.8,Nominal,D,,,
2026-04-20 13:06,5.59735,-67.94922,VIIRS-Suomi-NPP,66.6,Nominal,D,,,
2026-04-20 13:06,5.59115,-67.94464,VIIRS-Suomi-NPP,60.5,Nominal,D,,,
2026-04-20 13:06,5.23121,-70.27963,VIIRS-Suomi-NPP,61.8,Nominal,D,,,
2026-04-20 13:06,5.58777,-67.94413,VIIRS-Suomi-NPP,74.0,Nominal,D,,,
2026-04-20 13:06,5.14792,-70.79089,VIIRS-Suomi-NPP,59.9,Baja,D,,,
2026-04-20 13:06,5.14336,-70.79768,VIIRS-Suomi-NPP,63.8,Baja,D,,,
2026-04-20 13:06,4.38075,-75.36149,VIIRS-Suomi-NPP,56.8,Nominal,D,,,
2026-04-20 13:06,5.08027,-70.1679,VIIRS-Suomi-NPP,78.0,Nominal,D,,,
2026-04-20 13:06,5.07692,-70.16739,VIIRS-Suomi-NPP,62.0,Baja,D,,,
2026-04-20 13:06,5.07746,-70.16384,VIIRS-Suomi-NPP,60.0,Baja,D,,,
2026-04-20 13:06,4.70885,-72.38309,VIIRS-Suomi-NPP,70.9,Nominal,D,,,
2026-04-20 13:06,4.99347,-70.52783,VIIRS-Suomi-NPP,63.2,Baja,D,,,
2026-04-20 13:06,4.99403,-70.52422,VIIRS-Suomi-NPP,61.2,Baja,D,,,
2026-04-20 13:06,4.99064,-70.5237,VIIRS-Suomi-NPP,60.4,Baja,D,,,
2026-04-20 13:06,4.98387,-70.52265,VIIRS-Suomi-NPP,72.9,Nominal,D,,,
2026-04-20 13:06,4.9006,-70.51677,VIIRS-Suomi-NPP,62.5,Baja,D,,,
2026-04-20 13:06,4.14325,-74.91822,VIIRS-Suomi-NPP,54.7,Nominal,D,,,
2026-04-20 13:06,4.97285,-69.76212,VIIRS-Suomi-NPP,93.9,Alta,D,,,
2026-04-20 13:06,4.96618,-69.7611,VIIRS-Suomi-NPP,72.2,Nominal,D,,,
2026-04-20 13:06,4.96672,-69.75761,VIIRS-Suomi-NPP,76.1,Nominal,D,,,
2026-04-20 13:06,4.9729,-69.54805,VIIRS-Suomi-NPP,63.1,Nominal,D,,,
2026-04-20 13:06,7.97762,-75.2167,VIIRS-Suomi-NPP,64.7,Nominal,D,,,
2026-04-20 13:06,7.23336,-76.64201,VIIRS-Suomi-NPP,54.1,Nominal,D,,,
2026-04-20 13:06,7.63486,-74.08159,VIIRS-Suomi-NPP,57.1,Nominal,D,,,
2026-04-20 13:06,7.63432,-74.07956,VIIRS-Suomi-NPP,56.6,Nominal,D,,,
2026-04-20 13:06,7.48136,-74.08735,VIIRS-Suomi-NPP,67.6,Nominal,D,,,
2026-04-20 13:06,7.47923,-74.02733,VIIRS-Suomi-NPP,63.0,Nominal,D,,,
2026-04-20 13:06,7.06719,-76.43575,VIIRS-Suomi-NPP,80.0,Nominal,D,,,
2026-04-20 13:06,7.92774,-74.98352,VIIRS-Suomi-NPP,75.6,Nominal,D,,,
2026-04-20 13:06,7.91547,-74.98151,VIIRS-Suomi-NPP,68.8,Nominal,D,,,
2026-04-20 13:06,7.91216,-74.98129,VIIRS-Suomi-NPP,82.7,Nominal,D,,,
2026-04-20 13:06,7.78169,-75.56226,VIIRS-Suomi-NPP,63.0,Nominal,D,,,
2026-04-20 13:06,8.04102,-73.99442,VIIRS-Suomi-NPP,59.1,Nominal,D,,,
2026-04-20 13:06,7.9844,-73.90887,VIIRS-Suomi-NPP,58.8,Nominal,D,,,
2026-04-20 13:06,7.98518,-73.90421,VIIRS-Suomi-NPP,60.4,Nominal,D,,,
2026-04-20 13:06,7.98673,-73.90618,VIIRS-Suomi-NPP,72.4,Nominal,D,,,
2026-04-20 13:06,7.98043,-73.75172,VIIRS-Suomi-NPP,62.6,Nominal,D,,,
2026-04-20 13:06,7.62263,-75.89505,VIIRS-Suomi-NPP,65.4,Nominal,D,,,
2026-04-20 13:06,7.80237,-74.71503,VIIRS-Suomi-NPP,67.3,Nominal,D,,,
2026-04-20 13:06,7.89346,-73.9006,VIIRS-Suomi-NPP,58.1,Nominal,D,,,
2026-04-20 13:06,7.67828,-75.12784,VIIRS-Suomi-NPP,69.3,Nominal,D,,,
2026-04-20 13:06,7.90342,-73.77412,VIIRS-Suomi-NPP,64.4,Nominal,D,,,
2026-04-20 13:06,7.67646,-75.12724,VIIRS-Suomi-NPP,67.5,Nominal,D,,,
2026-04-20 13:06,7.63215,-75.03562,VIIRS-Suomi-NPP,66.7,Nominal,D,,,
2026-04-20 13:06,7.78772,-73.83666,VIIRS-Suomi-NPP,61.1,Nominal,D,,,
2026-04-20 13:06,7.79327,-73.77991,VIIRS-Suomi-NPP,60.2,Nominal,D,,,
2026-04-20 13:06,7.76587,-73.92037,VIIRS-Suomi-NPP,68.8,Nominal,D,,,
2026-04-20 13:06,7.78538,-73.83797,VIIRS-Suomi-NPP,70.5,Nominal,D,,,
2026-04-20 13:06,7.79438,-73.7817,VIIRS-Suomi-NPP,62.3,Nominal,D,,,
2026-04-20 13:06,7.76407,-73.92188,VIIRS-Suomi-NPP,62.0,Nominal,D,,,
2026-04-20 13:06,7.0421,-75.68044,VIIRS-Suomi-NPP,54.0,Baja,D,,,
2026-04-20 13:06,7.10685,-74.44224,VIIRS-Suomi-NPP,56.9,Nominal,D,,,
2026-04-20 13:06,6.85143,-73.87391,VIIRS-Suomi-NPP,64.8,Nominal,D,,,
2026-04-20 13:06,6.50573,-75.68893,VIIRS-Suomi-NPP,60.9,Nominal,D,,,
2026-04-20 13:06,7.89712,-75.46803,VIIRS-Suomi-NPP,69.1,Nominal,D,,,
2026-04-20 13:06,7.97817,-74.95822,VIIRS-Suomi-NPP,63.9,Nominal,D,,,
2026-04-20 13:06,7.84548,-75.7224,VIIRS-Suomi-NPP,73.8,Nominal,D,,,
2026-04-20 13:06,7.64865,-76.7096,VIIRS-Suomi-NPP,54.5,Nominal,D,,,
2026-04-20 13:06,7.85914,-75.46149,VIIRS-Suomi-NPP,66.4,Nominal,D,,,
2026-04-20 13:06,7.06741,-75.79756,VIIRS-Suomi-NPP,64.0,Nominal,D,,,
2026-04-20 13:06,7.063,-75.797,VIIRS-Suomi-NPP,60.9,Nominal,D,,,
2026-04-20 13:06,6.49052,-70.909,VIIRS-Suomi-NPP,76.0,Baja,D,,,
2026-04-20 13:06,6.48657,-70.9121,VIIRS-Suomi-NPP,57.1,Baja,D,,,
2026-04-20 13:06,6.3441,-70.84127,VIIRS-Suomi-NPP,70.1,Nominal,D,,,
2026-04-20 13:06,6.4034,-69.82865,VIIRS-Suomi-NPP,64.4,Nominal,D,,,
2026-04-20 13:06,6.23754,-70.48996,VIIRS-Suomi-NPP,67.0,Nominal,D,,,
2026-04-20 13:06,6.27071,-69.98654,VIIRS-Suomi-NPP,58.1,Nominal,D,,,
2026-04-20 13:06,5.77713,-72.87915,VIIRS-Suomi-NPP,73.3,Nominal,D,,,
2026-04-20 13:09,8.07273,-75.55365,VIIRS-Suomi-NPP,57.5,Nominal,D,,,
2026-04-20 13:09,8.60754,-73.91112,VIIRS-Suomi-NPP,60.4,Nominal,D,,,
2026-04-20 13:09,8.21877,-76.28245,VIIRS-Suomi-NPP,58.4,Nominal,D,,,
2026-04-20 13:09,7.87481,-75.92076,VIIRS-Suomi-NPP,62.0,Nominal,D,,,
2026-04-20 13:09,7.83928,-76.28425,VIIRS-Suomi-NPP,66.6,Nominal,D,,,
2026-04-20 13:09,8.23738,-74.02058,VIIRS-Suomi-NPP,60.0,Nominal,D,,,
2026-04-20 13:09,8.042,-75.29792,VIIRS-Suomi-NPP,61.6,Nominal,D,,,
2026-04-20 13:09,7.98838,-75.91686,VIIRS-Suomi-NPP,60.8,Nominal,D,,,
2026-04-20 13:09,8.21165,-74.73158,VIIRS-Suomi-NPP,72.1,Nominal,D,,,
2026-04-20 13:09,8.20636,-74.76305,VIIRS-Suomi-NPP,71.3,Nominal,D,,,
2026-04-20 13:09,8.20979,-74.76723,VIIRS-Suomi-NPP,93.9,Alta,D,,,
2026-04-20 13:09,8.24313,-74.61684,VIIRS-Suomi-NPP,61.4,Nominal,D,,,
2026-04-20 13:09,8.2471,-74.6175,VIIRS-Suomi-NPP,73.5,Nominal,D,,,
2026-04-20 13:09,8.05564,-75.96859,VIIRS-Suomi-NPP,66.5,Nominal,D,,,
2026-04-20 13:09,8.05491,-75.97295,VIIRS-Suomi-NPP,65.5,Nominal,D,,,
2026-04-20 13:09,8.07574,-75.92859,VIIRS-Suomi-NPP,69.7,Nominal,D,,,
2026-04-20 13:09,8.07633,-75.92821,VIIRS-Suomi-NPP,69.2,Nominal,D,,,
2026-04-20 13:09,8.058,-76.26861,VIIRS-Suomi-NPP,66.4,Nominal,D,,,
2026-04-20 13:09,8.0666,-76.32523,VIIRS-Suomi-NPP,83.1,Nominal,D,,,
2026-04-20 13:09,8.37594,-74.51578,VIIRS-Suomi-NPP,58.7,Nominal,D,,,
2026-04-20 13:09,8.07107,-76.32592,VIIRS-Suomi-NPP,65.0,Nominal,D,,,
2026-04-20 13:09,8.38074,-74.51127,VIIRS-Suomi-NPP,60.5,Nominal,D,,,
2026-04-20 13:09,8.47199,-73.98141,VIIRS-Suomi-NPP,65.9,Nominal,D,,,
2026-04-20 13:09,8.12121,-76.08491,VIIRS-Suomi-NPP,68.4,Nominal,D,,,
2026-04-20 13:09,8.48569,-73.96936,VIIRS-Suomi-NPP,65.7,Nominal,D,,,
2026-04-20 13:09,8.09723,-76.30688,VIIRS-Suomi-NPP,66.9,Nominal,D,,,
2026-04-20 13:09,8.29485,-75.44314,VIIRS-Suomi-NPP,57.3,Nominal,D,,,
2026-04-20 13:09,8.82326,-74.45199,VIIRS-Suomi-NPP,60.1,Nominal,D,,,
2026-04-20 13:09,8.8597,-74.3521,VIIRS-Suomi-NPP,78.6,Nominal,D,,,
2026-04-20 13:09,8.66092,-75.551,VIIRS-Suomi-NPP,70.1,Nominal,D,,,
2026-04-20 13:09,8.89456,-74.35793,VIIRS-Suomi-NPP,68.6,Nominal,D,,,
2026-04-20 13:09,8.60536,-76.30811,VIIRS-Suomi-NPP,69.6,Nominal,D,,,
2026-04-20 13:09,9.01269,-74.00907,VIIRS-Suomi-NPP,58.3,Nominal,D,,,
2026-04-20 13:09,9.04153,-74.09538,VIIRS-Suomi-NPP,74.2,Nominal,D,,,
2026-04-20 13:09,8.98271,-74.38777,VIIRS-Suomi-NPP,57.5,Nominal,D,,,
2026-04-20 13:09,8.55453,-74.33357,VIIRS-Suomi-NPP,60.2,Nominal,D,,,
2026-04-20 13:09,8.09632,-77.08952,VIIRS-Suomi-NPP,68.4,Nominal,D,,,
2026-04-20 13:09,8.09711,-77.09142,VIIRS-Suomi-NPP,65.4,Nominal,D,,,
2026-04-20 13:09,8.74937,-73.89268,VIIRS-Suomi-NPP,58.9,Nominal,D,,,
2026-04-20 13:09,8.78338,-74.2319,VIIRS-Suomi-NPP,58.1,Nominal,D,,,
2026-04-20 13:09,8.79161,-74.32775,VIIRS-Suomi-NPP,69.6,Nominal,D,,,
2026-04-20 13:09,8.79244,-74.32589,VIIRS-Suomi-NPP,59.8,Nominal,D,,,
2026-04-20 13:09,8.79162,-74.33075,VIIRS-Suomi-NPP,59.7,Nominal,D,,,
2026-04-20 13:09,8.78479,-74.39491,VIIRS-Suomi-NPP,59.3,Nominal,D,,,
2026-04-20 13:09,8.59531,-75.63181,VIIRS-Suomi-NPP,68.0,Nominal,D,,,
2026-04-20 13:09,8.8632,-74.09161,VIIRS-Suomi-NPP,60.3,Nominal,D,,,
2026-04-20 13:09,8.77355,-74.70227,VIIRS-Suomi-NPP,66.7,Nominal,D,,,
2026-04-20 13:09,8.81936,-74.45132,VIIRS-Suomi-NPP,59.6,Nominal,D,,,
2026-04-20 13:09,9.04048,-74.09296,VIIRS-Suomi-NPP,75.0,Nominal,D,,,
2026-04-20 13:09,8.63691,-76.48334,VIIRS-Suomi-NPP,56.6,Nominal,D,,,
2026-04-20 13:09,9.00308,-74.52769,VIIRS-Suomi-NPP,62.1,Nominal,D,,,
2026-04-20 13:09,8.87155,-75.73981,VIIRS-Suomi-NPP,63.4,Nominal,D,,,
2026-04-20 13:09,9.08626,-74.46041,VIIRS-Suomi-NPP,60.8,Nominal,D,,,
2026-04-20 13:09,8.99738,-75.00408,VIIRS-Suomi-NPP,57.4,Nominal,D,,,
2026-04-20 13:09,8.9981,-75.00471,VIIRS-Suomi-NPP,58.9,Nominal,D,,,
2026-04-20 13:09,8.87116,-75.73943,VIIRS-Suomi-NPP,62.3,Nominal,D,,,
2026-04-20 13:09,9.13942,-74.24334,VIIRS-Suomi-NPP,65.6,Nominal,D,,,
2026-04-20 13:09,9.01423,-75.22858,VIIRS-Suomi-NPP,69.4,Nominal,D,,,
2026-04-20 13:09,9.14471,-74.4729,VIIRS-Suomi-NPP,58.2,Nominal,D,,,
2026-04-20 13:09,9.13528,-74.5781,VIIRS-Suomi-NPP,57.0,Nominal,D,,,
2026-04-20 13:09,9.1466,-74.63139,VIIRS-Suomi-NPP,65.8,Nominal,D,,,
2026-04-20 13:09,9.15052,-74.63206,VIIRS-Suomi-NPP,57.6,Nominal,D,,,
2026-04-20 13:09,9.12213,-74.87907,VIIRS-Suomi-NPP,62.8,Nominal,D,,,
2026-04-20 13:09,9.16457,-74.64475,VIIRS-Suomi-NPP,64.7,Nominal,D,,,
2026-04-20 13:09,9.16398,-74.64241,VIIRS-Suomi-NPP,66.2,Nominal,D,,,
2026-04-20 13:09,9.12391,-74.8768,VIIRS-Suomi-NPP,62.4,Nominal,D,,,
2026-04-20 13:09,9.17028,-74.70041,VIIRS-Suomi-NPP,72.7,Nominal,D,,,
2026-04-20 13:09,9.11666,-75.79751,VIIRS-Suomi-NPP,62.8,Nominal,D,,,
2026-04-20 13:09,9.3245,-74.62074,VIIRS-Suomi-NPP,63.7,Nominal,D,,,
2026-04-20 13:09,9.39956,-74.31249,VIIRS-Suomi-NPP,61.1,Nominal,D,,,
2026-04-20 13:09,9.41139,-74.4332,VIIRS-Suomi-NPP,75.1,Nominal,D,,,
2026-04-20 13:09,9.22441,-75.54877,VIIRS-Suomi-NPP,68.0,Nominal,D,,,
2026-04-20 13:09,9.3741,-74.70396,VIIRS-Suomi-NPP,58.7,Nominal,D,,,
2026-04-20 13:09,9.46992,-74.39635,VIIRS-Suomi-NPP,63.9,Nominal,D,,,
2026-04-20 13:09,9.28005,-75.52314,VIIRS-Suomi-NPP,68.5,Nominal,D,,,
2026-04-20 13:09,9.34754,-75.24898,VIIRS-Suomi-NPP,71.3,Nominal,D,,,
2026-04-20 13:09,9.29775,-75.72314,VIIRS-Suomi-NPP,64.9,Nominal,D,,,
2026-04-20 13:09,9.30195,-75.72385,VIIRS-Suomi-NPP,59.3,Nominal,D,,,
2026-04-20 13:09,9.51777,-74.66293,VIIRS-Suomi-NPP,58.4,Nominal,D,,,
2026-04-20 13:09,9.66166,-74.73662,VIIRS-Suomi-NPP,66.5,Nominal,D,,,
2026-04-20 13:09,9.70475,-74.8139,VIIRS-Suomi-NPP,66.2,Nominal,D,,,
2026-04-20 13:09,9.72816,-75.18935,VIIRS-Suomi-NPP,64.9,Nominal,D,,,
2026-04-20 13:09,9.72755,-75.19289,VIIRS-Suomi-NPP,59.5,Nominal,D,,,
2026-04-20 13:09,9.8409,-74.76678,VIIRS-Suomi-NPP,64.2,Nominal,D,,,
2026-04-20 13:09,10.04536,-73.71912,VIIRS-Suomi-NPP,61.2,Nominal,D,,,
2026-04-20 13:09,9.80251,-75.36481,VIIRS-Suomi-NPP,67.7,Nominal,D,,,
2026-04-20 13:09,9.80229,-75.36443,VIIRS-Suomi-NPP,70.6,Nominal,D,,,
2026-04-20 13:09,9.80637,-75.36503,VIIRS-Suomi-NPP,60.3,Nominal,D,,,
2026-04-20 13:09,9.79166,-75.44992,VIIRS-Suomi-NPP,65.4,Nominal,D,,,
2026-04-20 13:09,9.83347,-75.42682,VIIRS-Suomi-NPP,58.2,Nominal,D,,,
2026-04-20 13:09,9.88954,-75.58123,VIIRS-Suomi-NPP,60.7,Nominal,D,,,
2026-04-20 13:09,10.04442,-74.72482,VIIRS-Suomi-NPP,67.8,Nominal,D,,,
2026-04-20 13:09,10.02381,-74.98991,VIIRS-Suomi-NPP,60.5,Nominal,D,,,
2026-04-20 13:09,10.19705,-74.25622,VIIRS-Suomi-NPP,61.6,Nominal,D,,,
2026-04-20 13:09,10.14363,-75.38836,VIIRS-Suomi-NPP,77.4,Nominal,D,,,
2026-04-20 13:09,10.1511,-75.39336,VIIRS-Suomi-NPP,62.0,Nominal,D,,,
2026-04-20 13:09,10.66196,-75.37341,VIIRS-Suomi-NPP,68.7,Nominal,D,,,
2026-04-20 13:09,10.67483,-75.32088,VIIRS-Suomi-NPP,57.0,Nominal,D,,,
2026-04-20 13:09,10.66297,-75.37415,VIIRS-Suomi-NPP,67.5,Nominal,D,,,
2026-04-20 13:09,11.26319,-72.2046,VIIRS-Suomi-NPP,61.0,Baja,D,,,
2026-04-20 13:24,2.71083,-72.13893,VIIRS-NOAA-20,60.5,Nominal,D,,,
2026-04-20 13:24,2.26853,-74.05333,VIIRS-NOAA-20,58.2,Nominal,D,,,
2026-04-20 13:24,2.268,-74.05679,VIIRS-NOAA-20,61.1,Nominal,D,,,
2026-04-20 13:24,2.13107,-74.46562,VIIRS-NOAA-20,62.4,Nominal,D,,,
2026-04-20 13:24,2.22919,-73.66226,VIIRS-NOAA-20,61.7,Nominal,D,,,
2026-04-20 13:24,2.12568,-74.14375,VIIRS-NOAA-20,61.2,Nominal,D,,,
2026-04-20 13:24,1.81841,-74.33517,VIIRS-NOAA-20,57.5,Nominal,D,,,
2026-04-20 13:24,2.05427,-74.59014,VIIRS-NOAA-20,61.5,Nominal,D,,,
2026-04-20 13:24,-1.05742,-70.23533,VIIRS-NOAA-20,58.1,Nominal,D,,,
2026-04-20 13:24,1.47812,-74.22952,VIIRS-NOAA-20,57.1,Nominal,D,,,
2026-04-20 13:24,3.62879,-67.56065,VIIRS-NOAA-20,71.5,Nominal,D,,,
2026-04-20 13:24,1.48143,-74.23001,VIIRS-NOAA-20,65.2,Nominal,D,,,
2026-04-20 13:24,3.00069,-71.62937,VIIRS-NOAA-20,71.1,Nominal,D,,,
2026-04-20 13:24,1.51415,-74.19273,VIIRS-NOAA-20,64.5,Nominal,D,,,
2026-04-20 13:24,2.8782,-72.03723,VIIRS-NOAA-20,57.5,Nominal,D,,,
2026-04-20 13:24,1.50315,-74.33164,VIIRS-NOAA-20,68.7,Nominal,D,,,
2026-04-20 13:24,2.76076,-72.00013,VIIRS-NOAA-20,75.5,Nominal,D,,,
2026-04-20 13:24,1.63925,-74.37366,VIIRS-NOAA-20,56.4,Nominal,D,,,
2026-04-20 13:26,4.96268,-68.20306,VIIRS-NOAA-20,65.1,Nominal,D,,,
2026-04-20 13:26,4.95803,-68.20242,VIIRS-NOAA-20,67.3,Nominal,D,,,
2026-04-20 13:26,4.71908,-69.314,VIIRS-NOAA-20,64.3,Nominal,D,,,
2026-04-20 13:26,4.30262,-71.28324,VIIRS-NOAA-20,65.7,Nominal,D,,,
2026-04-20 13:26,4.59604,-69.23542,VIIRS-NOAA-20,61.8,Nominal,D,,,
2026-04-20 13:26,4.30538,-71.28485,VIIRS-NOAA-20,58.3,Nominal,D,,,
2026-04-20 13:26,4.30607,-71.28034,VIIRS-NOAA-20,74.2,Nominal,D,,,
2026-04-20 13:26,4.59368,-69.23518,VIIRS-NOAA-20,64.9,Nominal,D,,,
2026-04-20 13:26,4.48998,-69.87266,VIIRS-NOAA-20,77.5,Nominal,D,,,
2026-04-20 13:26,3.97987,-72.64086,VIIRS-NOAA-20,61.4,Nominal,D,,,
2026-04-20 13:26,4.46641,-69.2757,VIIRS-NOAA-20,57.8,Nominal,D,,,
2026-04-20 13:26,4.46701,-69.27171,VIIRS-NOAA-20,69.6,Nominal,D,,,
2026-04-20 13:26,4.46095,-69.28307,VIIRS-NOAA-20,78.7,Nominal,D,,,
2026-04-20 13:26,4.46154,-69.27908,VIIRS-NOAA-20,64.7,Nominal,D,,,
2026-04-20 13:26,4.46036,-69.28706,VIIRS-NOAA-20,93.9,Alta,D,,,
2026-04-20 13:26,4.43527,-69.27943,VIIRS-NOAA-20,72.1,Nominal,D,,,
2026-04-20 13:26,4.42186,-69.28149,VIIRS-NOAA-20,68.9,Nominal,D,,,
2026-04-20 13:26,4.41759,-69.28085,VIIRS-NOAA-20,71.4,Nominal,D,,,
2026-04-20 13:26,3.31768,-74.78596,VIIRS-NOAA-20,61.8,Nominal,D,,,
2026-04-20 13:26,3.39498,-72.25502,VIIRS-NOAA-20,66.4,Nominal,D,,,
2026-04-20 13:26,3.39468,-72.25481,VIIRS-NOAA-20,65.0,Nominal,D,,,
2026-04-20 13:26,3.27457,-72.50457,VIIRS-NOAA-20,60.9,Nominal,D,,,
2026-04-20 13:26,3.21354,-71.68047,VIIRS-NOAA-20,69.0,Nominal,D,,,
2026-04-20 13:26,3.06174,-71.79873,VIIRS-NOAA-20,71.5,Nominal,D,,,
2026-04-20 13:26,3.06235,-71.79461,VIIRS-NOAA-20,60.5,Nominal,D,,,
2026-04-20 13:26,3.05753,-71.80231,VIIRS-NOAA-20,63.0,Nominal,D,,,
2026-04-20 13:26,3.05876,-71.79408,VIIRS-NOAA-20,68.3,Nominal,D,,,
2026-04-20 13:26,3.05455,-71.79766,VIIRS-NOAA-20,81.0,Nominal,D,,,
2026-04-20 13:26,3.05068,-71.67428,VIIRS-NOAA-20,59.5,Nominal,D,,,
2026-04-20 13:26,3.05291,-71.67554,VIIRS-NOAA-20,59.1,Nominal,D,,,
2026-04-20 13:26,6.84444,-70.12085,VIIRS-NOAA-20,61.9,Nominal,D,,,
2026-04-20 13:26,6.84363,-70.11942,VIIRS-NOAA-20,61.3,Nominal,D,,,
2026-04-20 13:26,6.69157,-70.6231,VIIRS-NOAA-20,70.5,Nominal,D,,,
2026-04-20 13:26,6.69207,-70.61953,VIIRS-NOAA-20,63.4,Nominal,D,,,
2026-04-20 13:26,6.65197,-70.84537,VIIRS-NOAA-20,60.3,Nominal,D,,,
2026-04-20 13:26,5.85934,-75.92852,VIIRS-NOAA-20,59.0,Nominal,D,,,
2026-04-20 13:26,6.56862,-70.54998,VIIRS-NOAA-20,57.9,Nominal,D,,,
2026-04-20 13:26,6.48712,-70.91109,VIIRS-NOAA-20,67.2,Nominal,D,,,
2026-04-20 13:26,6.48786,-70.90599,VIIRS-NOAA-20,66.1,Nominal,D,,,
2026-04-20 13:26,6.48242,-70.91561,VIIRS-NOAA-20,64.4,Nominal,D,,,
2026-04-20 13:26,6.57497,-70.24825,VIIRS-NOAA-20,68.1,Nominal,D,,,
2026-04-20 13:26,6.39661,-70.98091,VIIRS-NOAA-20,57.5,Nominal,D,,,
2026-04-20 13:26,6.34051,-70.84111,VIIRS-NOAA-20,65.3,Nominal,D,,,
2026-04-20 13:26,10.23225,-75.11623,VIIRS-NOAA-20,58.9,Baja,D,,,
2026-04-20 13:26,10.31559,-74.55651,VIIRS-NOAA-20,60.6,Nominal,D,,,
2026-04-20 13:26,10.33735,-73.44663,VIIRS-NOAA-20,61.3,Nominal,D,,,
2026-04-20 13:26,10.19553,-74.25235,VIIRS-NOAA-20,62.1,Nominal,D,,,
2026-04-20 13:26,10.09847,-74.89144,VIIRS-NOAA-20,64.6,Nominal,D,,,
2026-04-20 13:26,10.30511,-73.39022,VIIRS-NOAA-20,67.1,Nominal,D,,,
2026-04-20 13:26,10.30571,-73.38604,VIIRS-NOAA-20,67.3,Nominal,D,,,
2026-04-20 13:26,10.30211,-73.3855,VIIRS-NOAA-20,66.4,Nominal,D,,,
2026-04-20 13:26,9.97199,-75.5373,VIIRS-NOAA-20,59.5,Nominal,D,,,
2026-04-20 13:26,9.95178,-75.51553,VIIRS-NOAA-20,61.2,Nominal,D,,,
2026-04-20 13:26,10.0234,-74.99176,VIIRS-NOAA-20,65.5,Nominal,D,,,
2026-04-20 13:26,9.93076,-75.51961,VIIRS-NOAA-20,62.6,Nominal,D,,,
2026-04-20 13:26,9.99604,-75.01378,VIIRS-NOAA-20,66.7,Nominal,D,,,
2026-04-20 13:26,9.86138,-75.43932,VIIRS-NOAA-20,70.9,Nominal,D,,,
2026-04-20 13:26,9.922,-74.80405,VIIRS-NOAA-20,67.0,Nominal,D,,,
2026-04-20 13:26,9.97186,-74.34723,VIIRS-NOAA-20,73.8,Nominal,D,,,
2026-04-20 13:26,9.79214,-75.44695,VIIRS-NOAA-20,57.4,Nominal,D,,,
2026-04-20 13:26,9.84966,-74.7706,VIIRS-NOAA-20,60.2,Nominal,D,,,
2026-04-20 13:26,9.84344,-74.76588,VIIRS-NOAA-20,66.0,Nominal,D,,,
2026-04-20 13:26,9.84006,-74.76536,VIIRS-NOAA-20,75.0,Nominal,D,,,
2026-04-20 13:26,9.76332,-74.74617,VIIRS-NOAA-20,59.6,Nominal,D,,,
2026-04-20 13:26,9.79624,-74.52066,VIIRS-NOAA-20,60.0,Nominal,D,,,
2026-04-20 13:26,9.7453,-74.82209,VIIRS-NOAA-20,63.0,Nominal,D,,,
2026-04-20 13:26,9.66333,-74.73496,VIIRS-NOAA-20,57.5,Baja,D,,,
2026-04-20 13:26,9.6594,-74.73811,VIIRS-NOAA-20,76.4,Nominal,D,,,
2026-04-20 13:26,9.65768,-74.6552,VIIRS-NOAA-20,68.9,Nominal,D,,,
2026-04-20 13:26,9.79174,-73.72162,VIIRS-NOAA-20,83.6,Baja,D,,,
2026-04-20 13:26,9.79115,-73.72561,VIIRS-NOAA-20,74.4,Nominal,D,,,
2026-04-20 13:26,9.78822,-73.72111,VIIRS-NOAA-20,83.6,Baja,D,,,
2026-04-20 13:26,9.78412,-73.72458,VIIRS-NOAA-20,83.6,Baja,D,,,
2026-04-20 13:26,9.78353,-73.72857,VIIRS-NOAA-20,65.2,Nominal,D,,,
2026-04-20 13:26,9.7847,-73.72059,VIIRS-NOAA-20,77.0,Nominal,D,,,
2026-04-20 13:26,9.7806,-73.72407,VIIRS-NOAA-20,68.6,Nominal,D,,,
2026-04-20 13:26,9.77708,-73.72355,VIIRS-NOAA-20,63.7,Nominal,D,,,
2026-04-20 13:26,9.61218,-74.65182,VIIRS-NOAA-20,65.1,Nominal,D,,,
2026-04-20 13:26,9.50943,-75.3194,VIIRS-NOAA-20,62.2,Nominal,D,,,
2026-04-20 13:26,9.58574,-74.76038,VIIRS-NOAA-20,64.2,Nominal,D,,,
2026-04-20 13:26,9.46397,-75.39574,VIIRS-NOAA-20,63.0,Nominal,D,,,
2026-04-20 13:26,9.57124,-74.5286,VIIRS-NOAA-20,73.8,Nominal,D,,,
2026-04-20 13:26,9.61255,-73.63886,VIIRS-NOAA-20,62.4,Nominal,D,,,
2026-04-20 13:26,9.60607,-73.63383,VIIRS-NOAA-20,77.3,Nominal,D,,,
2026-04-20 13:26,9.60254,-73.63331,VIIRS-NOAA-20,82.6,Baja,D,,,
2026-04-20 13:26,9.6014,-73.64132,VIIRS-NOAA-20,82.4,Nominal,D,,,
2026-04-20 13:26,9.60197,-73.63731,VIIRS-NOAA-20,81.9,Nominal,D,,,
2026-04-20 13:26,9.59844,-73.6368,VIIRS-NOAA-20,82.7,Baja,D,,,
2026-04-20 13:26,9.59901,-73.63279,VIIRS-NOAA-20,82.5,Baja,D,,,
2026-04-20 13:26,9.59787,-73.64081,VIIRS-NOAA-20,82.5,Nominal,D,,,
2026-04-20 13:26,9.59959,-73.62878,VIIRS-NOAA-20,65.5,Nominal,D,,,
2026-04-20 13:26,9.59434,-73.64029,VIIRS-NOAA-20,83.3,Baja,D,,,
2026-04-20 13:26,9.59491,-73.63628,VIIRS-NOAA-20,83.3,Baja,D,,,
2026-04-20 13:26,9.59606,-73.62827,VIIRS-NOAA-20,65.6,Nominal,D,,,
2026-04-20 13:26,9.59024,-73.64378,VIIRS-NOAA-20,65.7,Nominal,D,,,
2026-04-20 13:26,9.59064,-73.63928,VIIRS-NOAA-20,70.0,Nominal,D,,,
2026-04-20 13:26,9.34704,-75.24972,VIIRS-NOAA-20,68.2,Nominal,D,,,
2026-04-20 13:26,9.3437,-75.24921,VIIRS-NOAA-20,71.0,Nominal,D,,,
2026-04-20 13:26,9.47155,-74.39485,VIIRS-NOAA-20,73.7,Nominal,D,,,
2026-04-20 13:26,9.46814,-74.39435,VIIRS-NOAA-20,62.3,Nominal,D,,,
2026-04-20 13:26,9.59483,-73.53726,VIIRS-NOAA-20,72.1,Nominal,D,,,
2026-04-20 13:26,9.59543,-73.53323,VIIRS-NOAA-20,66.9,Nominal,D,,,
2026-04-20 13:26,9.41318,-74.43575,VIIRS-NOAA-20,62.3,Nominal,D,,,
2026-04-20 13:26,9.41031,-74.43152,VIIRS-NOAA-20,60.9,Nominal,D,,,
2026-04-20 13:26,9.2367,-75.55404,VIIRS-NOAA-20,63.5,Nominal,D,,,
2026-04-20 13:26,9.23011,-75.48486,VIIRS-NOAA-20,60.9,Nominal,D,,,
2026-04-20 13:26,9.39652,-74.31094,VIIRS-NOAA-20,67.3,Nominal,D,,,
2026-04-20 13:26,9.15091,-75.7838,VIIRS-NOAA-20,62.8,Nominal,D,,,
2026-04-20 13:26,9.32208,-74.62248,VIIRS-NOAA-20,73.5,Nominal,D,,,
2026-04-20 13:26,9.33852,-74.37137,VIIRS-NOAA-20,66.6,Nominal,D,,,
2026-04-20 13:26,9.28645,-74.60591,VIIRS-NOAA-20,60.4,Nominal,D,,,
2026-04-20 13:26,9.28456,-74.47744,VIIRS-NOAA-20,63.0,Nominal,D,,,
2026-04-20 13:26,9.32987,-73.88762,VIIRS-NOAA-20,59.5,Nominal,D,,,
2026-04-20 13:26,9.37061,-73.5385,VIIRS-NOAA-20,62.7,Nominal,D,,,
2026-04-20 13:26,9.19277,-74.57653,VIIRS-NOAA-20,63.1,Nominal,D,,,
2026-04-20 13:26,9.09642,-75.20001,VIIRS-NOAA-20,59.3,Nominal,D,,,
2026-04-20 13:26,9.2504,-74.13879,VIIRS-NOAA-20,80.7,Nominal,D,,,
2026-04-20 13:26,9.16552,-74.64366,VIIRS-NOAA-20,62.0,Nominal,D,,,
2026-04-20 13:26,9.16214,-74.64316,VIIRS-NOAA-20,57.6,Nominal,D,,,
2026-04-20 13:26,9.12381,-74.87868,VIIRS-NOAA-20,63.2,Nominal,D,,,
2026-04-20 13:26,9.14969,-74.63383,VIIRS-NOAA-20,61.3,Nominal,D,,,
2026-04-20 13:26,9.14631,-74.63332,VIIRS-NOAA-20,65.5,Nominal,D,,,
2026-04-20 13:26,9.12626,-74.74585,VIIRS-NOAA-20,60.9,Nominal,D,,,
2026-04-20 13:26,9.13746,-74.57579,VIIRS-NOAA-20,57.1,Nominal,D,,,
2026-04-20 13:26,9.16014,-74.42071,VIIRS-NOAA-20,69.9,Nominal,D,,,
2026-04-20 13:26,9.15078,-74.46099,VIIRS-NOAA-20,57.7,Baja,D,,,
2026-04-20 13:26,9.14576,-74.47158,VIIRS-NOAA-20,62.1,Nominal,D,,,
2026-04-20 13:26,9.14236,-74.47108,VIIRS-NOAA-20,65.9,Nominal,D,,,
2026-04-20 13:26,9.04065,-75.07491,VIIRS-NOAA-20,61.2,Nominal,D,,,
2026-04-20 13:26,8.97497,-75.14871,VIIRS-NOAA-20,62.0,Nominal,D,,,
2026-04-20 13:26,8.8726,-75.7402,VIIRS-NOAA-20,70.8,Nominal,D,,,
2026-04-20 13:26,8.86982,-75.73622,VIIRS-NOAA-20,68.2,Nominal,D,,,
2026-04-20 13:26,9.03976,-74.09601,VIIRS-NOAA-20,61.7,Nominal,D,,,
2026-04-20 13:26,9.04032,-74.09222,VIIRS-NOAA-20,69.4,Nominal,D,,,
2026-04-20 13:26,8.98247,-74.39017,VIIRS-NOAA-20,62.0,Nominal,D,,,
2026-04-20 13:26,8.65969,-76.4703,VIIRS-NOAA-20,61.0,Nominal,D,,,
2026-04-20 13:26,8.81977,-75.30183,VIIRS-NOAA-20,61.1,Nominal,D,,,
2026-04-20 13:26,9.70661,-74.81625,VIIRS-NOAA-20,69.2,Nominal,D,,,
2026-04-20 13:26,9.70377,-74.81209,VIIRS-NOAA-20,59.5,Nominal,D,,,
2026-04-20 13:26,8.91258,-74.24609,VIIRS-NOAA-20,72.5,Nominal,D,,,
2026-04-20 13:26,8.9168,-74.17002,VIIRS-NOAA-20,62.8,Nominal,D,,,
2026-04-20 13:26,8.85859,-74.35226,VIIRS-NOAA-20,75.7,Nominal,D,,,
2026-04-20 13:26,8.81964,-74.45223,VIIRS-NOAA-20,65.6,Nominal,D,,,
2026-04-20 13:26,8.81883,-74.45175,VIIRS-NOAA-20,60.1,Nominal,D,,,
2026-04-20 13:26,8.67838,-75.34006,VIIRS-NOAA-20,65.3,Nominal,D,,,
2026-04-20 13:26,8.77435,-74.7025,VIIRS-NOAA-20,57.9,Baja,D,,,
2026-04-20 13:26,8.84137,-74.25436,VIIRS-NOAA-20,59.5,Nominal,D,,,
2026-04-20 13:26,8.86255,-74.08865,VIIRS-NOAA-20,67.5,Nominal,D,,,
2026-04-20 13:26,8.92115,-73.62104,VIIRS-NOAA-20,57.9,Nominal,D,,,
2026-04-20 13:26,8.74562,-74.77944,VIIRS-NOAA-20,70.1,Nominal,D,,,
2026-04-20 13:26,8.74226,-74.77894,VIIRS-NOAA-20,57.3,Baja,D,,,
2026-04-20 13:26,8.90193,-73.6301,VIIRS-NOAA-20,61.0,Nominal,D,,,
2026-04-20 13:26,8.78576,-74.3941,VIIRS-NOAA-20,59.1,Nominal,D,,,
2026-04-20 13:26,8.7217,-74.80163,VIIRS-NOAA-20,61.7,Nominal,D,,,
2026-04-20 13:26,8.79223,-74.32693,VIIRS-NOAA-20,59.8,Nominal,D,,,
2026-04-20 13:26,8.80468,-74.19541,VIIRS-NOAA-20,58.4,Nominal,D,,,
2026-04-20 13:26,8.77751,-74.33232,VIIRS-NOAA-20,60.0,Nominal,D,,,
2026-04-20 13:26,8.6172,-75.36308,VIIRS-NOAA-20,62.6,Nominal,D,,,
2026-04-20 13:26,8.69779,-74.66141,VIIRS-NOAA-20,57.9,Nominal,D,,,
2026-04-20 13:26,8.76579,-74.17432,VIIRS-NOAA-20,60.3,Nominal,D,,,
2026-04-20 13:26,8.73144,-74.3141,VIIRS-NOAA-20,57.7,Nominal,D,,,
2026-04-20 13:26,8.73083,-74.31406,VIIRS-NOAA-20,57.2,Nominal,D,,,
2026-04-20 13:26,8.72734,-74.29078,VIIRS-NOAA-20,72.6,Nominal,D,,,
2026-04-20 13:26,8.73139,-74.00381,VIIRS-NOAA-20,58.8,Nominal,D,,,
2026-04-20 13:26,8.50214,-75.49558,VIIRS-NOAA-20,75.0,Nominal,D,,,
2026-04-20 13:26,8.61766,-74.51542,VIIRS-NOAA-20,62.5,Nominal,D,,,
2026-04-20 13:26,8.74113,-73.67048,VIIRS-NOAA-20,61.6,Nominal,D,,,
2026-04-20 13:26,8.43291,-75.59558,VIIRS-NOAA-20,59.7,Nominal,D,,,
2026-04-20 13:26,8.43724,-75.52066,VIIRS-NOAA-20,58.7,Nominal,D,,,
2026-04-20 13:26,8.5595,-74.71034,VIIRS-NOAA-20,62.2,Nominal,D,,,
2026-04-20 13:26,8.54969,-74.16912,VIIRS-NOAA-20,63.8,Nominal,D,,,
2026-04-20 13:26,8.51426,-74.2175,VIIRS-NOAA-20,61.4,Nominal,D,,,
2026-04-20 13:26,8.58285,-73.61193,VIIRS-NOAA-20,65.7,Nominal,D,,,
2026-04-20 13:26,8.58342,-73.60803,VIIRS-NOAA-20,68.9,Nominal,D,,,
2026-04-20 13:26,8.58399,-73.60413,VIIRS-NOAA-20,60.7,Nominal,D,,,
2026-04-20 13:26,8.31166,-75.40833,VIIRS-NOAA-20,56.9,Baja,D,,,
2026-04-20 13:26,8.41951,-74.6671,VIIRS-NOAA-20,59.8,Nominal,D,,,
2026-04-20 13:26,8.29313,-75.44125,VIIRS-NOAA-20,59.0,Nominal,D,,,
2026-04-20 13:26,8.42552,-74.46426,VIIRS-NOAA-20,59.3,Nominal,D,,,
2026-04-20 13:26,8.43085,-74.40482,VIIRS-NOAA-20,62.8,Nominal,D,,,
2026-04-20 13:26,8.4847,-73.96719,VIIRS-NOAA-20,62.3,Nominal,D,,,
2026-04-20 13:26,8.47215,-73.98089,VIIRS-NOAA-20,66.0,Nominal,D,,,
2026-04-20 13:26,7.99233,-77.11685,VIIRS-NOAA-20,59.6,Baja,D,,,
2026-04-20 13:26,8.38031,-74.51309,VIIRS-NOAA-20,58.4,Nominal,D,,,
2026-04-20 13:26,8.37692,-74.51263,VIIRS-NOAA-20,57.5,Nominal,D,,,
2026-04-20 13:26,8.37516,-74.51498,VIIRS-NOAA-20,75.1,Nominal,D,,,
2026-04-20 13:26,8.0968,-76.30772,VIIRS-NOAA-20,61.7,Nominal,D,,,
2026-04-20 13:26,9.14404,-74.24283,VIIRS-NOAA-20,70.2,Nominal,D,,,
2026-04-20 13:26,9.14061,-74.24232,VIIRS-NOAA-20,62.7,Nominal,D,,,
2026-04-20 13:26,8.37215,-74.35009,VIIRS-NOAA-20,62.2,Nominal,D,,,
2026-04-20 13:26,8.17525,-75.36849,VIIRS-NOAA-20,60.8,Nominal,D,,,
2026-04-20 13:26,8.18617,-75.20539,VIIRS-NOAA-20,61.1,Nominal,D,,,
2026-04-20 13:26,8.40194,-73.74329,VIIRS-NOAA-20,61.4,Nominal,D,,,
2026-04-20 13:26,8.39791,-73.74663,VIIRS-NOAA-20,58.4,Nominal,D,,,
2026-04-20 13:26,8.39847,-73.74277,VIIRS-NOAA-20,62.7,Nominal,D,,,
2026-04-20 13:26,8.24424,-74.61745,VIIRS-NOAA-20,83.2,Nominal,D,,,
2026-04-20 13:26,8.20814,-74.76636,VIIRS-NOAA-20,81.5,Nominal,D,,,
2026-04-20 13:26,8.20532,-74.76228,VIIRS-NOAA-20,67.4,Nominal,D,,,
2026-04-20 13:26,8.21016,-74.73003,VIIRS-NOAA-20,62.4,Nominal,D,,,
2026-04-20 13:26,8.16448,-74.82919,VIIRS-NOAA-20,59.4,Nominal,D,,,
2026-04-20 13:26,7.99051,-75.91551,VIIRS-NOAA-20,73.3,Nominal,D,,,
2026-04-20 13:26,8.07908,-75.21757,VIIRS-NOAA-20,65.7,Nominal,D,,,
2026-04-20 13:26,7.98065,-75.75813,VIIRS-NOAA-20,57.2,Nominal,D,,,
2026-04-20 13:26,8.04709,-75.29506,VIIRS-NOAA-20,64.6,Nominal,D,,,
2026-04-20 13:26,8.04005,-75.29688,VIIRS-NOAA-20,60.7,Nominal,D,,,
2026-04-20 13:26,8.0275,-75.15522,VIIRS-NOAA-20,60.1,Nominal,D,,,
2026-04-20 13:26,8.02802,-75.15171,VIIRS-NOAA-20,72.6,Nominal,D,,,
2026-04-20 13:26,7.93049,-75.55105,VIIRS-NOAA-20,58.6,Baja,D,,,
2026-04-20 13:26,7.92335,-75.55353,VIIRS-NOAA-20,59.8,Baja,D,,,
2026-04-20 13:26,7.89988,-75.48203,VIIRS-NOAA-20,60.5,Nominal,D,,,
2026-04-20 13:26,7.97885,-74.96021,VIIRS-NOAA-20,61.5,Nominal,D,,,
2026-04-20 13:26,7.89815,-75.4711,VIIRS-NOAA-20,60.1,Nominal,D,,,
2026-04-20 13:26,7.89868,-75.46762,VIIRS-NOAA-20,60.7,Nominal,D,,,
2026-04-20 13:26,7.96285,-74.97588,VIIRS-NOAA-20,63.0,Nominal,D,,,
2026-04-20 13:26,7.96591,-74.93293,VIIRS-NOAA-20,56.9,Nominal,D,,,
2026-04-20 13:26,7.84319,-75.72179,VIIRS-NOAA-20,58.2,Nominal,D,,,
2026-04-20 13:26,7.92408,-74.98448,VIIRS-NOAA-20,68.6,Nominal,D,,,
2026-04-20 13:26,7.91408,-74.98297,VIIRS-NOAA-20,74.9,Nominal,D,,,
2026-04-20 13:26,7.91075,-74.98246,VIIRS-NOAA-20,73.0,Nominal,D,,,
2026-04-20 13:26,7.90795,-74.97843,VIIRS-NOAA-20,61.6,Nominal,D,,,
2026-04-20 13:26,7.7988,-74.71391,VIIRS-NOAA-20,59.6,Nominal,D,,,
2026-04-20 13:26,7.89275,-73.9016,VIIRS-NOAA-20,56.9,Nominal,D,,,
2026-04-20 13:26,7.9015,-73.77137,VIIRS-NOAA-20,60.3,Nominal,D,,,
2026-04-20 13:26,7.73026,-74.87428,VIIRS-NOAA-20,62.4,Nominal,D,,,
2026-04-20 13:26,7.63153,-75.03546,VIIRS-NOAA-20,73.4,Nominal,D,,,
2026-04-20 13:26,7.59214,-75.18374,VIIRS-NOAA-20,58.1,Nominal,D,,,
2026-04-20 13:26,8.63879,-73.87284,VIIRS-NOAA-20,60.5,Nominal,D,,,
2026-04-20 13:26,8.47559,-74.71989,VIIRS-NOAA-20,65.2,Nominal,D,,,
2026-04-20 13:26,7.7871,-73.83574,VIIRS-NOAA-20,58.2,Nominal,D,,,
2026-04-20 13:26,7.76397,-73.92078,VIIRS-NOAA-20,73.3,Nominal,D,,,
2026-04-20 13:26,7.53504,-75.29263,VIIRS-NOAA-20,58.8,Nominal,D,,,
2026-04-20 13:26,7.53557,-75.28915,VIIRS-NOAA-20,65.2,Nominal,D,,,
2026-04-20 13:26,7.53615,-75.08226,VIIRS-NOAA-20,65.5,Nominal,D,,,
2026-04-20 13:26,7.64966,-73.88863,VIIRS-NOAA-20,59.1,Baja,D,,,
2026-04-20 13:26,7.6501,-73.86185,VIIRS-NOAA-20,62.7,Nominal,D,,,
2026-04-20 13:26,7.64667,-73.86134,VIIRS-NOAA-20,69.3,Nominal,D,,,
2026-04-20 13:26,7.60113,-73.79273,VIIRS-NOAA-20,62.7,Nominal,D,,,
2026-04-20 13:26,7.59769,-73.79223,VIIRS-NOAA-20,57.8,Nominal,D,,,
2026-04-20 13:26,7.53267,-73.85188,VIIRS-NOAA-20,67.3,Nominal,D,,,
2026-04-20 13:26,7.36427,-74.89356,VIIRS-NOAA-20,67.6,Nominal,D,,,
2026-04-20 13:26,7.4721,-74.12122,VIIRS-NOAA-20,59.0,Nominal,D,,,
2026-04-20 13:26,7.06542,-76.43475,VIIRS-NOAA-20,58.6,Nominal,D,,,
2026-04-20 13:26,7.11989,-75.76999,VIIRS-NOAA-20,72.1,Nominal,D,,,
2026-04-20 13:26,7.11659,-75.76948,VIIRS-NOAA-20,60.5,Nominal,D,,,
2026-04-20 13:26,7.17192,-73.71338,VIIRS-NOAA-20,61.9,Nominal,D,,,
2026-04-20 13:26,7.90323,-74.94158,VIIRS-NOAA-20,59.8,Nominal,D,,,
2026-04-20 13:26,8.03926,-73.95107,VIIRS-NOAA-20,62.5,Nominal,D,,,
2026-04-20 13:26,8.03584,-73.95046,VIIRS-NOAA-20,61.0,Nominal,D,,,
2026-04-20 13:26,8.06058,-73.75635,VIIRS-NOAA-20,62.8,Nominal,D,,,
2026-04-20 13:26,7.81758,-75.21926,VIIRS-NOAA-20,66.9,Nominal,D,,,
2026-04-20 13:26,7.9863,-73.90822,VIIRS-NOAA-20,62.1,Nominal,D,,,
2026-04-20 13:26,7.99677,-73.78971,VIIRS-NOAA-20,65.2,Nominal,D,,,
2026-04-20 13:26,7.98109,-73.75232,VIIRS-NOAA-20,69.4,Nominal,D,,,
2026-04-20 13:26,6.50779,-75.68591,VIIRS-NOAA-20,72.2,Nominal,D,,,
2026-04-20 13:26,6.3656,-75.83988,VIIRS-NOAA-20,64.6,Baja,D,,,
2026-04-20 13:26,6.36125,-75.8463,VIIRS-NOAA-20,62.6,Baja,D,,,
2026-04-20 13:26,6.36178,-75.84283,VIIRS-NOAA-20,74.2,Nominal,D,,,
2026-04-20 13:26,6.26126,-75.85521,VIIRS-NOAA-20,68.8,Nominal,D,,,
2026-04-20 13:26,6.39713,-70.97859,VIIRS-NOAA-20,59.7,Nominal,D,,,
2026-04-20 13:26,6.25493,-71.70436,VIIRS-NOAA-20,57.4,Nominal,D,,,
2026-04-20 13:26,6.2405,-70.49055,VIIRS-NOAA-20,81.4,Nominal,D,,,
2026-04-20 13:26,6.23645,-70.48997,VIIRS-NOAA-20,74.4,Nominal,D,,,
2026-04-20 13:26,6.12862,-70.69721,VIIRS-NOAA-20,68.4,Nominal,D,,,
2026-04-20 13:26,6.17785,-70.31932,VIIRS-NOAA-20,67.4,Nominal,D,,,
2026-04-20 13:26,6.11616,-70.69897,VIIRS-NOAA-20,66.6,Nominal,D,,,
2026-04-20 13:26,6.11769,-70.70162,VIIRS-NOAA-20,64.7,Nominal,D,,,
2026-04-20 13:26,5.77407,-72.87907,VIIRS-NOAA-20,68.2,Nominal,D,,,
2026-04-20 13:26,6.04314,-70.79512,VIIRS-NOAA-20,64.1,Nominal,D,,,
2026-04-20 13:26,6.03991,-70.78945,VIIRS-NOAA-20,60.5,Nominal,D,,,
2026-04-20 13:26,6.03595,-70.78889,VIIRS-NOAA-20,64.6,Nominal,D,,,
2026-04-20 13:26,6.2038,-69.55228,VIIRS-NOAA-20,64.2,Nominal,D,,,
2026-04-20 13:26,6.20437,-69.54818,VIIRS-NOAA-20,58.7,Nominal,D,,,
2026-04-20 13:26,6.19833,-69.55987,VIIRS-NOAA-20,61.6,Nominal,D,,,
2026-04-20 13:26,6.19891,-69.55577,VIIRS-NOAA-20,69.2,Nominal,D,,,
2026-04-20 13:26,6.00333,-70.6602,VIIRS-NOAA-20,79.3,Nominal,D,,,
2026-04-20 13:26,5.89751,-70.74597,VIIRS-NOAA-20,66.1,Nominal,D,,,
2026-04-20 13:26,5.89839,-70.74842,VIIRS-NOAA-20,71.9,Nominal,D,,,
2026-04-20 13:26,5.89186,-70.5724,VIIRS-NOAA-20,63.8,Nominal,D,,,
2026-04-20 13:26,5.89237,-70.5689,VIIRS-NOAA-20,69.8,Nominal,D,,,
2026-04-20 13:26,5.88836,-70.56833,VIIRS-NOAA-20,58.7,Nominal,D,,,
2026-04-20 13:26,5.88435,-70.56775,VIIRS-NOAA-20,59.9,Nominal,D,,,
2026-04-20 13:26,5.82626,-70.60216,VIIRS-NOAA-20,66.5,Nominal,D,,,
2026-04-20 13:26,5.92329,-69.91888,VIIRS-NOAA-20,64.8,Nominal,D,,,
2026-04-20 13:26,5.82275,-70.59811,VIIRS-NOAA-20,70.1,Nominal,D,,,
2026-04-20 13:26,5.81475,-70.59697,VIIRS-NOAA-20,72.2,Nominal,D,,,
2026-04-20 13:26,5.83427,-69.51842,VIIRS-NOAA-20,59.7,Nominal,D,,,
2026-04-20 13:26,5.7049,-70.23074,VIIRS-NOAA-20,74.2,Nominal,D,,,
2026-04-20 13:26,5.70543,-70.2271,VIIRS-NOAA-20,74.0,Nominal,D,,,
2026-04-20 13:26,5.8264,-68.83112,VIIRS-NOAA-20,59.7,Nominal,D,,,
2026-04-20 13:26,5.82124,-68.83501,VIIRS-NOAA-20,59.3,Nominal,D,,,
2026-04-20 13:26,5.54552,-70.12908,VIIRS-NOAA-20,76.1,Nominal,D,,,
2026-04-20 13:26,5.5322,-70.19075,VIIRS-NOAA-20,57.7,Nominal,D,,,
2026-04-20 13:26,5.53274,-70.1871,VIIRS-NOAA-20,66.9,Nominal,D,,,
2026-04-20 13:26,5.52757,-70.19382,VIIRS-NOAA-20,57.0,Nominal,D,,,
2026-04-20 13:26,5.5281,-70.19018,VIIRS-NOAA-20,57.5,Nominal,D,,,
2026-04-20 13:26,4.74589,-74.90607,VIIRS-NOAA-20,63.5,Nominal,D,,,
2026-04-20 13:26,5.06408,-72.57471,VIIRS-NOAA-20,57.4,Nominal,D,,,
2026-04-20 13:26,5.31077,-70.42876,VIIRS-NOAA-20,65.9,Nominal,D,,,
2026-04-20 13:26,5.31127,-70.42525,VIIRS-NOAA-20,69.1,Nominal,D,,,
2026-04-20 13:26,5.30726,-70.42468,VIIRS-NOAA-20,69.1,Nominal,D,,,
2026-04-20 13:26,5.30274,-70.42761,VIIRS-NOAA-20,70.6,Nominal,D,,,
2026-04-20 13:26,5.29421,-70.42996,VIIRS-NOAA-20,69.5,Nominal,D,,,
2026-04-20 13:26,5.2902,-70.42939,VIIRS-NOAA-20,77.3,Nominal,D,,,
2026-04-20 13:26,5.29288,-70.42874,VIIRS-NOAA-20,82.1,Nominal,D,,,
2026-04-20 13:26,5.28835,-70.43167,VIIRS-NOAA-20,72.8,Nominal,D,,,
2026-04-20 13:26,5.28887,-70.42818,VIIRS-NOAA-20,61.2,Nominal,D,,,
2026-04-20 13:26,5.28278,-70.44157,VIIRS-NOAA-20,57.7,Nominal,D,,,
2026-04-20 13:26,5.2833,-70.43808,VIIRS-NOAA-20,62.3,Nominal,D,,,
2026-04-20 13:26,5.28381,-70.43459,VIIRS-NOAA-20,58.5,Nominal,D,,,
2026-04-20 13:26,5.28433,-70.43111,VIIRS-NOAA-20,74.4,Nominal,D,,,
2026-04-20 13:26,5.27928,-70.43752,VIIRS-NOAA-20,74.0,Nominal,D,,,
2026-04-20 13:26,5.2798,-70.43403,VIIRS-NOAA-20,67.6,Nominal,D,,,
2026-04-20 13:26,5.60293,-67.94345,VIIRS-NOAA-20,57.0,Nominal,D,,,
2026-04-20 13:26,5.23247,-70.27956,VIIRS-NOAA-20,61.6,Nominal,D,,,
2026-04-20 13:26,4.48866,-74.72043,VIIRS-NOAA-20,60.8,Nominal,D,,,
2026-04-20 13:26,5.44851,-67.75317,VIIRS-NOAA-20,61.9,Nominal,D,,,
2026-04-20 13:26,5.44924,-67.74785,VIIRS-NOAA-20,65.2,Nominal,D,,,
2026-04-20 13:26,5.44997,-67.7425,VIIRS-NOAA-20,61.8,Nominal,D,,,
2026-04-20 13:26,5.45071,-67.74514,VIIRS-NOAA-20,64.7,Nominal,D,,,
2026-04-20 13:26,5.44665,-67.73914,VIIRS-NOAA-20,57.0,Nominal,D,,,
2026-04-20 13:26,4.98853,-70.52838,VIIRS-NOAA-20,65.0,Nominal,D,,,
2026-04-20 13:26,4.98927,-70.52327,VIIRS-NOAA-20,59.0,Nominal,D,,,
2026-04-20 13:26,4.86728,-70.755,VIIRS-NOAA-20,72.3,Nominal,D,,,
2026-04-20 13:26,5.04897,-69.26904,VIIRS-NOAA-20,70.0,Nominal,D,,,
2026-04-20 13:26,5.04956,-69.26494,VIIRS-NOAA-20,81.3,Nominal,D,,,
2026-04-20 13:26,5.05014,-69.26083,VIIRS-NOAA-20,57.1,Nominal,D,,,
2026-04-20 13:26,5.04465,-69.26845,VIIRS-NOAA-20,65.4,Nominal,D,,,
2026-04-20 13:26,5.04523,-69.26435,VIIRS-NOAA-20,77.8,Nominal,D,,,
2026-04-20 13:26,5.04582,-69.26023,VIIRS-NOAA-20,65.4,Nominal,D,,,
2026-04-20 13:26,4.21849,-74.86874,VIIRS-NOAA-20,61.6,Nominal,D,,,
2026-04-20 13:26,4.96202,-69.75809,VIIRS-NOAA-20,61.6,Nominal,D,,,
2026-04-20 13:26,4.79165,-69.73759,VIIRS-NOAA-20,65.5,Nominal,D,,,
2026-04-20 13:26,4.96587,-68.20314,VIIRS-NOAA-20,63.2,Nominal,D,,,
2026-04-20 13:26,4.96122,-68.20248,VIIRS-NOAA-20,66.1,Nominal,D,,,
2026-04-20 13:26,4.03685,-74.54513,VIIRS-NOAA-20,58.4,Nominal,D,,,
2026-04-20 13:26,4.9559,-68.2067,VIIRS-NOAA-20,63.8,Nominal,D,,,
2026-04-20 13:26,4.95657,-68.20183,VIIRS-NOAA-20,66.3,Nominal,D,,,
2026-04-20 13:26,4.72397,-69.83833,VIIRS-NOAA-20,64.7,Nominal,D,,,
2026-04-20 13:28,10.32883,-74.94139,VIIRS-NOAA-20,66.6,Nominal,D,,,
2026-04-20 13:28,10.32829,-74.94505,VIIRS-NOAA-20,62.9,Nominal,D,,,
2026-04-20 13:28,10.31903,-75.48592,VIIRS-NOAA-20,74.0,Nominal,D,,,
2026-04-20 13:28,10.36461,-75.24776,VIIRS-NOAA-20,57.6,Baja,D,,,
2026-04-20 13:28,10.36506,-75.31396,VIIRS-NOAA-20,63.8,Nominal,D,,,
2026-04-20 13:28,10.5417,-75.10907,VIIRS-NOAA-20,61.5,Nominal,D,,,
2026-04-20 13:28,10.60843,-74.79971,VIIRS-NOAA-20,62.7,Nominal,D,,,
2026-04-20 13:28,10.60944,-74.8226,VIIRS-NOAA-20,62.3,Nominal,D,,,
2026-04-20 13:28,10.90197,-72.77583,VIIRS-NOAA-20,64.7,Nominal,D,,,
2026-04-20 13:28,10.61284,-74.82312,VIIRS-NOAA-20,72.7,Nominal,D,,,
2026-04-20 13:28,10.59967,-75.38013,VIIRS-NOAA-20,63.4,Nominal,D,,,
2026-04-20 13:28,10.77757,-74.27041,VIIRS-NOAA-20,66.1,Nominal,D,,,
2026-04-20 13:28,11.0291,-72.6621,VIIRS-NOAA-20,61.9,Baja,D,,,
2026-04-20 13:28,11.02956,-72.66068,VIIRS-NOAA-20,63.7,Baja,D,,,
2026-04-20 13:28,10.66151,-75.37155,VIIRS-NOAA-20,71.8,Nominal,D,,,
2026-04-20 13:28,10.8653,-74.1677,VIIRS-NOAA-20,67.0,Nominal,D,,,
2026-04-20 13:28,10.88445,-74.15853,VIIRS-NOAA-20,69.6,Nominal,D,,,
2026-04-20 13:28,10.93109,-74.2169,VIIRS-NOAA-20,73.1,Nominal,D,,,
2026-04-20 13:28,10.9325,-74.90942,VIIRS-NOAA-20,68.1,Nominal,D,,,
2026-04-20 13:28,11.01389,-74.8988,VIIRS-NOAA-20,61.2,Nominal,D,,,
2026-04-20 14:15,3.18267,-76.34793,VIIRS-NOAA-21,55.7,Nominal,D,,,
2026-04-20 14:15,3.44236,-75.57082,VIIRS-NOAA-21,77.4,Nominal,D,,,
2026-04-20 14:15,3.44383,-75.57287,VIIRS-NOAA-21,63.1,Nominal,D,,,
2026-04-20 14:15,3.77459,-76.25058,VIIRS-NOAA-21,93.9,Alta,D,,,
2026-04-20 14:15,3.77412,-76.25111,VIIRS-NOAA-21,93.9,Alta,D,,,
2026-04-20 14:15,4.35054,-75.0371,VIIRS-NOAA-21,56.2,Nominal,D,,,
2026-04-20 14:15,4.82917,-75.78438,VIIRS-NOAA-21,73.8,Nominal,D,,,
2026-04-20 14:15,6.36695,-75.84503,VIIRS-NOAA-21,62.1,Nominal,D,,,
2026-04-20 14:15,6.36751,-75.84093,VIIRS-NOAA-21,82.7,Baja,D,,,
2026-04-20 14:15,6.36698,-75.84042,VIIRS-NOAA-21,72.8,Nominal,D,,,
2026-04-20 14:15,6.36645,-75.8445,VIIRS-NOAA-21,82.9,Baja,D,,,
2026-04-20 14:17,8.66205,-75.22878,VIIRS-NOAA-21,74.1,Nominal,D,,,
2026-04-20 14:17,7.08299,-76.09457,VIIRS-NOAA-21,51.9,Nominal,D,,,
2026-04-20 14:17,7.63558,-75.05853,VIIRS-NOAA-21,59.2,Nominal,D,,,
2026-04-20 14:17,7.58156,-75.20825,VIIRS-NOAA-21,67.2,Nominal,D,,,
2026-04-20 14:17,7.63479,-75.06023,VIIRS-NOAA-21,61.1,Nominal,D,,,
2026-04-20 14:17,7.66167,-75.18461,VIIRS-NOAA-21,54.4,Nominal,D,,,
2026-04-20 14:17,7.92554,-74.98849,VIIRS-NOAA-21,56.1,Nominal,D,,,
2026-04-20 14:17,7.9264,-74.98167,VIIRS-NOAA-21,82.6,Baja,D,,,
2026-04-20 14:17,7.94218,-74.9697,VIIRS-NOAA-21,60.4,Nominal,D,,,
2026-04-20 14:17,7.92464,-74.98221,VIIRS-NOAA-21,93.9,Alta,D,,,
2026-04-20 14:17,7.82217,-75.83609,VIIRS-NOAA-21,53.1,Nominal,D,,,
2026-04-20 14:17,7.96137,-74.97329,VIIRS-NOAA-21,82.5,Baja,D,,,
2026-04-20 14:17,7.96841,-74.97405,VIIRS-NOAA-21,57.6,Nominal,D,,,
2026-04-20 14:17,7.97162,-75.72917,VIIRS-NOAA-21,54.6,Nominal,D,,,
2026-04-20 14:17,7.97092,-75.73456,VIIRS-NOAA-21,67.4,Nominal,D,,,
2026-04-20 14:17,7.99256,-75.91639,VIIRS-NOAA-21,77.4,Nominal,D,,,
2026-04-20 14:57,4.72794,-69.84055,MODIS-Aqua,48.3,Nominal,D,,,
2026-04-20 14:57,2.63949,-72.29165,MODIS-Aqua,36.4,Nominal,D,,,
2026-04-20 14:57,4.45811,-69.28123,MODIS-Aqua,96.7,Alta,D,,,
2026-04-20 14:57,4.45681,-69.29012,MODIS-Aqua,90.8,Alta,D,,,
2026-04-20 14:57,4.4555,-69.29902,MODIS-Aqua,50.6,Alta,D,,,
2026-04-20 14:57,4.46823,-69.27366,MODIS-Aqua,45.6,Nominal,D,,,
2026-04-20 14:57,4.54151,-69.09917,MODIS-Aqua,47.0,Alta,D,,,
2026-04-20 14:57,4.49354,-69.87396,MODIS-Aqua,51.7,Alta,D,,,
2026-04-20 14:57,4.43033,-69.28622,MODIS-Aqua,45.5,Nominal,D,,,
2026-04-20 14:57,4.38885,-67.7971,MODIS-Aqua,41.3,Nominal,D,,,
2026-04-20 14:57,3.16439,-74.20753,MODIS-Aqua,40.6,Alta,D,,,
2026-04-20 14:57,3.04547,-71.72401,MODIS-Aqua,43.6,Alta,D,,,
2026-04-20 14:57,2.63796,-72.30207,MODIS-Aqua,36.7,Nominal,D,,,
2026-04-20 14:57,4.38958,-70.82364,MODIS-Aqua,41.2,Nominal,D,,,
2026-04-20 14:57,4.65876,-69.50161,MODIS-Aqua,44.0,Nominal,D,,,
2026-04-20 14:57,4.50754,-70.53314,MODIS-Aqua,56.5,Alta,D,,,
2026-04-20 14:57,4.58794,-70.10827,MODIS-Aqua,45.1,Nominal,D,,,
2026-04-20 14:57,4.94572,-68.21428,MODIS-Aqua,53.4,Nominal,D,,,
2026-04-20 14:57,4.95635,-68.20586,MODIS-Aqua,73.8,Alta,D,,,
2026-04-20 14:57,4.51803,-71.26586,MODIS-Aqua,44.6,Alta,D,,,
2026-04-20 15:00,7.96231,-74.97147,MODIS-Aqua,58.9,Alta,D,,,
2026-04-20 15:00,7.8823,-75.27445,MODIS-Aqua,45.2,Alta,D,,,
2026-04-20 15:00,7.91819,-74.97775,MODIS-Aqua,51.2,Nominal,D,,,
2026-04-20 15:00,8.03889,-73.95016,MODIS-Aqua,42.9,Alta,D,,,
2026-04-20 15:00,7.7125,-75.83315,MODIS-Aqua,49.0,Alta,D,,,
2026-04-20 15:00,7.71486,-75.81818,MODIS-Aqua,36.9,Nominal,D,,,
2026-04-20 15:00,7.64477,-75.82174,MODIS-Aqua,34.4,Nominal,D,,,
2026-04-20 15:00,7.64412,-75.83178,MODIS-Aqua,36.1,Nominal,D,,,
2026-04-20 15:00,7.66149,-75.08683,MODIS-Aqua,43.4,Alta,D,,,
2026-04-20 15:00,7.83319,-74.00217,MODIS-Aqua,42.2,Alta,D,,,
2026-04-20 15:00,7.6551,-75.09257,MODIS-Aqua,38.6,Nominal,D,,,
2026-04-20 15:00,7.65712,-75.07963,MODIS-Aqua,36.9,Nominal,D,,,
2026-04-20 15:00,7.56141,-75.1303,MODIS-Aqua,49.3,Alta,D,,,
2026-04-20 15:00,7.55615,-75.13832,MODIS-Aqua,39.6,Alta,D,,,
2026-04-20 15:00,7.5583,-75.12447,MODIS-Aqua,45.7,Alta,D,,,
2026-04-20 15:00,7.70733,-73.89644,MODIS-Aqua,52.1,Alta,D,,,
2026-04-20 15:00,7.65497,-73.89307,MODIS-Aqua,61.2,Alta,D,,,
2026-04-20 15:00,7.65667,-73.88191,MODIS-Aqua,52.2,Alta,D,,,
2026-04-20 15:00,7.56701,-74.00581,MODIS-Aqua,47.3,Alta,D,,,
2026-04-20 15:00,9.96806,-74.3521,MODIS-Aqua,40.4,Nominal,D,,,
2026-04-20 15:00,9.9735,-73.35496,MODIS-Aqua,44.4,Nominal,D,,,
2026-04-20 15:00,9.70993,-74.81915,MODIS-Aqua,39.2,Baja,D,,,
2026-04-20 15:00,9.37084,-74.22549,MODIS-Aqua,46.8,Alta,D,,,
2026-04-20 15:00,9.40976,-73.84353,MODIS-Aqua,39.8,Nominal,D,,,
2026-04-20 15:00,9.41138,-73.833,MODIS-Aqua,55.1,Alta,D,,,
2026-04-20 15:00,9.10421,-75.14209,MODIS-Aqua,43.9,Alta,D,,,
2026-04-20 15:00,9.09173,-75.15324,MODIS-Aqua,44.3,Nominal,D,,,
2026-04-20 15:00,9.09377,-75.1404,MODIS-Aqua,54.3,Alta,D,,,
2026-04-20 15:00,9.25074,-74.14297,MODIS-Aqua,44.7,Alta,D,,,
2026-04-20 15:00,9.14806,-74.47399,MODIS-Aqua,48.6,Nominal,D,,,
2026-04-20 15:00,9.14278,-74.24545,MODIS-Aqua,46.1,Alta,D,,,
2026-04-20 15:00,9.04296,-74.09747,MODIS-Aqua,45.7,Alta,D,,,
2026-04-20 15:00,8.61625,-74.52,MODIS-Aqua,44.7,Baja,D,,,
2026-04-20 15:00,8.61813,-74.50814,MODIS-Aqua,39.9,Nominal,D,,,
2026-04-20 15:00,7.48267,-74.02149,MODIS-Aqua,41.8,Alta,D,,,
2026-04-20 15:00,7.48442,-74.01034,MODIS-Aqua,39.4,Alta,D,,,
2026-04-20 15:00,6.9368,-73.75405,MODIS-Aqua,28.7,Baja,D,,,
2026-04-20 15:00,6.35876,-75.84668,MODIS-Aqua,43.0,Alta,D,,,
2026-04-20 15:00,6.74161,-71.35413,MODIS-Aqua,43.2,Alta,D,,,
2026-04-20 15:00,6.81385,-70.68199,MODIS-Aqua,40.2,Nominal,D,,,
2026-04-20 15:00,6.81514,-70.67325,MODIS-Aqua,42.4,Alta,D,,,
2026-04-20 15:00,6.33657,-73.25515,MODIS-Aqua,34.8,Nominal,D,,,
2026-04-20 15:00,6.60235,-71.49122,MODIS-Aqua,44.1,Alta,D,,,
2026-04-20 15:00,6.73108,-70.31513,MODIS-Aqua,46.1,Alta,D,,,
2026-04-20 15:00,6.73236,-70.30637,MODIS-Aqua,53.6,Alta,D,,,
2026-04-20 15:00,6.11557,-73.36228,MODIS-Aqua,37.4,Alta,D,,,
2026-04-20 15:00,6.20212,-69.56068,MODIS-Aqua,68.5,Alta,D,,,
2026-04-20 15:00,6.20341,-69.55173,MODIS-Aqua,74.2,Alta,D,,,
2026-04-20 15:00,5.95191,-71.07182,MODIS-Aqua,44.8,Alta,D,,,
2026-04-20 15:00,5.95321,-71.063,MODIS-Aqua,40.3,Alta,D,,,
2026-04-20 15:00,6.07207,-69.76332,MODIS-Aqua,76.5,Alta,D,,,
2026-04-20 15:00,5.82733,-70.60146,MODIS-Aqua,43.7,Nominal,D,,,
2026-04-20 15:00,5.84278,-70.13071,MODIS-Aqua,49.3,Nominal,D,,,
2026-04-20 15:00,5.83403,-70.12942,MODIS-Aqua,50.5,Nominal,D,,,
2026-04-20 15:00,5.82848,-69.52671,MODIS-Aqua,47.5,Alta,D,,,
2026-04-20 15:00,5.82977,-69.51777,MODIS-Aqua,51.1,Alta,D,,,
2026-04-20 15:00,5.63999,-70.74,MODIS-Aqua,43.2,Alta,D,,,
2026-04-20 15:00,5.7044,-70.24082,MODIS-Aqua,86.8,Alta,D,,,
2026-04-20 15:00,5.70568,-70.23209,MODIS-Aqua,58.1,Alta,D,,,
2026-04-20 15:00,5.21329,-72.37661,MODIS-Aqua,39.0,Alta,D,,,
2026-04-20 15:00,5.52651,-70.19314,MODIS-Aqua,44.5,Nominal,D,,,
2026-04-20 15:00,5.28224,-70.85607,MODIS-Aqua,48.2,Alta,D,,,
2026-04-20 15:00,5.30763,-70.42467,MODIS-Aqua,48.1,Nominal,D,,,
2026-04-20 15:00,5.27756,-70.44693,MODIS-Aqua,54.9,Alta,D,,,
2026-04-20 15:00,5.27884,-70.43821,MODIS-Aqua,52.3,Alta,D,,,
2026-04-20 15:00,5.26882,-70.44563,MODIS-Aqua,66.1,Alta,D,,,
2026-04-20 15:00,5.2701,-70.4369,MODIS-Aqua,63.6,Alta,D,,,
2026-04-20 15:00,5.60204,-67.94529,MODIS-Aqua,49.3,Alta,D,,,
2026-04-20 15:00,5.59118,-67.95412,MODIS-Aqua,51.9,Alta,D,,,
2026-04-20 15:00,5.58582,-67.94664,MODIS-Aqua,47.1,Nominal,D,,,
2026-04-20 15:00,5.14211,-70.79582,MODIS-Aqua,47.2,Alta,D,,,
2026-04-20 15:00,5.32394,-69.36987,MODIS-Aqua,46.5,Alta,D,,,
2026-04-20 15:00,5.07537,-70.17523,MODIS-Aqua,44.6,Alta,D,,,
2026-04-20 15:00,5.07665,-70.16651,MODIS-Aqua,57.5,Alta,D,,,
2026-04-20 15:00,4.98784,-70.52778,MODIS-Aqua,51.6,Alta,D,,,
2026-04-20 15:00,4.90983,-70.55508,MODIS-Aqua,45.7,Nominal,D,,,
2026-04-20 15:00,4.86,-70.77164,MODIS-Aqua,50.3,Alta,D,,,
2026-04-20 15:00,4.8613,-70.76285,MODIS-Aqua,49.5,Alta,D,,,
2026-04-20 15:00,4.86259,-70.75406,MODIS-Aqua,50.0,Alta,D,,,
2026-04-20 15:00,5.03441,-69.27274,MODIS-Aqua,55.4,Nominal,D,,,
2026-04-20 15:00,4.96473,-69.54669,MODIS-Aqua,43.1,Nominal,D,,,
2026-04-20 15:00,5.11588,-68.04987,MODIS-Aqua,48.0,Alta,D,,,
2026-04-20 15:00,5.11729,-68.03987,MODIS-Aqua,49.7,Alta,D,,,
2026-04-20 15:00,4.8141,-69.51877,MODIS-Aqua,46.7,Nominal,D,,,
2026-04-20 15:00,7.97776,-75.41621,MODIS-Aqua,41.9,Nominal,D,,,
2026-04-20 15:00,7.90677,-75.55781,MODIS-Aqua,42.9,Nominal,D,,,
2026-04-20 15:00,7.96699,-74.97772,MODIS-Aqua,66.4,Alta,D,,,
